{"createdBy":null,"specificulture":null,"themeName":"aaa","themeSystemName":"aaa","themeId":0,"posts":[],"pages":[{"mixPageContents":null,"displayName":"Page 1","description":null,"mixTenantId":1,"mixTenant":null,"id":1,"createdDateTime":"2021-11-28T07:06:31.3959538","lastModified":null,"createdBy":null,"modifiedBy":null,"priority":0,"status":"Published"},{"mixPageContents":null,"displayName":"Page 2","description":null,"mixTenantId":1,"mixTenant":null,"id":2,"createdDateTime":"2021-11-28T07:06:38.2900506","lastModified":null,"createdBy":null,"modifiedBy":null,"priority":0,"status":"Published"}],"modules":[],"mixDatabases":[{"type":"System","mixDatabaseColumns":null,"systemName":"sysUserData","displayName":"User Data","description":null,"mixTenantId":1,"mixTenant":null,"id":1,"createdDateTime":"2021-11-28T07:06:23.8618015","lastModified":null,"createdBy":null,"modifiedBy":null,"priority":0,"status":"Published"},{"type":"System","mixDatabaseColumns":null,"systemName":"sysCategory","displayName":"Category","description":null,"mixTenantId":1,"mixTenant":null,"id":2,"createdDateTime":"2021-11-29T14:01:45.4932682","lastModified":null,"createdBy":null,"modifiedBy":null,"priority":0,"status":"Published"}],"templates":[{"content":"<!DOCTYPE html>\r\n<html>\r\n<head>\r\n    <meta charset=\"utf-8\" />\r\n    @RenderSection(\"Seo\", false)     \r\n    <!--[STYLES]-->\r\n    @RenderSection(\"Styles\", false)    \r\n</head>\r\n\r\n<body>\r\n    <div class=\"wrapper\">\r\n        @RenderBody()                \r\n    </div>\r\n    <!--[SCRIPTS]-->\r\n    @RenderSection(\"Scripts\", false)\r\n</body>\r\n</html>","extension":".cshtml","fileFolder":"Views/Shared/Templates/[THEME_NAME]/Masters","fileName":"Layout","folderType":"Masters","scripts":"<script>\r\n\r\n</script>","styles":"<style>\r\n\r\n</style>","mixThemeName":"aaa","mixThemeId":1,"mixTheme":null,"id":1,"createdDateTime":"2021-11-28T11:06:40.0202858","lastModified":null,"createdBy":null,"modifiedBy":null,"priority":0,"status":"Published"},{"content":"Page: @Model.Title","extension":".cshtml","fileFolder":"Views/Shared/Templates/[THEME_NAME]/Pages","fileName":"Home","folderType":"Pages","scripts":"<script>\r\n\r\n</script>","styles":"<style>\r\n\r\n</style>","mixThemeName":"aaa","mixThemeId":1,"mixTheme":null,"id":2,"createdDateTime":"2021-11-28T11:07:16.4617948","lastModified":null,"createdBy":null,"modifiedBy":null,"priority":0,"status":"Published"}],"configurations":[],"languages":[],"mixDatabaseColumns":[{"systemName":"avatar","displayName":"Avatar","mixDatabaseName":"sysUserData","dataType":"Upload","configurations":"{\"IsEncrypt\":false,\"Upload\":{\"ArrayAccepts\":[],\"Accepts\":\"\",\"IsCrop\":false}}","referenceId":null,"defaultValue":null,"mixDatabaseId":1,"mixDatabase":null,"id":1,"createdDateTime":"2021-11-28T07:06:24.1563282","lastModified":null,"createdBy":null,"modifiedBy":null,"priority":1,"status":"Published"},{"systemName":"title","displayName":"Title","mixDatabaseName":"sysCategory","dataType":"Text","configurations":"{\"IsEncrypt\":false,\"Upload\":{\"ArrayAccepts\":[],\"Accepts\":\"\",\"IsCrop\":false}}","referenceId":null,"defaultValue":null,"mixDatabaseId":2,"mixDatabase":null,"id":2,"createdDateTime":"2021-11-29T14:01:45.6039595","lastModified":null,"createdBy":null,"modifiedBy":null,"priority":1,"status":"Published"},{"systemName":"description","displayName":"Description","mixDatabaseName":"sysCategory","dataType":"Text","configurations":"{\"IsEncrypt\":false,\"Upload\":{\"ArrayAccepts\":[],\"Accepts\":\"\",\"IsCrop\":false}}","referenceId":null,"defaultValue":null,"mixDatabaseId":2,"mixDatabase":null,"id":3,"createdDateTime":"2021-11-29T14:01:45.6804102","lastModified":null,"createdBy":null,"modifiedBy":null,"priority":2,"status":"Published"}],"postContents":[],"pageContents":[{"className":null,"pageSize":null,"type":"Home","mixPage":null,"mixPostContents":null,"mixModuleContents":null,"mixDatabaseName":null,"mixDataContentId":null,"mixDataContent":null,"title":"Page 1","excerpt":null,"content":null,"layoutId":1,"templateId":2,"image":null,"source":null,"seoDescription":null,"seoKeywords":null,"seoName":null,"seoTitle":null,"publishedDateTime":null,"specificulture":"en-us","parentId":1,"mixCultureId":1,"mixCulture":null,"id":1,"createdDateTime":"2021-11-28T07:06:31.3881414","lastModified":null,"createdBy":null,"modifiedBy":null,"priority":0,"status":"Published"},{"className":null,"pageSize":null,"type":"System","mixPage":null,"mixPostContents":null,"mixModuleContents":null,"mixDatabaseName":null,"mixDataContentId":null,"mixDataContent":null,"title":"Page 2","excerpt":null,"content":null,"layoutId":null,"templateId":null,"image":null,"source":null,"seoDescription":null,"seoKeywords":null,"seoName":null,"seoTitle":null,"publishedDateTime":null,"specificulture":"en-us","parentId":2,"mixCultureId":1,"mixCulture":null,"id":2,"createdDateTime":"2021-11-28T07:06:38.289811","lastModified":null,"createdBy":null,"modifiedBy":null,"priority":0,"status":"Published"}],"moduleContents":[],"configurationContents":[],"languageContents":[],"datas":[],"dataContents":[],"dataContentValues":[],"dataContentAssociations":[],"moduleDatas":[],"pagePosts":[],"pageModules":[],"modulePosts":[],"mixUrlAliases":[]}
