{"isValid":false,"invalidDatabaseNames":[],"errors":[],"createdBy":null,"specificulture":null,"themeName":"Default","themeSystemName":"default","themeId":0,"posts":[{"mixPostContents":null,"displayName":"post 2","description":null,"mixTenantId":1,"mixTenant":null,"id":1,"createdDateTime":"2023-05-05T03:11:30.7799295","lastModified":null,"createdBy":"tinku","modifiedBy":null,"priority":0,"status":"Published","isDeleted":false},{"mixPostContents":null,"displayName":"Welcome to Mixcore World!","description":"Lorem ipsum, or lipsum as it is sometimes known, is dummy text used in laying out print, graphic or web designs. The passage is attributed to an unknown typesetter in the 15th century who is thought to have scrambled parts of Cicero's De Finibus Bonorum et Malorum for use in a type specimen book.","mixTenantId":1,"mixTenant":null,"id":2,"createdDateTime":"2023-05-05T03:11:30.8471978","lastModified":null,"createdBy":"tinku","modifiedBy":null,"priority":0,"status":"Published","isDeleted":false},{"mixPostContents":null,"displayName":"The future of CMS from Mixcore","description":"Lorem Ipsum is simply dummy text of the printing and typesetting industry. Lorem Ipsum has been the industry's standard dummy text ever since the 1500s","mixTenantId":1,"mixTenant":null,"id":3,"createdDateTime":"2023-05-05T03:11:30.8482742","lastModified":null,"createdBy":"tinku","modifiedBy":null,"priority":0,"status":"Published","isDeleted":false}],"pages":[{"mixPageContents":null,"displayName":"Page 1","description":null,"mixTenantId":1,"mixTenant":null,"id":1,"createdDateTime":"2023-05-05T03:11:30.486356","lastModified":null,"createdBy":"tinku","modifiedBy":null,"priority":0,"status":"Published","isDeleted":false},{"mixPageContents":null,"displayName":"Page 2","description":null,"mixTenantId":1,"mixTenant":null,"id":2,"createdDateTime":"2023-05-05T03:11:30.5465478","lastModified":null,"createdBy":"tinku","modifiedBy":null,"priority":0,"status":"Published","isDeleted":false}],"modules":[{"type":"Content","mixModuleContents":null,"systemName":"productHighlight","displayName":"Product Highlight","description":null,"mixTenantId":1,"mixTenant":null,"id":1,"createdDateTime":"2023-05-05T03:11:30.2858072","lastModified":null,"createdBy":"tinku","modifiedBy":null,"priority":0,"status":"Published","isDeleted":false}],"mixDatabaseContexts":[],"mixDatabases":[{"systemName":"PortalMenu","displayName":"Portal Menu","description":null,"type":"Service","readPermissions":"[\"Owner\"]","createPermissions":null,"updatePermissions":null,"deletePermissions":null,"selfManaged":false,"mixDatabaseColumns":null,"sourceRelationships":null,"destinateRelationships":null,"id":1,"createdDateTime":"2023-05-05T03:11:23.885749","lastModified":null,"createdBy":"tinku","modifiedBy":"tinku","priority":0,"status":"Published","isDeleted":false},{"systemName":"sysUserData","displayName":"User Data","description":null,"type":"GuidAdditionalData","readPermissions":null,"createPermissions":null,"updatePermissions":null,"deletePermissions":null,"selfManaged":false,"mixDatabaseColumns":null,"sourceRelationships":null,"destinateRelationships":null,"id":2,"createdDateTime":"2023-05-05T03:11:24.2758666","lastModified":null,"createdBy":"tinku","modifiedBy":null,"priority":0,"status":"Published","isDeleted":false},{"systemName":"sysNavigation","displayName":"Navigation","description":null,"type":"System","readPermissions":null,"createPermissions":null,"updatePermissions":null,"deletePermissions":null,"selfManaged":false,"mixDatabaseColumns":null,"sourceRelationships":null,"destinateRelationships":null,"id":3,"createdDateTime":"2023-05-05T03:11:24.3018224","lastModified":null,"createdBy":"tinku","modifiedBy":null,"priority":0,"status":"Published","isDeleted":false},{"systemName":"sysMenuItem","displayName":"Menu Item","description":null,"type":"System","readPermissions":null,"createPermissions":null,"updatePermissions":null,"deletePermissions":null,"selfManaged":false,"mixDatabaseColumns":null,"sourceRelationships":null,"destinateRelationships":null,"id":4,"createdDateTime":"2023-05-05T03:11:24.3043546","lastModified":null,"createdBy":"tinku","modifiedBy":null,"priority":0,"status":"Published","isDeleted":false},{"systemName":"sysMedia","displayName":"Media","description":null,"type":"System","readPermissions":null,"createPermissions":null,"updatePermissions":null,"deletePermissions":null,"selfManaged":false,"mixDatabaseColumns":null,"sourceRelationships":null,"destinateRelationships":null,"id":5,"createdDateTime":"2023-05-05T03:11:24.3398912","lastModified":null,"createdBy":"tinku","modifiedBy":null,"priority":0,"status":"Published","isDeleted":false},{"systemName":"sysPermission","displayName":"Permission","description":null,"type":"System","readPermissions":null,"createPermissions":null,"updatePermissions":null,"deletePermissions":null,"selfManaged":false,"mixDatabaseColumns":null,"sourceRelationships":null,"destinateRelationships":null,"id":6,"createdDateTime":"2023-05-05T03:11:24.3495043","lastModified":null,"createdBy":"tinku","modifiedBy":null,"priority":0,"status":"Published","isDeleted":false},{"systemName":"sysPermissionEndpoint","displayName":"Permission Endpoint","description":null,"type":"System","readPermissions":null,"createPermissions":null,"updatePermissions":null,"deletePermissions":null,"selfManaged":false,"mixDatabaseColumns":null,"sourceRelationships":null,"destinateRelationships":null,"id":7,"createdDateTime":"2023-05-05T03:11:24.3587526","lastModified":null,"createdBy":"tinku","modifiedBy":null,"priority":0,"status":"Published","isDeleted":false},{"systemName":"sysUserPermission","displayName":"User Permission","description":null,"type":"Association","readPermissions":null,"createPermissions":null,"updatePermissions":null,"deletePermissions":null,"selfManaged":false,"mixDatabaseColumns":null,"sourceRelationships":null,"destinateRelationships":null,"id":8,"createdDateTime":"2023-05-05T03:11:24.3736973","lastModified":null,"createdBy":"tinku","modifiedBy":null,"priority":0,"status":"Published","isDeleted":false},{"systemName":"MixcoreCmsHelper","displayName":"Mixcore CMS Helper","description":null,"type":"System","readPermissions":"[]","createPermissions":null,"updatePermissions":null,"deletePermissions":null,"selfManaged":false,"mixDatabaseColumns":null,"sourceRelationships":null,"destinateRelationships":null,"id":9,"createdDateTime":"2023-05-05T03:11:24.3827986","lastModified":null,"createdBy":"tinku","modifiedBy":"tinku","priority":0,"status":"Published","isDeleted":false},{"systemName":"Metadata","displayName":"Metadata","description":null,"type":"Service","readPermissions":"[\"Owner\"]","createPermissions":"[\"Owner\"]","updatePermissions":"[\"Owner\"]","deletePermissions":"[\"Owner\"]","selfManaged":false,"mixDatabaseColumns":null,"sourceRelationships":null,"destinateRelationships":null,"id":10,"createdDateTime":"2023-05-05T03:11:24.3930481","lastModified":null,"createdBy":"tinku","modifiedBy":"tinku","priority":0,"status":"Published","isDeleted":false},{"systemName":"MetadataContentAssociation","displayName":"Metadata Content Association","description":null,"type":"Service","readPermissions":"[\"Owner\"]","createPermissions":"[\"Owner\"]","updatePermissions":"[\"Owner\"]","deletePermissions":"[\"Owner\"]","selfManaged":false,"mixDatabaseColumns":null,"sourceRelationships":null,"destinateRelationships":null,"id":11,"createdDateTime":"2023-05-05T03:11:24.408021","lastModified":null,"createdBy":"tinku","modifiedBy":"tinku","priority":0,"status":"Published","isDeleted":false},{"systemName":"ContactAddress","displayName":"Contact Address","description":null,"type":"Service","readPermissions":null,"createPermissions":null,"updatePermissions":null,"deletePermissions":null,"selfManaged":false,"mixDatabaseColumns":null,"sourceRelationships":null,"destinateRelationships":null,"id":12,"createdDateTime":"2023-05-05T03:11:24.435566","lastModified":null,"createdBy":"tinku","modifiedBy":"administrator","priority":0,"status":"Published","isDeleted":false},{"systemName":"MixDbEventSubscriber","displayName":"MixDb Event Subscriber","description":null,"type":"Service","readPermissions":"[]","createPermissions":"[]","updatePermissions":"[]","deletePermissions":"[]","selfManaged":false,"mixDatabaseColumns":null,"sourceRelationships":null,"destinateRelationships":null,"id":13,"createdDateTime":"2023-05-05T03:11:24.4634839","lastModified":null,"createdBy":"tinku","modifiedBy":"tinku","priority":0,"status":"Published","isDeleted":false}],"mixDatabaseRelationships":[{"parentId":1,"childId":1,"displayName":"children","sourceDatabaseName":"PortalMenu","destinateDatabaseName":"PortalMenu","type":"OneToMany","sourceDatabase":null,"destinateDatabase":null,"id":1,"createdDateTime":"2023-05-05T03:11:24.4786072","lastModified":null,"createdBy":"tinku","modifiedBy":null,"priority":1,"status":"Published","isDeleted":false},{"parentId":2,"childId":7,"displayName":"endpoints","sourceDatabaseName":"sysUserData","destinateDatabaseName":"sysPermissionEndpoint","type":"OneToMany","sourceDatabase":null,"destinateDatabase":null,"id":2,"createdDateTime":"2023-05-05T03:11:24.5789782","lastModified":null,"createdBy":"tinku","modifiedBy":null,"priority":1,"status":"Published","isDeleted":false},{"parentId":2,"childId":12,"displayName":"addresses","sourceDatabaseName":"sysUserData","destinateDatabaseName":"ContactAddress","type":"OneToMany","sourceDatabase":null,"destinateDatabase":null,"id":3,"createdDateTime":"2023-05-05T03:11:24.5817154","lastModified":null,"createdBy":"tinku","modifiedBy":null,"priority":2,"status":"Published","isDeleted":false},{"parentId":4,"childId":3,"displayName":"menuItems","sourceDatabaseName":"sysNavigation","destinateDatabaseName":"sysMenuItem","type":"OneToMany","sourceDatabase":null,"destinateDatabase":null,"id":4,"createdDateTime":"2023-05-05T03:11:24.5826669","lastModified":null,"createdBy":"tinku","modifiedBy":null,"priority":1,"status":"Published","isDeleted":false},{"parentId":4,"childId":4,"displayName":"menuItems","sourceDatabaseName":"sysMenuItem","destinateDatabaseName":"sysMenuItem","type":"OneToMany","sourceDatabase":null,"destinateDatabase":null,"id":5,"createdDateTime":"2023-05-05T03:11:24.5838661","lastModified":null,"createdBy":"tinku","modifiedBy":null,"priority":1,"status":"Published","isDeleted":false},{"parentId":6,"childId":7,"displayName":"endpoints","sourceDatabaseName":"sysPermission","destinateDatabaseName":"sysPermissionEndpoint","type":"OneToMany","sourceDatabase":null,"destinateDatabase":null,"id":6,"createdDateTime":"2023-05-05T03:11:24.5854422","lastModified":null,"createdBy":"tinku","modifiedBy":null,"priority":1,"status":"Published","isDeleted":false},{"parentId":10,"childId":10,"displayName":"Children","sourceDatabaseName":"Metadata","destinateDatabaseName":"Metadata","type":"OneToMany","sourceDatabase":null,"destinateDatabase":null,"id":7,"createdDateTime":"2023-05-05T03:11:24.5863747","lastModified":null,"createdBy":"tinku","modifiedBy":null,"priority":1,"status":"Published","isDeleted":false},{"parentId":10,"childId":11,"displayName":"Contents","sourceDatabaseName":"Metadata","destinateDatabaseName":"MetadataContentAssociation","type":"OneToMany","sourceDatabase":null,"destinateDatabase":null,"id":8,"createdDateTime":"2023-05-05T03:11:24.5877469","lastModified":null,"createdBy":"tinku","modifiedBy":null,"priority":2,"status":"Published","isDeleted":false}],"templates":[{"mixTenantId":1,"content":"@{ \r\n    string culture = ViewBag.culture;\r\n    string assetFolder = \"/MixContent/StaticFiles/[TENANT_NAME]/[THEME_NAME]\";\r\n}\r\n<!DOCTYPE html>\r\n<html lang=\"@ViewBag.culture\">\r\n\r\n<head>\r\n    <!-- Required meta tags -->\r\n    <meta charset=\"utf-8\">\r\n    <meta content='width=device-width, initial-scale=1.0, shrink-to-fit=no' name='viewport' />\r\n    <meta http-equiv=\"X-UA-Compatible\" content=\"IE=edge,chrome=1\" />\r\n    <title>\r\n        @ViewBag.Title\r\n    </title>\r\n<!-- \r\n    <link rel=\"stylesheet\" href=\"~/assets/css/shared.min.css\" />\r\n    <link rel=\"stylesheet\" href=\"~/assets/css/app-vendor.min.css\" /> -->\r\n    <base href=\"/@ViewBag.culture\">\r\n\r\n    <!-- CSS Files -->\r\n    <link href=\"@assetFolder/css/material-kit.css?v=2.0.4\" rel=\"stylesheet\" />\r\n\r\n    <!-- Fonts and icons -->\r\n    <link rel=\"stylesheet\" type=\"text/css\" href=\"https://fonts.googleapis.com/css?family=Roboto:300,400,500,700|Roboto+Slab:400,700|Material+Icons\" />\r\n    <link rel=\"stylesheet\" href=\"https://maxcdn.bootstrapcdn.com/font-awesome/latest/css/font-awesome.min.css\">\r\n    \r\n    <link rel=\"stylesheet\" href=\"https://cdn.quilljs.com/1.3.6/quill.snow.css\">\r\n    \r\n    @RenderSection(\"Schema\", false)     \r\n    \r\n    @RenderSection(\"Seo\", false)     \r\n    <!--[STYLES]-->\r\n    @RenderSection(\"Styles\", false)    \r\n    \r\n    <script src=\"@assetFolder/js/core/jquery.min.js\" type=\"text/javascript\"></script>\r\n</head>\r\n\r\n<body class=\"@ViewData[\"PageClass\"] sidebar-collapse\" ng-app=\"MixClient\" ng-controller=\"AppClientController\" ng-init=\"init('@ViewBag.culture')\">    \r\n    \r\n    @RenderBody()   \r\n\r\n    <partial name=\"../Widgets/SubscribeModal.cshtml\"/>\r\n    <partial name=\"../Widgets/ContactUsModal.cshtml\"/>\r\n\r\n\r\n    <!--   Core JS Files   -->\r\n    <script src=\"@assetFolder/js/core/popper.min.js\" type=\"text/javascript\"></script>\r\n    <script src=\"@assetFolder/js/core/bootstrap-material-design.min.js\" type=\"text/javascript\"></script>\r\n    <script src=\"@assetFolder/js/plugins/moment.min.js\"></script>\r\n    <!--\tPlugin for the Datepicker, full documentation here: https://github.com/Eonasdan/bootstrap-datetimepicker -->\r\n    <script src=\"@assetFolder/js/plugins/bootstrap-datetimepicker.js\" type=\"text/javascript\"></script>\r\n    <!--  Plugin for the Sliders, full documentation here: http://refreshless.com/nouislider/ -->\r\n    <script src=\"@assetFolder/js/plugins/nouislider.min.js\" type=\"text/javascript\"></script>\r\n    <!--  Google Maps Plugin  -->\r\n    <script type=\"text/javascript\" src=\"https://maps.googleapis.com/maps/api/js?key=YOUR_KEY_HERE\"></script>\r\n    <!-- Place this tag in your head or just before your close body tag. -->\r\n    <script async defer src=\"https://buttons.github.io/buttons.js\"></script>\r\n    <!-- Control Center for Material Kit: parallax effects, scripts for the example pages etc -->\r\n    <script src=\"@assetFolder/js/material-kit.js?v=2.0.4\" type=\"text/javascript\"></script>\r\n\r\n    @RenderSection(\"Scripts\", false)\r\n\r\n</body>\r\n</html>","extension":".cshtml","fileFolder":"MixContent/Templates/[TENANT_NAME]/[THEME_NAME]/Masters","fileName":"Layout","folderType":"Masters","scripts":"<script>\r\n\r\n</script>","styles":"<style>\r\n\r\n</style>","mixThemeName":"default","mixThemeId":1,"mixTheme":null,"id":1,"createdDateTime":"2023-05-05T03:11:29.9968457","lastModified":null,"createdBy":"tinku","modifiedBy":null,"priority":0,"status":"Published","isDeleted":false},{"mixTenantId":1,"content":"@{\r\n    var highlighMdl = Model.GetModule(\"productHighlight\");\r\n    var ourTeamMdl = Model.GetModule(\"ourTeam\");\r\n    var contactUsMdl = Model.GetModule(\"workWithUs\");\r\n    var latestBlogPost = Model.GetModule(\"latestBlogPosts\");\r\n\r\n}\r\n\r\n<partial name=\"../Layouts/MainNavigation.cshtml\"/>\r\n<partial name=\"../Widgets/PageHeroBanner.cshtml\"/>\r\n  \r\n<div class=\"main main-raised\">\r\n    <div class=\"section section-basic\">\r\n        <div class=\"container\">\r\n            @if(highlighMdl != null){\r\n                <partial name=\"@highlighMdl.Template.FilePath\" model=\"highlighMdl\"/>\r\n            }\r\n            @if(ourTeamMdl != null){\r\n                <partial name=\"@ourTeamMdl.Template.FilePath\" model=\"ourTeamMdl\"/>\r\n            }\r\n            @if(contactUsMdl != null){\r\n                <partial name=\"@contactUsMdl.Template.FilePath\" model=\"contactUsMdl\"/>\r\n            }\r\n            <!-- @Html.Raw(Model.Content) -->\r\n        </div>\r\n    </div>\r\n</div>\r\n\r\n<partial name=\"../Widgets/LatestBlogPosts.cshtml\" model=\"latestBlogPost\"/>\r\n<partial name=\"../Layouts/Footer.cshtml\"/>","extension":".cshtml","fileFolder":"MixContent/Templates/[TENANT_NAME]/[THEME_NAME]/Pages","fileName":"Home","folderType":"Pages","scripts":"<script>\r\n\r\n</script>","styles":"<style>\r\n\r\n</style>","mixThemeName":"default","mixThemeId":1,"mixTheme":null,"id":2,"createdDateTime":"2023-05-05T03:11:30.2809554","lastModified":null,"createdBy":"tinku","modifiedBy":null,"priority":0,"status":"Published","isDeleted":false},{"mixTenantId":1,"content":"Page Blog: @Model.Title","extension":".cshtml","fileFolder":"MixContent/Templates/[TENANT_NAME]/[THEME_NAME]/Pages","fileName":"Blog","folderType":"Pages","scripts":"<script>\r\n\r\n</script>","styles":"<style>\r\n\r\n</style>","mixThemeName":"default","mixThemeId":1,"mixTheme":null,"id":3,"createdDateTime":"2023-05-05T03:11:30.2814627","lastModified":null,"createdBy":"tinku","modifiedBy":null,"priority":0,"status":"Published","isDeleted":false},{"mixTenantId":1,"content":"<div class=\"section text-center\">\r\n    <div class=\"row\">\r\n        <div class=\"col-md-8 ml-auto mr-auto\">\r\n        <h2 class=\"title\">Let's talk product</h2>\r\n        <h5 class=\"description\">This is the paragraph where you can write more details about your product. Keep you user engaged by providing meaningful information. Remember that by this time, the user is curious, otherwise he wouldn&apos;t scroll to get here. Add a button if you want the user to see more.</h5>\r\n        </div>\r\n    </div>\r\n    <div class=\"features\">\r\n        <div class=\"row\">\r\n        @foreach(var item in Model.Data.Items){\r\n            <!-- <p>@item.Property(\"address\")</p> -->\r\n            \r\n            <div class=\"col-md-4\">\r\n                <div class=\"info\">\r\n                <div class=\"icon @item.Property(\"iconColor\")\">\r\n                    <i class=\"material-icons\">@item.Property(\"materialIcons\")</i>\r\n                </div>\r\n                <h4 class=\"info-title\">@item.Property(\"title\")</h4>\r\n                <p>@item.Property(\"description\")</p>\r\n                </div>\r\n            </div>\r\n        }\r\n        </div>\r\n    </div>\r\n</div>","extension":".cshtml","fileFolder":"MixContent/Templates/[TENANT_NAME]/[THEME_NAME]/Modules","fileName":"ProductHighlight","folderType":"Modules","scripts":"<script>\r\n\r\n</script>","styles":"<style>\r\n\r\n</style>","mixThemeName":"default","mixThemeId":1,"mixTheme":null,"id":4,"createdDateTime":"2023-05-05T03:11:30.2817359","lastModified":null,"createdBy":"tinku","modifiedBy":null,"priority":0,"status":"Published","isDeleted":false},{"mixTenantId":1,"content":"@inject MixNavigationService navService\r\n@{\r\n    string culture = ViewData[\"culture\"] as string;\r\n}\r\n\r\n<nav class=\"navbar navbar-transparent navbar-color-on-scroll fixed-top navbar-expand-lg\" color-on-scroll=\"100\" id=\"sectionsNav\">\r\n    <div class=\"container\">\r\n      <div class=\"navbar-translate\">\r\n        <a class=\"navbar-brand\" href=\"/\">\r\n          Mixcore Material Kit </a>\r\n        <button class=\"navbar-toggler\" type=\"button\" data-toggle=\"collapse\" aria-expanded=\"false\" aria-label=\"Toggle navigation\">\r\n          <span class=\"sr-only\">Toggle navigation</span>\r\n          <span class=\"navbar-toggler-icon\"></span>\r\n          <span class=\"navbar-toggler-icon\"></span>\r\n          <span class=\"navbar-toggler-icon\"></span>\r\n        </button>\r\n      </div>\r\n      <div class=\"collapse navbar-collapse\">\r\n        <ul class=\"navbar-nav ml-auto\">\r\n          <li class=\"nav-item\">\r\n            <a class=\"nav-link\" rel=\"tooltip\" title=\"\" data-placement=\"bottom\" href=\"https://github.com/mixcore/mix.core\" target=\"_blank\" data-original-title=\"Follow us on Github\" rel=\"nofollow\">\r\n              <i class=\"fa fa-github\"></i>\r\n            </a>\r\n          </li>\r\n          <li class=\"nav-item\">\r\n            <a class=\"nav-link\" rel=\"tooltip\" title=\"\" data-placement=\"bottom\" href=\"https://fb.com/mixcore.org\" target=\"_blank\" data-original-title=\"Like us on Facebook\" rel=\"nofollow\">\r\n              <i class=\"fa fa-facebook-square\"></i>\r\n            </a>\r\n          </li>\r\n          <li class=\"nav-item\">\r\n            <a class=\"nav-link\" rel=\"tooltip\" title=\"\" data-placement=\"bottom\" href=\"https://www.youtube.com/channel/UChqzh6JnC8HBUSQ9AWIcZAw\" target=\"_blank\" data-original-title=\"Follow us on Youtube\" rel=\"nofollow\">\r\n              <i class=\"fa fa-youtube\"></i>\r\n            </a>\r\n          </li>\r\n        </ul>\r\n      </div>\r\n    </div>\r\n  </nav>","extension":".cshtml","fileFolder":"MixContent/Templates/[TENANT_NAME]/[THEME_NAME]/Layouts","fileName":"MainNavigation","folderType":"Layouts","scripts":"<script>\r\n\r\n</script>","styles":"<style>\r\n\r\n</style>","mixThemeName":"default","mixThemeId":1,"mixTheme":null,"id":5,"createdDateTime":"2023-05-05T03:11:30.2819521","lastModified":null,"createdBy":"tinku","modifiedBy":null,"priority":0,"status":"Published","isDeleted":false},{"mixTenantId":1,"content":"@inject MixCmsContext context\r\n@inject MixCacheService cacheService\r\n@inject IMixCmsService cmsService\r\n@{\r\n  var postRepo = PostContentViewModel.GetRootRepository(context, cacheService);\r\n   var posts = await postRepo.GetPagingAsync(m=> m.MixTenantId == cmsService.GetCurrentTenant().Id, new PagingModel()\r\n    {\r\n        SortBy = \"CreatedDateTime\",\r\n        SortDirection = SortDirection.Desc,\r\n        PageSize = 3,\r\n        PageIndex = 0\r\n    });\r\n\r\n}\r\n<div class=\"section\">\r\n    <div class=\"container\">\r\n      <div class=\"row\">\r\n        <div class=\"col-md-12\">\r\n          <h2 class=\"title text-center\">Latest Blog Posts</h2>\r\n          <br>\r\n          <div class=\"row\">\r\n            <!-- @@foreach(var item in Model.Posts.Items.Take(4)){ -->\r\n            @foreach(var item in posts.Items){\r\n            <div class=\"col-md-4\">\r\n              <div class=\"card card-blog\">\r\n                <div class=\"card-header card-header-image\">\r\n                  <a href=\"/post/@item.Id/@(item.SeoName)\">\r\n                    <img class=\"img img-raised\" src=\"@item.Image\">\r\n                  </a>\r\n                </div>\r\n                <div class=\"card-body\">\r\n                  <h6 class=\"category text-info\">\r\n                        @*@foreach(var cat in item.ListCategory){\r\n                          @cat\r\n                        }*@\r\n                    </h6>  \r\n                  <h4 class=\"card-title\">\r\n                    <a href=\"/post/@item.Id/@(item.SeoName)\">@item.Title</a> \r\n                  </h4>\r\n                  <p class=\"card-description\">\r\n                    @if (!string.IsNullOrEmpty(item.Excerpt))\r\n                      @(item.Excerpt.Length > 160 ? item.Excerpt.Substring(0,160) + \"...\" : item.Excerpt)\r\n                      <a href=\"/post/@item.Id/@(item.SeoName)\"> Read More </a>\r\n                    \r\n                  </p>\r\n                </div>\r\n              </div>\r\n            </div>\r\n            }\r\n          </div>\r\n          \r\n        </div>\r\n      </div>\r\n    </div>\r\n  </div>","extension":".cshtml","fileFolder":"MixContent/Templates/[TENANT_NAME]/[THEME_NAME]/Widgets","fileName":"LatestBlogPosts","folderType":"Widgets","scripts":"<script>\r\n\r\n</script>","styles":"<style>\r\n\r\n</style>","mixThemeName":"default","mixThemeId":1,"mixTheme":null,"id":6,"createdDateTime":"2023-05-05T03:11:30.2821883","lastModified":null,"createdBy":"tinku","modifiedBy":null,"priority":0,"status":"Published","isDeleted":false},{"mixTenantId":1,"content":"@{ \r\n  string bgUrl = Model.Image;\r\n  string h1Text = Model.Property<string>(\"bannerH1Text\");\r\n  string description = Model.Property<string>(\"bannerDescription\");\r\n  string ctaText = Model.Property<string>(\"bannerCtaText\"); \r\n  string ico = Model.Property<string>(\"bannerCtaIcon\"); \r\n  string ctaUrl = Model.Property<string>(\"bannerCtaUrl\"); \r\n}\r\n<div class=\"page-header header-filter\" data-parallax=\"true\" style=\"background-image: url('@bgUrl')\">\r\n    <div class=\"container\">\r\n      <div class=\"row\">\r\n        <div class=\"col-md-6\">\r\n          <h1 class=\"title\">@h1Text</h1>\r\n          <h4>@description</h4>\r\n          <br>\r\n          <a href=\"@ctaUrl\" target=\"_blank\" class=\"btn btn-danger btn-raised btn-lg\">\r\n            <i class=\"@ico\"></i> @ctaText \r\n          </a>\r\n        </div>\r\n      </div>\r\n    </div>\r\n  </div>","extension":".cshtml","fileFolder":"MixContent/Templates/[TENANT_NAME]/[THEME_NAME]/Widgets","fileName":"PageHeroBanner","folderType":"Widgets","scripts":"<script>\r\n\r\n</script>","styles":"<style>\r\n\r\n</style>","mixThemeName":"default","mixThemeId":1,"mixTheme":null,"id":7,"createdDateTime":"2023-05-05T03:11:30.2824228","lastModified":null,"createdBy":"tinku","modifiedBy":null,"priority":0,"status":"Published","isDeleted":false},{"mixTenantId":1,"content":"<footer class=\"footer footer-default\" >\r\n  <div class=\"container\">\r\n    <nav class=\"float-left\">\r\n      <ul>\r\n        <li class=\"py-1\">\r\n          <span class=\"small\">Powered by</small> <a class=\"d-inline p-0\" href=\"https://mixcore.org/\"> Mixcore</a>\r\n        </li>\r\n      </ul>\r\n    </nav>\r\n    <div class=\"copyright float-right\">\r\n        &copy;\r\n        <script>\r\n            document.write(new Date().getFullYear())\r\n        </script>, made with <i class=\"material-icons\">favorite</i> by\r\n        <a href=\"https://mixcore.studio/\" target=\"blank\">Mixcore Studio</a> & <a href=\"https://www.creative-tim.com/\" target=\"blank\" rel=\"noreferrer noopener\">Creative Tim</a> for a better web.\r\n    </div>\r\n  </div>\r\n</footer>","extension":".cshtml","fileFolder":"MixContent/Templates/[TENANT_NAME]/[THEME_NAME]/Layouts","fileName":"Footer","folderType":"Layouts","scripts":"<script>\r\n\r\n</script>","styles":"<style>\r\n\r\n</style>","mixThemeName":"default","mixThemeId":1,"mixTheme":null,"id":8,"createdDateTime":"2023-05-05T03:11:30.2826748","lastModified":null,"createdBy":"tinku","modifiedBy":null,"priority":0,"status":"Published","isDeleted":false},{"mixTenantId":1,"content":"@using Mix.Lib.Services\r\n\r\n@inject MixConfigurationService configService\r\n\r\n<script type=\"application/ld+json\">\r\n{\r\n  \"@@context\": \"https://schema.org\",\r\n  \"@@type\": \"NewsArticle\",\r\n  \"headline\": \"@Model.Title\",\r\n  \"image\": [\r\n    \"@Model.Image\"\r\n    ],\r\n  \"datePublished\": \"@Model.CreatedDateTime\",\r\n  \"dateModified\": \"@Model.LastModified\",\r\n  \"author\" : \"@Model.CreatedBy\",\r\n  \"publisher\" : {\r\n         \"@@type\": \"Organization\",\r\n         \"name\": \"@(configService.GetConfig(\"SiteName\", ViewBag.culture))\",\r\n         \"logo\": {\r\n            \"@@type\": \"ImageObject\",\r\n            \"url\":\"https://mixcore.org/assets/img/mixcore-logo-green.png\"\r\n         }\r\n      },\r\n  \"mainEntityOfPage\" : {\r\n         \"@@type\": \"WebPage\",\r\n         \"@@id\": \"@Model.DetailUrl\"\r\n      }\r\n}\r\n</script>\r\n\r\n<div class=\"profile-page\">\r\n  <partial name=\"../Layouts/MainNavigation.cshtml\"/>\r\n  <partial name=\"../Widgets/PostHeroBanner.cshtml\"/>\r\n\r\n  <div class=\"main main-raised\">\r\n      <div class=\"section text-center\">\r\n          <div class=\"row\">\r\n            <div class=\"col-md-8 ml-auto mr-auto\">\r\n              <h1 class=\"title\">@Model.Title</h1>\r\n              <h2 class=\"description\">@Model.Excerpt</h2>\r\n            </div>\r\n          </div>\r\n      </div>\r\n      <div class=\"section section-basic\">\r\n        <div class=\"container ql-editor\">\r\n            @Html.Raw(Model.Content)\r\n        </div>\r\n      </div>\r\n      \r\n      <partial name=\"../Widgets/BlogInfo.cshtml\"/>\r\n  </div>\r\n\r\n\r\n  <partial name=\"../Widgets/LatestBlogPosts.cshtml\"/>\r\n  <partial name=\"../Layouts/Footer.cshtml\"/>\r\n</div>","extension":".cshtml","fileFolder":"MixContent/Templates/[TENANT_NAME]/[THEME_NAME]/Posts","fileName":"Post","folderType":"Posts","scripts":"<script>\r\n\r\n</script>","styles":"<style>\r\n\r\n</style>","mixThemeName":"default","mixThemeId":1,"mixTheme":null,"id":9,"createdDateTime":"2023-05-05T03:11:30.2829691","lastModified":null,"createdBy":"tinku","modifiedBy":null,"priority":0,"status":"Published","isDeleted":false},{"mixTenantId":1,"content":"<div class=\"section section-blog-info\">\r\n    <div class=\"row\">\r\n        <div class=\"col-md-8 ml-auto mr-auto\">\r\n        <div class=\"row\">\r\n            <div class=\"col-md-6\">\r\n            <div class=\"container blog-tags\">\r\n                Tags:\r\n                @*<partial name=\"PostTags.cshtml\" model=\"Model.ListTag\"/>*@\r\n            </div>\r\n            </div>\r\n            <div class=\"col-md-6\">\r\n            <!-- <a href=\"#pablo\" class=\"btn btn-google btn-round float-right\">\r\n                <i class=\"fa fa-google\"></i> 232\r\n            </a>\r\n            <a href=\"#pablo\" class=\"btn btn-twitter btn-round float-right\">\r\n                <i class=\"fa fa-twitter\"></i> 910\r\n            </a>\r\n            <a href=\"#pablo\" class=\"btn btn-facebook btn-round float-right\">\r\n                <i class=\"fa fa-facebook-square\"></i> 872\r\n            </a> -->\r\n            </div>\r\n        </div>\r\n        <hr>\r\n        <div class=\"container card card-profile card-plain\">\r\n            <div class=\"row\">\r\n            <div class=\"col-md-2\">\r\n                <div class=\"card-avatar\">\r\n                <a href=\"#pablo\">\r\n                    <img src=\"/mix-app/assets/img/user.png\" class=\"img img-raised rounded-circle img-fluid\" width=\"200\"/>\r\n                </a>\r\n                <div class=\"ripple-container\"></div>\r\n                </div>\r\n            </div>\r\n            <div class=\"col-md-8\">\r\n                <h4 class=\"card-title\">@Model.CreatedBy - Published on @Model.CreatedDateTime</h4>\r\n                <p class=\"description\">I've been trying to figure out the bed design for the master bedroom at our Hidden Hills compound...I like good music from Youtube.</p>\r\n            </div>\r\n            <!-- <div class=\"col-md-2\">\r\n                <button type=\"button\" class=\"btn btn-default pull-right btn-round\">Follow</button>\r\n            </div> --> \r\n            </div>\r\n        </div>\r\n        </div>\r\n    </div>\r\n    </div>","extension":".cshtml","fileFolder":"MixContent/Templates/[TENANT_NAME]/[THEME_NAME]/Widgets","fileName":"BlogInfo","folderType":"Widgets","scripts":"<script>\r\n\r\n</script>","styles":"<style>\r\n\r\n</style>","mixThemeName":"default","mixThemeId":1,"mixTheme":null,"id":10,"createdDateTime":"2023-05-05T03:11:30.2832082","lastModified":null,"createdBy":"tinku","modifiedBy":null,"priority":0,"status":"Published","isDeleted":false},{"mixTenantId":1,"content":"@{ \r\n  string bgUrl = Model.Image;\r\n}\r\n\r\n<div class=\"page-header header-filter\" data-parallax=\"true\" style=\"background-image: url('@bgUrl');\"></div>","extension":".cshtml","fileFolder":"MixContent/Templates/[TENANT_NAME]/[THEME_NAME]/Widgets","fileName":"PostHeroBanner","folderType":"Widgets","scripts":"<script>\r\n\r\n</script>","styles":"<style>\r\n\r\n</style>","mixThemeName":"default","mixThemeId":1,"mixTheme":null,"id":11,"createdDateTime":"2023-05-05T03:11:30.2834489","lastModified":null,"createdBy":"tinku","modifiedBy":null,"priority":0,"status":"Published","isDeleted":false},{"mixTenantId":1,"content":"<!-- Modal -->\r\n<div class=\"modal fade\" id=\"contactUsModal\" tabindex=\"-1\" role=\"dialog\" aria-labelledby=\"contactUsModalLabel\" aria-hidden=\"true\">\r\n    <div class=\"modal-dialog\" role=\"document\">\r\n        <div class=\"modal-content\">\r\n        <div class=\"modal-header\">\r\n            <h5 class=\"modal-title\" id=\"contactUsModalLabel\">Contact Us submitted result</h5>\r\n            <button type=\"button\" class=\"close\" data-dismiss=\"modal\" aria-label=\"Close\">\r\n            <span aria-hidden=\"true\">&times;</span>\r\n            </button>\r\n        </div>\r\n        <div class=\"modal-body\">\r\n            Thanks for subscribing! We will keep you posted.\r\n        </div>\r\n        <div class=\"modal-footer\">\r\n            <button type=\"button\" class=\"btn btn-secondary\" data-dismiss=\"modal\">Close</button>\r\n        </div>\r\n        </div>\r\n    </div>\r\n</div>","extension":".cshtml","fileFolder":"MixContent/Templates/[TENANT_NAME]/[THEME_NAME]/Widgets","fileName":"ContactUsModal","folderType":"Widgets","scripts":"<script>\r\n\r\n</script>","styles":"<style>\r\n\r\n</style>","mixThemeName":"default","mixThemeId":1,"mixTheme":null,"id":12,"createdDateTime":"2023-05-05T03:11:30.2836627","lastModified":null,"createdBy":"tinku","modifiedBy":null,"priority":0,"status":"Published","isDeleted":false},{"mixTenantId":1,"content":"<!-- Modal -->\r\n<div class=\"modal fade\" id=\"subscribeModal\" tabindex=\"-1\" role=\"dialog\" aria-labelledby=\"subscribeModalLabel\" aria-hidden=\"true\">\r\n    <div class=\"modal-dialog\" role=\"document\">\r\n        <div class=\"modal-content\">\r\n        <div class=\"modal-header\">\r\n            <h5 class=\"modal-title\" id=\"subscribeModalLabel\">Subscribe submitted result</h5>\r\n            <button type=\"button\" class=\"close\" data-dismiss=\"modal\" aria-label=\"Close\">\r\n            <span aria-hidden=\"true\">&times;</span>\r\n            </button>\r\n        </div>\r\n        <div class=\"modal-body\">\r\n            Thanks for subscribing! We will keep you posted.\r\n        </div>\r\n        <div class=\"modal-footer\">\r\n            <button type=\"button\" class=\"btn btn-secondary\" data-dismiss=\"modal\">Close</button>\r\n        </div>\r\n        </div>\r\n    </div>\r\n</div>","extension":".cshtml","fileFolder":"MixContent/Templates/[TENANT_NAME]/[THEME_NAME]/Widgets","fileName":"SubscribeModal","folderType":"Widgets","scripts":"<script>\r\n\r\n</script>","styles":"<style>\r\n\r\n</style>","mixThemeName":"default","mixThemeId":1,"mixTheme":null,"id":13,"createdDateTime":"2023-05-05T03:11:30.2839119","lastModified":null,"createdBy":"tinku","modifiedBy":null,"priority":0,"status":"Published","isDeleted":false}],"configurations":[],"languages":[],"mixDatabaseColumns":[{"systemName":"title","displayName":"Title","mixDatabaseName":"PortalMenu","dataType":"Text","configurations":{"IsUnique":false,"IsRequire":false,"IsEncrypt":false,"IsSelect":false,"Upload":{"ArrayAccepts":[],"Accepts":"","IsCrop":false}},"referenceId":null,"defaultValue":null,"mixDatabaseId":1,"mixDatabase":null,"id":1,"createdDateTime":"2023-05-05T03:11:24.0930452","lastModified":null,"createdBy":"tinku","modifiedBy":null,"priority":1,"status":"Published","isDeleted":false},{"systemName":"icon","displayName":"Icon","mixDatabaseName":"PortalMenu","dataType":"Icon","configurations":{"IsUnique":false,"IsRequire":false,"IsEncrypt":false,"IsSelect":false,"Upload":{"ArrayAccepts":[],"Accepts":"","IsCrop":false}},"referenceId":null,"defaultValue":null,"mixDatabaseId":1,"mixDatabase":null,"id":2,"createdDateTime":"2023-05-05T03:11:24.2576827","lastModified":null,"createdBy":"tinku","modifiedBy":null,"priority":3,"status":"Published","isDeleted":false},{"systemName":"path","displayName":"Path","mixDatabaseName":"PortalMenu","dataType":"Text","configurations":{"IsUnique":false,"IsRequire":false,"IsEncrypt":false,"IsSelect":false,"Upload":{"ArrayAccepts":[],"Accepts":"","IsCrop":false}},"referenceId":null,"defaultValue":null,"mixDatabaseId":1,"mixDatabase":null,"id":3,"createdDateTime":"2023-05-05T03:11:24.2620657","lastModified":null,"createdBy":"tinku","modifiedBy":null,"priority":4,"status":"Published","isDeleted":false},{"systemName":"role","displayName":"Role","mixDatabaseName":"PortalMenu","dataType":"Text","configurations":{"IsRequire":false,"IsEncrypt":false,"Upload":{"ArrayAccepts":[],"Accepts":"","IsCrop":false}},"referenceId":null,"defaultValue":"Administrators","mixDatabaseId":1,"mixDatabase":null,"id":4,"createdDateTime":"2023-05-05T03:11:24.2680626","lastModified":null,"createdBy":"tinku","modifiedBy":null,"priority":5,"status":"Published","isDeleted":false},{"systemName":"PortalMenuId","displayName":"PortalMenuId","mixDatabaseName":"PortalMenu","dataType":"Reference","configurations":{"IsUnique":false,"IsRequire":false,"IsEncrypt":false,"IsSelect":false,"Upload":{"ArrayAccepts":[],"Accepts":"","IsCrop":false}},"referenceId":null,"defaultValue":null,"mixDatabaseId":1,"mixDatabase":null,"id":5,"createdDateTime":"2023-05-05T03:11:24.2721044","lastModified":null,"createdBy":"tinku","modifiedBy":null,"priority":0,"status":"Published","isDeleted":false},{"systemName":"svg","displayName":"Svg","mixDatabaseName":"PortalMenu","dataType":"Text","configurations":{"IsUnique":false,"IsRequire":false,"IsEncrypt":false,"IsSelect":false,"Upload":{"ArrayAccepts":[],"Accepts":"","IsCrop":false}},"referenceId":null,"defaultValue":null,"mixDatabaseId":1,"mixDatabase":null,"id":6,"createdDateTime":"2023-05-05T03:11:24.2742747","lastModified":null,"createdBy":"tinku","modifiedBy":null,"priority":2,"status":"Published","isDeleted":false},{"systemName":"avatar","displayName":"Avatar","mixDatabaseName":"sysUserData","dataType":"Upload","configurations":{"IsUnique":false,"IsRequire":false,"IsEncrypt":false,"IsSelect":false,"Upload":{"ArrayAccepts":[],"Accepts":"","IsCrop":false}},"referenceId":null,"defaultValue":null,"mixDatabaseId":2,"mixDatabase":null,"id":7,"createdDateTime":"2023-05-05T03:11:24.2887666","lastModified":null,"createdBy":"tinku","modifiedBy":null,"priority":1,"status":"Published","isDeleted":false},{"systemName":"parentId","displayName":"Parent Id","mixDatabaseName":"sysUserData","dataType":"Reference","configurations":{"IsUnique":false,"IsRequire":false,"IsEncrypt":false,"IsSelect":false,"Upload":{"ArrayAccepts":[],"Accepts":"","IsCrop":false}},"referenceId":null,"defaultValue":null,"mixDatabaseId":2,"mixDatabase":null,"id":8,"createdDateTime":"2023-05-05T03:11:24.2914769","lastModified":null,"createdBy":"tinku","modifiedBy":null,"priority":0,"status":"Published","isDeleted":false},{"systemName":"parentType","displayName":"Parent Type","mixDatabaseName":"sysUserData","dataType":"Text","configurations":{"IsRequire":false,"IsEncrypt":false,"Upload":{"ArrayAccepts":[],"Accepts":"","IsCrop":false}},"referenceId":null,"defaultValue":"User","mixDatabaseId":2,"mixDatabase":null,"id":9,"createdDateTime":"2023-05-05T03:11:24.2935492","lastModified":null,"createdBy":"tinku","modifiedBy":null,"priority":0,"status":"Published","isDeleted":false},{"systemName":"phoneNumber","displayName":"Phone Number","mixDatabaseName":"sysUserData","dataType":"Text","configurations":{"IsUnique":false,"IsRequire":false,"IsEncrypt":false,"IsSelect":false,"Upload":{"ArrayAccepts":[],"Accepts":"","IsCrop":false}},"referenceId":null,"defaultValue":null,"mixDatabaseId":2,"mixDatabase":null,"id":10,"createdDateTime":"2023-05-05T03:11:24.2954911","lastModified":null,"createdBy":"tinku","modifiedBy":null,"priority":4,"status":"Published","isDeleted":false},{"systemName":"fullname","displayName":"Fullname","mixDatabaseName":"sysUserData","dataType":"Text","configurations":{"IsUnique":false,"IsRequire":false,"IsEncrypt":false,"IsSelect":false,"Upload":{"ArrayAccepts":[],"Accepts":"","IsCrop":false}},"referenceId":null,"defaultValue":null,"mixDatabaseId":2,"mixDatabase":null,"id":11,"createdDateTime":"2023-05-05T03:11:24.2970217","lastModified":null,"createdBy":"tinku","modifiedBy":null,"priority":5,"status":"Published","isDeleted":false},{"systemName":"email","displayName":"Email","mixDatabaseName":"sysUserData","dataType":"Text","configurations":{"IsUnique":false,"IsRequire":false,"IsEncrypt":false,"IsSelect":false,"Upload":{"ArrayAccepts":[],"Accepts":"","IsCrop":false}},"referenceId":null,"defaultValue":null,"mixDatabaseId":2,"mixDatabase":null,"id":12,"createdDateTime":"2023-05-05T03:11:24.2999907","lastModified":null,"createdBy":"tinku","modifiedBy":null,"priority":6,"status":"Published","isDeleted":false},{"systemName":"dateOfBirth","displayName":"Date Of Birth","mixDatabaseName":"sysUserData","dataType":"DateTime","configurations":{"IsUnique":false,"IsRequire":false,"IsEncrypt":false,"IsSelect":false,"Upload":{"ArrayAccepts":[],"Accepts":"","IsCrop":false}},"referenceId":null,"defaultValue":null,"mixDatabaseId":2,"mixDatabase":null,"id":13,"createdDateTime":"2023-05-05T03:11:24.3014158","lastModified":null,"createdBy":"tinku","modifiedBy":null,"priority":7,"status":"Published","isDeleted":false},{"systemName":"title","displayName":"Title","mixDatabaseName":"sysNavigation","dataType":"Text","configurations":{"IsRequire":false,"IsEncrypt":false,"Upload":{"ArrayAccepts":[],"Accepts":"","IsCrop":false}},"referenceId":null,"defaultValue":null,"mixDatabaseId":3,"mixDatabase":null,"id":14,"createdDateTime":"2023-05-05T03:11:24.3027588","lastModified":null,"createdBy":"tinku","modifiedBy":null,"priority":1,"status":"Published","isDeleted":false},{"systemName":"name","displayName":"Name","mixDatabaseName":"sysNavigation","dataType":"Text","configurations":{"IsRequire":false,"IsEncrypt":false,"Upload":{"ArrayAccepts":[],"Accepts":"","IsCrop":false}},"referenceId":null,"defaultValue":null,"mixDatabaseId":3,"mixDatabase":null,"id":15,"createdDateTime":"2023-05-05T03:11:24.3035806","lastModified":null,"createdBy":"tinku","modifiedBy":null,"priority":2,"status":"Published","isDeleted":false},{"systemName":"title","displayName":"Title","mixDatabaseName":"sysMenuItem","dataType":"Text","configurations":{"IsRequire":false,"IsEncrypt":false,"Upload":{"ArrayAccepts":[],"Accepts":"","IsCrop":false}},"referenceId":null,"defaultValue":null,"mixDatabaseId":4,"mixDatabase":null,"id":16,"createdDateTime":"2023-05-05T03:11:24.3064793","lastModified":null,"createdBy":"tinku","modifiedBy":null,"priority":1,"status":"Published","isDeleted":false},{"systemName":"url","displayName":"Url","mixDatabaseName":"sysMenuItem","dataType":"Text","configurations":{"IsRequire":false,"IsEncrypt":false,"Upload":{"ArrayAccepts":[],"Accepts":"","IsCrop":false}},"referenceId":null,"defaultValue":null,"mixDatabaseId":4,"mixDatabase":null,"id":17,"createdDateTime":"2023-05-05T03:11:24.3076606","lastModified":null,"createdBy":"tinku","modifiedBy":null,"priority":2,"status":"Published","isDeleted":false},{"systemName":"icon","displayName":"Icon","mixDatabaseName":"sysMenuItem","dataType":"Icon","configurations":{"IsRequire":false,"IsEncrypt":false,"Upload":{"ArrayAccepts":[],"Accepts":"","IsCrop":false}},"referenceId":null,"defaultValue":null,"mixDatabaseId":4,"mixDatabase":null,"id":18,"createdDateTime":"2023-05-05T03:11:24.3083979","lastModified":null,"createdBy":"tinku","modifiedBy":null,"priority":3,"status":"Published","isDeleted":false},{"systemName":"type","displayName":"Type","mixDatabaseName":"sysMenuItem","dataType":"Text","configurations":{"IsRequire":false,"IsEncrypt":false,"Upload":{"ArrayAccepts":[],"Accepts":"","IsCrop":false}},"referenceId":null,"defaultValue":null,"mixDatabaseId":4,"mixDatabase":null,"id":19,"createdDateTime":"2023-05-05T03:11:24.3095921","lastModified":null,"createdBy":"tinku","modifiedBy":null,"priority":4,"status":"Published","isDeleted":false},{"systemName":"target","displayName":"Target","mixDatabaseName":"sysMenuItem","dataType":"Text","configurations":{"IsRequire":false,"IsEncrypt":false,"Upload":{"ArrayAccepts":[],"Accepts":"","IsCrop":false}},"referenceId":null,"defaultValue":null,"mixDatabaseId":4,"mixDatabase":null,"id":20,"createdDateTime":"2023-05-05T03:11:24.3107484","lastModified":null,"createdBy":"tinku","modifiedBy":null,"priority":5,"status":"Published","isDeleted":false},{"systemName":"targetId","displayName":"Target Id","mixDatabaseName":"sysMenuItem","dataType":"Text","configurations":{"IsRequire":false,"IsEncrypt":false,"Upload":{"ArrayAccepts":[],"Accepts":"","IsCrop":false}},"referenceId":null,"defaultValue":null,"mixDatabaseId":4,"mixDatabase":null,"id":21,"createdDateTime":"2023-05-05T03:11:24.314429","lastModified":null,"createdBy":"tinku","modifiedBy":null,"priority":6,"status":"Published","isDeleted":false},{"systemName":"classes","displayName":"Classes","mixDatabaseName":"sysMenuItem","dataType":"Text","configurations":{"IsRequire":false,"IsEncrypt":false,"Upload":{"ArrayAccepts":[],"Accepts":"","IsCrop":false}},"referenceId":null,"defaultValue":null,"mixDatabaseId":4,"mixDatabase":null,"id":22,"createdDateTime":"2023-05-05T03:11:24.3179204","lastModified":null,"createdBy":"tinku","modifiedBy":null,"priority":7,"status":"Published","isDeleted":false},{"systemName":"description","displayName":"Description","mixDatabaseName":"sysMenuItem","dataType":"Text","configurations":{"IsRequire":false,"IsEncrypt":false,"Upload":{"ArrayAccepts":[],"Accepts":"","IsCrop":false}},"referenceId":null,"defaultValue":null,"mixDatabaseId":4,"mixDatabase":null,"id":23,"createdDateTime":"2023-05-05T03:11:24.3218851","lastModified":null,"createdBy":"tinku","modifiedBy":null,"priority":8,"status":"Published","isDeleted":false},{"systemName":"alt","displayName":"Alt","mixDatabaseName":"sysMenuItem","dataType":"Text","configurations":{"IsRequire":false,"IsEncrypt":false,"Upload":{"ArrayAccepts":[],"Accepts":"","IsCrop":false}},"referenceId":null,"defaultValue":null,"mixDatabaseId":4,"mixDatabase":null,"id":24,"createdDateTime":"2023-05-05T03:11:24.3254972","lastModified":null,"createdBy":"tinku","modifiedBy":null,"priority":9,"status":"Published","isDeleted":false},{"systemName":"hreflang","displayName":"Hreflang","mixDatabaseName":"sysMenuItem","dataType":"Text","configurations":{"IsRequire":false,"IsEncrypt":false,"Upload":{"ArrayAccepts":[],"Accepts":"","IsCrop":false}},"referenceId":null,"defaultValue":null,"mixDatabaseId":4,"mixDatabase":null,"id":25,"createdDateTime":"2023-05-05T03:11:24.3285148","lastModified":null,"createdBy":"tinku","modifiedBy":null,"priority":10,"status":"Published","isDeleted":false},{"systemName":"sysMenuItemId","displayName":"sysMenuItemId","mixDatabaseName":"sysMenuItem","dataType":"Reference","configurations":{"IsRequire":false,"IsEncrypt":false,"Upload":{"ArrayAccepts":[],"Accepts":"","IsCrop":false}},"referenceId":7,"defaultValue":null,"mixDatabaseId":4,"mixDatabase":null,"id":26,"createdDateTime":"2023-05-05T03:11:24.331938","lastModified":null,"createdBy":"tinku","modifiedBy":null,"priority":0,"status":"Published","isDeleted":false},{"systemName":"sysNavigationId","displayName":"sysNavigationId","mixDatabaseName":"sysMenuItem","dataType":"Reference","configurations":{"IsRequire":false,"IsEncrypt":false,"Upload":{"ArrayAccepts":[],"Accepts":"","IsCrop":false}},"referenceId":6,"defaultValue":null,"mixDatabaseId":4,"mixDatabase":null,"id":27,"createdDateTime":"2023-05-05T03:11:24.3383425","lastModified":null,"createdBy":"tinku","modifiedBy":null,"priority":0,"status":"Published","isDeleted":false},{"systemName":"title","displayName":"Title","mixDatabaseName":"sysMedia","dataType":"Text","configurations":{"IsRequire":false,"IsEncrypt":false,"Upload":{"ArrayAccepts":[],"Accepts":"","IsCrop":false}},"referenceId":null,"defaultValue":null,"mixDatabaseId":5,"mixDatabase":null,"id":28,"createdDateTime":"2023-05-05T03:11:24.3424551","lastModified":null,"createdBy":"tinku","modifiedBy":null,"priority":0,"status":"Published","isDeleted":false},{"systemName":"type","displayName":"Type","mixDatabaseName":"sysMedia","dataType":"Text","configurations":{"IsRequire":false,"IsEncrypt":false,"Upload":{"ArrayAccepts":[],"Accepts":"","IsCrop":false}},"referenceId":null,"defaultValue":null,"mixDatabaseId":5,"mixDatabase":null,"id":29,"createdDateTime":"2023-05-05T03:11:24.3448989","lastModified":null,"createdBy":"tinku","modifiedBy":null,"priority":1,"status":"Published","isDeleted":false},{"systemName":"file","displayName":"File","mixDatabaseName":"sysMedia","dataType":"Upload","configurations":{"IsRequire":false,"IsEncrypt":false,"Upload":{"ArrayAccepts":[],"Accepts":"","IsCrop":false}},"referenceId":null,"defaultValue":null,"mixDatabaseId":5,"mixDatabase":null,"id":30,"createdDateTime":"2023-05-05T03:11:24.3483028","lastModified":null,"createdBy":"tinku","modifiedBy":null,"priority":2,"status":"Published","isDeleted":false},{"systemName":"title","displayName":"Title","mixDatabaseName":"sysPermission","dataType":"Text","configurations":{"IsRequire":false,"IsEncrypt":false,"Upload":{"ArrayAccepts":[],"Accepts":"","IsCrop":false}},"referenceId":null,"defaultValue":null,"mixDatabaseId":6,"mixDatabase":null,"id":31,"createdDateTime":"2023-05-05T03:11:24.3520849","lastModified":null,"createdBy":"tinku","modifiedBy":null,"priority":1,"status":"Published","isDeleted":false},{"systemName":"icon","displayName":"Icon","mixDatabaseName":"sysPermission","dataType":"Icon","configurations":{"IsRequire":false,"IsEncrypt":false,"Upload":{"ArrayAccepts":[],"Accepts":"","IsCrop":false}},"referenceId":null,"defaultValue":null,"mixDatabaseId":6,"mixDatabase":null,"id":32,"createdDateTime":"2023-05-05T03:11:24.3545975","lastModified":null,"createdBy":"tinku","modifiedBy":null,"priority":3,"status":"Published","isDeleted":false},{"systemName":"type","displayName":"Type","mixDatabaseName":"sysPermission","dataType":"Text","configurations":{"IsRequire":false,"IsEncrypt":false,"Upload":{"ArrayAccepts":[],"Accepts":"","IsCrop":false}},"referenceId":null,"defaultValue":null,"mixDatabaseId":6,"mixDatabase":null,"id":33,"createdDateTime":"2023-05-05T03:11:24.3572288","lastModified":null,"createdBy":"tinku","modifiedBy":null,"priority":4,"status":"Published","isDeleted":false},{"systemName":"title","displayName":"Title","mixDatabaseName":"sysPermissionEndpoint","dataType":"Text","configurations":{"IsRequire":false,"IsEncrypt":false,"Upload":{"ArrayAccepts":[],"Accepts":"","IsCrop":false}},"referenceId":null,"defaultValue":null,"mixDatabaseId":7,"mixDatabase":null,"id":34,"createdDateTime":"2023-05-05T03:11:24.3598881","lastModified":null,"createdBy":"tinku","modifiedBy":null,"priority":1,"status":"Published","isDeleted":false},{"systemName":"path","displayName":"Path","mixDatabaseName":"sysPermissionEndpoint","dataType":"Text","configurations":{"IsRequire":false,"IsEncrypt":false,"Upload":{"ArrayAccepts":[],"Accepts":"","IsCrop":false}},"referenceId":null,"defaultValue":null,"mixDatabaseId":7,"mixDatabase":null,"id":35,"createdDateTime":"2023-05-05T03:11:24.3620003","lastModified":null,"createdBy":"tinku","modifiedBy":null,"priority":2,"status":"Published","isDeleted":false},{"systemName":"method","displayName":"Method","mixDatabaseName":"sysPermissionEndpoint","dataType":"Text","configurations":{"IsRequire":false,"IsEncrypt":false,"Upload":{"ArrayAccepts":[],"Accepts":"","IsCrop":false}},"referenceId":null,"defaultValue":null,"mixDatabaseId":7,"mixDatabase":null,"id":36,"createdDateTime":"2023-05-05T03:11:24.3649527","lastModified":null,"createdBy":"tinku","modifiedBy":null,"priority":3,"status":"Published","isDeleted":false},{"systemName":"description","displayName":"Description","mixDatabaseName":"sysPermissionEndpoint","dataType":"MultilineText","configurations":{"IsRequire":false,"IsEncrypt":false,"Upload":{"ArrayAccepts":[],"Accepts":"","IsCrop":false}},"referenceId":null,"defaultValue":null,"mixDatabaseId":7,"mixDatabase":null,"id":37,"createdDateTime":"2023-05-05T03:11:24.3668161","lastModified":null,"createdBy":"tinku","modifiedBy":null,"priority":4,"status":"Published","isDeleted":false},{"systemName":"SysPermissionId","displayName":"SysPermissionId","mixDatabaseName":"sysPermissionEndpoint","dataType":"Reference","configurations":{"IsRequire":false,"IsEncrypt":false,"Upload":{"ArrayAccepts":[],"Accepts":"","IsCrop":false}},"referenceId":null,"defaultValue":null,"mixDatabaseId":7,"mixDatabase":null,"id":38,"createdDateTime":"2023-05-05T03:11:24.3695004","lastModified":null,"createdBy":"tinku","modifiedBy":null,"priority":0,"status":"Published","isDeleted":false},{"systemName":"SysUserDataId","displayName":"SysUserDataId","mixDatabaseName":"sysPermissionEndpoint","dataType":"Reference","configurations":{"IsUnique":false,"IsRequire":false,"IsEncrypt":false,"IsSelect":false,"Upload":{"ArrayAccepts":[],"Accepts":"","IsCrop":false}},"referenceId":null,"defaultValue":null,"mixDatabaseId":7,"mixDatabase":null,"id":39,"createdDateTime":"2023-05-05T03:11:24.3722115","lastModified":null,"createdBy":"tinku","modifiedBy":null,"priority":0,"status":"Published","isDeleted":false},{"systemName":"userId","displayName":"User Id","mixDatabaseName":"sysUserPermission","dataType":"Guid","configurations":{"IsRequire":false,"IsEncrypt":false,"Upload":{"ArrayAccepts":[],"Accepts":"","IsCrop":false}},"referenceId":null,"defaultValue":null,"mixDatabaseId":8,"mixDatabase":null,"id":40,"createdDateTime":"2023-05-05T03:11:24.3759944","lastModified":null,"createdBy":"tinku","modifiedBy":null,"priority":1,"status":"Published","isDeleted":false},{"systemName":"permissionId","displayName":"Permission Id","mixDatabaseName":"sysUserPermission","dataType":"Integer","configurations":{"IsRequire":false,"IsEncrypt":false,"Upload":{"ArrayAccepts":[],"Accepts":"","IsCrop":false}},"referenceId":null,"defaultValue":null,"mixDatabaseId":8,"mixDatabase":null,"id":41,"createdDateTime":"2023-05-05T03:11:24.3781093","lastModified":null,"createdBy":"tinku","modifiedBy":null,"priority":2,"status":"Published","isDeleted":false},{"systemName":"description","displayName":"Description","mixDatabaseName":"sysUserPermission","dataType":"Text","configurations":{"IsRequire":false,"IsEncrypt":false,"Upload":{"ArrayAccepts":[],"Accepts":"","IsCrop":false}},"referenceId":null,"defaultValue":null,"mixDatabaseId":8,"mixDatabase":null,"id":42,"createdDateTime":"2023-05-05T03:11:24.3808105","lastModified":null,"createdBy":"tinku","modifiedBy":null,"priority":3,"status":"Published","isDeleted":false},{"systemName":"title","displayName":"Title","mixDatabaseName":"MixcoreCmsHelper","dataType":"Text","configurations":{"IsRequire":false,"IsEncrypt":false,"Upload":{"ArrayAccepts":[],"Accepts":"","IsCrop":false}},"referenceId":null,"defaultValue":null,"mixDatabaseId":9,"mixDatabase":null,"id":43,"createdDateTime":"2023-05-05T03:11:24.3856174","lastModified":null,"createdBy":"tinku","modifiedBy":null,"priority":1,"status":"Published","isDeleted":false},{"systemName":"description","displayName":"Description","mixDatabaseName":"MixcoreCmsHelper","dataType":"Html","configurations":{"IsRequire":false,"IsEncrypt":false,"Upload":{"ArrayAccepts":[],"Accepts":"","IsCrop":false}},"referenceId":null,"defaultValue":null,"mixDatabaseId":9,"mixDatabase":null,"id":44,"createdDateTime":"2023-05-05T03:11:24.3884443","lastModified":null,"createdBy":"tinku","modifiedBy":null,"priority":2,"status":"Published","isDeleted":false},{"systemName":"sampleCode","displayName":"Sample Code","mixDatabaseName":"MixcoreCmsHelper","dataType":"Html","configurations":{"IsRequire":false,"IsEncrypt":false,"Upload":{"ArrayAccepts":[],"Accepts":"","IsCrop":false}},"referenceId":null,"defaultValue":"","mixDatabaseId":9,"mixDatabase":null,"id":45,"createdDateTime":"2023-05-05T03:11:24.3915772","lastModified":null,"createdBy":"tinku","modifiedBy":null,"priority":3,"status":"Published","isDeleted":false},{"systemName":"type","displayName":"Type","mixDatabaseName":"Metadata","dataType":"Text","configurations":{"IsRequire":false,"IsEncrypt":false,"Upload":{"ArrayAccepts":[],"Accepts":"","IsCrop":false}},"referenceId":null,"defaultValue":null,"mixDatabaseId":10,"mixDatabase":null,"id":46,"createdDateTime":"2023-05-05T03:11:24.3965393","lastModified":null,"createdBy":"tinku","modifiedBy":null,"priority":1,"status":"Published","isDeleted":false},{"systemName":"content","displayName":"Content","mixDatabaseName":"Metadata","dataType":"Text","configurations":{"IsUnique":false,"IsRequire":false,"IsEncrypt":false,"IsSelect":false,"Upload":{"ArrayAccepts":[],"Accepts":"","IsCrop":false}},"referenceId":null,"defaultValue":null,"mixDatabaseId":10,"mixDatabase":null,"id":47,"createdDateTime":"2023-05-05T03:11:24.4001445","lastModified":null,"createdBy":"tinku","modifiedBy":null,"priority":3,"status":"Published","isDeleted":false},{"systemName":"seoContent","displayName":"Seo Content","mixDatabaseName":"Metadata","dataType":"Text","configurations":{"IsUnique":false,"IsRequire":false,"IsEncrypt":false,"IsSelect":false,"Upload":{"ArrayAccepts":[],"Accepts":"","IsCrop":false}},"referenceId":null,"defaultValue":null,"mixDatabaseId":10,"mixDatabase":null,"id":48,"createdDateTime":"2023-05-05T03:11:24.402783","lastModified":null,"createdBy":"tinku","modifiedBy":null,"priority":4,"status":"Published","isDeleted":false},{"systemName":"MetadataId","displayName":"MetadataId","mixDatabaseName":"Metadata","dataType":"Reference","configurations":{"IsUnique":false,"IsRequire":false,"IsEncrypt":false,"IsSelect":false,"Upload":{"ArrayAccepts":[],"Accepts":"","IsCrop":false}},"referenceId":null,"defaultValue":null,"mixDatabaseId":10,"mixDatabase":null,"id":49,"createdDateTime":"2023-05-05T03:11:24.4054243","lastModified":null,"createdBy":"tinku","modifiedBy":null,"priority":0,"status":"Published","isDeleted":false},{"systemName":"contentId","displayName":"Content Id","mixDatabaseName":"MetadataContentAssociation","dataType":"Integer","configurations":{"IsUnique":false,"IsRequire":false,"IsEncrypt":false,"IsSelect":false,"Upload":{"ArrayAccepts":[],"Accepts":"","IsCrop":false}},"referenceId":null,"defaultValue":null,"mixDatabaseId":11,"mixDatabase":null,"id":50,"createdDateTime":"2023-05-05T03:11:24.4115187","lastModified":null,"createdBy":"tinku","modifiedBy":null,"priority":1,"status":"Published","isDeleted":false},{"systemName":"contentType","displayName":"Content Type","mixDatabaseName":"MetadataContentAssociation","dataType":"Text","configurations":{"IsUnique":false,"IsRequire":false,"IsEncrypt":false,"IsSelect":false,"Upload":{"ArrayAccepts":[],"Accepts":"","IsCrop":false}},"referenceId":null,"defaultValue":null,"mixDatabaseId":11,"mixDatabase":null,"id":51,"createdDateTime":"2023-05-05T03:11:24.4154921","lastModified":null,"createdBy":"tinku","modifiedBy":null,"priority":2,"status":"Published","isDeleted":false},{"systemName":"description","displayName":"Description","mixDatabaseName":"MetadataContentAssociation","dataType":"MultilineText","configurations":{"IsUnique":false,"IsRequire":false,"IsEncrypt":false,"IsSelect":false,"Upload":{"ArrayAccepts":[],"Accepts":"","IsCrop":false}},"referenceId":null,"defaultValue":null,"mixDatabaseId":11,"mixDatabase":null,"id":52,"createdDateTime":"2023-05-05T03:11:24.4281178","lastModified":null,"createdBy":"tinku","modifiedBy":null,"priority":3,"status":"Published","isDeleted":false},{"systemName":"MetadataId","displayName":"MetadataId","mixDatabaseName":"MetadataContentAssociation","dataType":"Reference","configurations":{"IsUnique":false,"IsRequire":false,"IsEncrypt":false,"IsSelect":false,"Upload":{"ArrayAccepts":[],"Accepts":"","IsCrop":false}},"referenceId":null,"defaultValue":null,"mixDatabaseId":11,"mixDatabase":null,"id":53,"createdDateTime":"2023-05-05T03:11:24.4323569","lastModified":null,"createdBy":"tinku","modifiedBy":null,"priority":0,"status":"Published","isDeleted":false},{"systemName":"street","displayName":"Street","mixDatabaseName":"ContactAddress","dataType":"Text","configurations":{"IsUnique":false,"IsRequire":false,"IsEncrypt":false,"IsSelect":false,"Upload":{"ArrayAccepts":[],"Accepts":"","IsCrop":false}},"referenceId":null,"defaultValue":null,"mixDatabaseId":12,"mixDatabase":null,"id":54,"createdDateTime":"2023-05-05T03:11:24.4389793","lastModified":null,"createdBy":"tinku","modifiedBy":null,"priority":1,"status":"Published","isDeleted":false},{"systemName":"district","displayName":"District","mixDatabaseName":"ContactAddress","dataType":"Text","configurations":{"IsUnique":false,"IsRequire":false,"IsEncrypt":false,"IsSelect":false,"Upload":{"ArrayAccepts":[],"Accepts":"","IsCrop":false}},"referenceId":null,"defaultValue":null,"mixDatabaseId":12,"mixDatabase":null,"id":55,"createdDateTime":"2023-05-05T03:11:24.4415987","lastModified":null,"createdBy":"tinku","modifiedBy":null,"priority":2,"status":"Published","isDeleted":false},{"systemName":"city","displayName":"City","mixDatabaseName":"ContactAddress","dataType":"Text","configurations":{"IsUnique":false,"IsRequire":false,"IsEncrypt":false,"IsSelect":false,"Upload":{"ArrayAccepts":[],"Accepts":"","IsCrop":false}},"referenceId":null,"defaultValue":null,"mixDatabaseId":12,"mixDatabase":null,"id":56,"createdDateTime":"2023-05-05T03:11:24.4452855","lastModified":null,"createdBy":"tinku","modifiedBy":null,"priority":3,"status":"Published","isDeleted":false},{"systemName":"province","displayName":"Province","mixDatabaseName":"ContactAddress","dataType":"Text","configurations":{"IsUnique":false,"IsRequire":false,"IsEncrypt":false,"IsSelect":false,"Upload":{"ArrayAccepts":[],"Accepts":"","IsCrop":false}},"referenceId":null,"defaultValue":null,"mixDatabaseId":12,"mixDatabase":null,"id":57,"createdDateTime":"2023-05-05T03:11:24.4507218","lastModified":null,"createdBy":"tinku","modifiedBy":null,"priority":4,"status":"Published","isDeleted":false},{"systemName":"ward","displayName":"Ward","mixDatabaseName":"ContactAddress","dataType":"Text","configurations":{"IsUnique":false,"IsRequire":false,"IsEncrypt":false,"IsSelect":false,"Upload":{"ArrayAccepts":[],"Accepts":"","IsCrop":false}},"referenceId":null,"defaultValue":null,"mixDatabaseId":12,"mixDatabase":null,"id":58,"createdDateTime":"2023-05-05T03:11:24.4549568","lastModified":null,"createdBy":"tinku","modifiedBy":null,"priority":5,"status":"Published","isDeleted":false},{"systemName":"isDefault","displayName":"Is Default","mixDatabaseName":"ContactAddress","dataType":"Boolean","configurations":{"IsUnique":false,"IsRequire":false,"IsEncrypt":false,"IsSelect":false,"Upload":{"ArrayAccepts":[],"Accepts":"","IsCrop":false}},"referenceId":null,"defaultValue":null,"mixDatabaseId":12,"mixDatabase":null,"id":59,"createdDateTime":"2023-05-05T03:11:24.4587436","lastModified":null,"createdBy":"tinku","modifiedBy":null,"priority":6,"status":"Published","isDeleted":false},{"systemName":"SysUserDataId","displayName":"SysUserDataId","mixDatabaseName":"ContactAddress","dataType":"Reference","configurations":{"IsUnique":false,"IsRequire":false,"IsEncrypt":false,"IsSelect":false,"Upload":{"ArrayAccepts":[],"Accepts":"","IsCrop":false}},"referenceId":null,"defaultValue":null,"mixDatabaseId":12,"mixDatabase":null,"id":60,"createdDateTime":"2023-05-05T03:11:24.4614705","lastModified":null,"createdBy":"tinku","modifiedBy":null,"priority":0,"status":"Published","isDeleted":false},{"systemName":"mixDbName","displayName":"MixDbName","mixDatabaseName":"MixDbEventSubscriber","dataType":"Text","configurations":{"isUnique":false,"isRequire":false,"isEncrypt":false,"isSelect":false,"maxLength":null,"belongTo":null,"optionsConfigurationName":null,"allowedValues":null,"upload":{"arrayAccepts":[],"accepts":"","width":null,"height":null,"isCrop":false}},"referenceId":null,"defaultValue":null,"mixDatabaseId":13,"mixDatabase":null,"id":61,"createdDateTime":"2023-05-05T03:11:24.469183","lastModified":null,"createdBy":"tinku","modifiedBy":null,"priority":1,"status":"Published","isDeleted":false},{"systemName":"callback","displayName":"Callback","mixDatabaseName":"MixDbEventSubscriber","dataType":"Json","configurations":{"isUnique":false,"isRequire":false,"isEncrypt":false,"isSelect":false,"maxLength":null,"belongTo":null,"optionsConfigurationName":null,"allowedValues":null,"upload":{"arrayAccepts":[],"accepts":"","width":null,"height":null,"isCrop":false}},"referenceId":null,"defaultValue":"{     \"method\":\"\",     \"requestUrl\":\"\",     \"body\":{} }","mixDatabaseId":13,"mixDatabase":null,"id":62,"createdDateTime":"2023-05-05T03:11:24.4719472","lastModified":null,"createdBy":"tinku","modifiedBy":null,"priority":5,"status":"Published","isDeleted":false},{"systemName":"action","displayName":"Action","mixDatabaseName":"MixDbEventSubscriber","dataType":"Text","configurations":{"isUnique":false,"isRequire":false,"isEncrypt":false,"isSelect":true,"maxLength":null,"belongTo":null,"optionsConfigurationName":null,"allowedValues":["POST","PUT","PATCH","DELETE"],"upload":{"arrayAccepts":[],"accepts":"","width":null,"height":null,"isCrop":false}},"referenceId":null,"defaultValue":null,"mixDatabaseId":13,"mixDatabase":null,"id":63,"createdDateTime":"2023-05-05T03:11:24.4744941","lastModified":null,"createdBy":"tinku","modifiedBy":null,"priority":3,"status":"Published","isDeleted":false}],"postContents":[{"className":null,"mixPost":null,"mixPages":null,"mixPostContents":null,"mixDatabaseName":null,"mixDbId":null,"title":"Top open source asp.net core content management system (cms)","excerpt":"After searching & testing, In this Article, I'm going to list down some of the Top Open Source Content Management Systems (CMS) for Dotnet...","content":"<p>Unlike PHP,&nbsp;<strong>ASP.NET Core</strong>&nbsp;Developers don’t have many options available when It comes to choosing a powerful&nbsp;<strong>Content Management System (CMS)</strong>&nbsp;for developing Applications. After searching &amp; testing, In this Article, I’m going to list down some of the great&nbsp;<strong>Content Management Systems (CMS)</strong>&nbsp;for&nbsp;<strong>.Net Core</strong>.</p><p>No Doubt, that&nbsp;<strong>.Net Core</strong>&nbsp;is the most powerful &amp; versatile framework. It already provides us with some great tools for rapid development like&nbsp;<strong>Entity Framework</strong>&nbsp;but having a&nbsp;<strong>CMS</strong>&nbsp;can save more time while developing an Application.</p><p>Before Sharing a list of Top Open Source<strong>&nbsp;Content Management System (CMS)</strong>&nbsp;developed on&nbsp;<strong>ASP.NET Core</strong>&nbsp;, we should decide whether we need a&nbsp;<strong>CMS</strong>&nbsp;or Not?</p><p><br></p><p>Developing from scratch is considers as a good idea in most of the cases. So, before start developing your application you must answer these very simple questions.</p><ol><li>You don’t like to Code so much?</li><li>Are you going to develop an E-commerce website, Blog, a management system or an admin panel like app where most of the functionalities are simple CRUD Operations?</li><li>Do you want your web application to be SEO Friendly but don’t have SEO knowledge?</li><li>Do you want non-technical users to publish content to your website regularly?</li></ol><p><br></p><p>If you have positive answers to the above questions then you need a&nbsp;<strong>CMS</strong>&nbsp;for the rapid development of your dotnet core application.</p><p><br></p><p>There’re two commonly used CMS Architectures i.e.&nbsp;<strong>Headless &amp; Decoupled CMS</strong>. So, you should also know the difference before comparing Top&nbsp;<strong>Content Management Systems.</strong></p><p><br></p><h3>HEADLESS VS DECOUPLED CMS</h3><p>This single image describes the difference between&nbsp;<strong>Headless vs Decoupled CMS&nbsp;</strong>very clearly.</p><p class=\"ql-align-center\"><img src=\"/mix-content/assets/material-kit/uploads/2021-02/1c8rqyf7ibhci03xqplcsmg978x1024-637487402518146424.png\" width=\"526\"></p><p class=\"ql-align-center\"><strong><em>Image Credit:</em></strong><em>&nbsp;</em><a href=\"https://www.coredna.com/blogs/headless-vs-decoupled-cms\" target=\"_blank\" style=\"color: rgb(108, 66, 156);\"><em>https://www.coredna.com/blogs/headless-vs-decoupled-cms</em></a></p><p class=\"ql-align-center\"><br></p><p>Now It’s time to list down some top&nbsp;<strong>Content Management Systems (CMS)&nbsp;</strong>available for&nbsp;<strong>.Net Core</strong>&nbsp;Developers.</p><p><br></p><h2><a href=\"https://mixcore.org/\" target=\"_blank\">MIXCORE CMS</a></h2><p><a href=\"https://github.com/mixcore/mix.core\" target=\"_blank\">Mixcore</a>&nbsp;is an open source, modular,&nbsp;multi-tenant application framework and CMS for&nbsp;ASP.NET Core. Fully Open Source ASP.Net Core / Dotnet Core CMS UI Toolkit To create multi-purpose Website, Mobile App &amp; App Services. Built on top of ASP.Net Core 5 / Dotnet Core 5, SignalR, Angular.JS and Bootstrap. After the release of&nbsp;Dotnet Core, Mixcore CMS is the first one using&nbsp;.Net Core.</p><h4><br></h4><h4>FEATURES</h4><p><strong>Modular:&nbsp;</strong>Every feature is a separate&nbsp;<strong>NuGet</strong>&nbsp;package as a separate module. So, we just need to get what we are needed for our development.</p><p><strong>Documentation:</strong>&nbsp;Nice&nbsp;<a href=\"https://docs.mixcore.org/\" target=\"_blank\" style=\"color: rgb(108, 66, 156);\">documentation</a>&nbsp;makes easy to work with <strong>Mixcore</strong>.</p><p><strong>Docker Support:</strong>&nbsp;Deploy anywhere regardless the platform with container support.</p><p><strong>Flexible Content Management:</strong>&nbsp;Reusable content fields. Role based user management also available.</p><p><strong>Multi-Tenant</strong>: Reusable website templates. We can manage multiple sites with a single Installation.</p><p><strong>Headless &amp; Decoupled:&nbsp;</strong>Offers both Headless CMS or Decoupled architecture.</p><p><strong>Email:</strong>&nbsp;Email templating framework &amp; plugins for emails sending.</p><p><strong>Simple &amp; user friendly:</strong>&nbsp;Simple &amp; user friendly UI is also a plus.</p><p><strong>Swagger Supported:</strong>&nbsp;It creates a swagger document when we create a schemas.</p><p><strong>Cloud Ready:</strong>&nbsp;Implementations for Azure services via a plugin.</p><p><strong>Email:</strong>&nbsp;Email templating framework &amp; plugins for emails sending.</p><p><strong>Roles &amp; Permissions:</strong>&nbsp;Configurable roles and permissions enforced at the api level.</p><p><strong>Editor:&nbsp;</strong>Powerful Monaco editors to manage the content in multiple ways. It also creates Audit log and history when you change your content.</p><h2><br></h2><h2>ORCHARD CORE</h2><p><a href=\"https://github.com/OrchardCMS/OrchardCore\" target=\"_blank\" style=\"color: rgb(108, 66, 156);\"><strong>Orchard Core</strong></a>&nbsp;is an open source, modular,&nbsp;multi-tenant application framework and CMS for<strong>&nbsp;ASP.NET Core</strong>. This is actually Microsoft’s venture into the planet of open source development. After the release of&nbsp;<strong>Dotnet Core</strong>, Orchard was redesigned using&nbsp;<strong>.Net Core</strong>.</p><h4><br></h4><h4>FEATURES</h4><p><strong>Modular:&nbsp;</strong>Every feature is a separate&nbsp;<strong>NuGet</strong>&nbsp;package as a separate module. So, we just need to get what we are needed for our development.</p><p><strong>Documentation:</strong>&nbsp;Nice&nbsp;<a href=\"https://orchardcore.readthedocs.io/en/dev/\" target=\"_blank\" style=\"color: rgb(108, 66, 156);\">documentation</a>&nbsp;makes easy to work with orchard.</p><p><strong>Docker Support:</strong>&nbsp;Deploy anywhere regardless the platform with container support.</p><p><strong>Flexible Content Management:</strong>&nbsp;Reusable content fields. Role based user management also available.</p><p><strong>Multi-Tenant</strong>: Reusable website templates. We can manage multiple sites with a single Installation.</p><p><strong>Headless &amp; Decoupled:&nbsp;</strong>Offers both Headless CMS or Decoupled architecture.</p><p><br></p><h2>COFOUNDRY</h2><p><a href=\"https://github.com/cofoundry-cms/cofoundry\" target=\"_blank\" style=\"color: rgb(108, 66, 156);\">Cofoundry</a>&nbsp;is an extensible and flexible&nbsp;<strong>.NET Core</strong>&nbsp;CMS &amp; application framework focusing on code first development.</p><p><br></p><h4>FEATURES</h4><p><strong>Custom Entities:</strong>&nbsp;Define entities in code and get apis and CRUD management.</p><p><strong>Roles &amp; Permissions:</strong>&nbsp;Configurable roles and permissions enforced at the api level.</p><p><strong>Documentation:</strong>&nbsp;Detailed&nbsp;<a href=\"https://www.cofoundry.org/docs\" target=\"_blank\" style=\"color: rgb(108, 66, 156);\">documentation</a>&nbsp;is also available to setup Cofoundry in minutes.</p><p><strong>Docker Support:</strong>&nbsp;Deploy anywhere regardless the platform with container support.</p><p><strong>Cloud Ready:</strong>&nbsp;Implementations for Azure services via a plugin.</p><p><strong>Email:</strong>&nbsp;Email templating framework &amp; plugins for emails sending.</p><p><strong>Simple &amp; user friendly:</strong>&nbsp;Simple &amp; user friendly UI is also a plus.</p><p><br></p><h2>SQUIDEX</h2><p><a href=\"https://github.com/Squidex/squidex\" target=\"_blank\" style=\"color: rgb(108, 66, 156);\">Squidex</a>&nbsp;is an open source headless CMS and content management. It provides a rich API with OData filter &amp;&nbsp;<strong>Swagger</strong>&nbsp;definitions.</p><p><br></p><h4>FEATURES</h4><p><strong>Docker Support:</strong>&nbsp;Deploy anywhere regardless the platform with container support.</p><p><strong>Multiple Users:</strong>&nbsp;Invite users &amp; assign them roles.</p><p><strong>Cloud Version:</strong>&nbsp;Saas version available at&nbsp;<a href=\"https://cloud.squidex.io/\" target=\"_blank\" style=\"color: rgb(108, 66, 156);\">https://cloud.squidex.io</a>.</p><p><strong>Editor:&nbsp;</strong>Powerful editors to manage the content in multiple ways. It also creates Audit log and history when you change your content.</p><p><strong>Swagger Supported:</strong>&nbsp;It creates a swagger document when we create a schemas.</p><p><strong>Excellent documentation:&nbsp;</strong>It is open source with really nice&nbsp;<a href=\"https://docs.squidex.io/\" target=\"_blank\" style=\"color: rgb(108, 66, 156);\">documentation</a>.</p><p><br></p><h2>BLOGIFIER</h2><p>If you want to develop a Blog using Asp.Net Core,&nbsp;<a href=\"https://github.com/blogifierdotnet/Blogifier#live-blog\" target=\"_blank\" style=\"color: rgb(108, 66, 156);\">Blogifier</a>&nbsp;is here. It’s a lightweight, simple, open source blog written in&nbsp;<strong>.NET Core</strong>&nbsp;having all best blogging features as a highly customizable &amp; extendable Application.</p><p><br></p><h2>CONCLUSION</h2><p><strong>Content Management Systems</strong>&nbsp;help developers in rapid development with lots of benefits like third-party themes, plugins &amp; extensions. Open Source technologies also minimize project Cost with better Security, Scalability &amp; flexibility. I have only listed down four Content Management Systems, there are many more with great features. There’s also some .Net CMS with large community support having a plan to move from .Net Framework to .Net Core in future like Umbraco, EPiserver and Sitecore. Comment If you have any suggestion that you think must be included in the above list or let me know If you find this article helpful.</p>","layoutId":1,"templateId":9,"image":"/MixContent/StaticFiles/[TENANT_NAME]/Uploads/Media/admin/2022-Sep/PXL_20220829_014628213.jpg","source":null,"seoDescription":null,"seoKeywords":"Top open source asp.net core content management system (cms)","seoName":"top-open-source-asp-net-core-content-management-system-cms-","seoTitle":"Top open source asp.net core content management system (cms)","publishedDateTime":null,"mixTenantId":1,"specificulture":"en-us","icon":null,"isPublic":false,"parentId":1,"mixCultureId":1,"mixCulture":null,"id":1,"createdDateTime":"2023-05-05T03:11:30.852333","lastModified":null,"createdBy":"tinku","modifiedBy":null,"priority":0,"status":"Published","isDeleted":false},{"className":null,"mixPost":null,"mixPages":null,"mixPostContents":null,"mixDatabaseName":null,"mixDbId":null,"title":"Welcome to Mixcore World!","excerpt":"Lorem ipsum, or lipsum as it is sometimes known, is dummy text used in laying out print, graphic or web designs. The passage is attributed to an unknown typesetter in the 15th century who is thought to have scrambled parts of Cicero's De Finibus Bonorum et Malorum for use in a type specimen book.","content":"<h2>What is Lorem Ipsum?</h2><p class=\"ql-align-justify\"><strong>Lorem Ipsum</strong>&nbsp;is simply dummy text of the printing and typesetting industry. Lorem Ipsum has been the industry's standard dummy text ever since the 1500s, when an unknown printer took a galley of type and scrambled it to make a type specimen book. It has survived not only five centuries, but also the leap into electronic typesetting, remaining essentially unchanged. It was popularised in the 1960s with the release of Letraset sheets containing Lorem Ipsum passages, and more recently with desktop publishing software like Aldus PageMaker including versions of Lorem Ipsum.</p><p class=\"ql-align-justify\"><br></p><h2>Why do we use it?</h2><p class=\"ql-align-justify\">It is a long established fact that a reader will be distracted by the readable content of a page when looking at its layout. The point of using Lorem Ipsum is that it has a more-or-less normal distribution of letters, as opposed to using 'Content here, content here', making it look like readable English. Many desktop publishing packages and web page editors now use Lorem Ipsum as their default model text, and a search for 'lorem ipsum' will uncover many web sites still in their infancy. Various versions have evolved over the years, sometimes by accident, sometimes on purpose (injected humour and the like).</p><p><br></p><h2>Where does it come from?</h2><p class=\"ql-align-justify\">Contrary to popular belief, Lorem Ipsum is not simply random text. It has roots in a piece of classical Latin literature from 45 BC, making it over 2000 years old. Richard McClintock, a Latin professor at Hampden-Sydney College in Virginia, looked up one of the more obscure Latin words, consectetur, from a Lorem Ipsum passage, and going through the cites of the word in classical literature, discovered the undoubtable source. Lorem Ipsum comes from sections 1.10.32 and 1.10.33 of \"de Finibus Bonorum et Malorum\" (The Extremes of Good and Evil) by Cicero, written in 45 BC. This book is a treatise on the theory of ethics, very popular during the Renaissance. The first line of Lorem Ipsum, \"Lorem ipsum dolor sit amet..\", comes from a line in section 1.10.32.</p><p class=\"ql-align-justify\">The standard chunk of Lorem Ipsum used since the 1500s is reproduced below for those interested. Sections 1.10.32 and 1.10.33 from \"de Finibus Bonorum et Malorum\" by Cicero are also reproduced in their exact original form, accompanied by English versions from the 1914 translation by H. Rackham.</p><p class=\"ql-align-justify\"><br></p><h2>Where can I get some?</h2><p class=\"ql-align-justify\">There are many variations of passages of Lorem Ipsum available, but the majority have suffered alteration in some form, by injected humour, or randomised words which don't look even slightly believable. If you are going to use a passage of Lorem Ipsum, you need to be sure there isn't anything embarrassing hidden in the middle of text. All the Lorem Ipsum generators on the Internet tend to repeat predefined chunks as necessary, making this the first true generator on the Internet. It uses a dictionary of over 200 Latin words, combined with a handful of model sentence structures, to generate Lorem Ipsum which looks reasonable. The generated Lorem Ipsum is therefore always free from repetition, injected humour, or non-characteristic words etc.</p><p><br></p>","layoutId":1,"templateId":9,"image":"/MixContent/StaticFiles/[TENANT_NAME]/Uploads/Media/admin/2022-Sep/received_746854559756037.jpeg","source":null,"seoDescription":null,"seoKeywords":"Welcome to Mixcore World!","seoName":"welcome-to-mixcore-world-","seoTitle":"Welcome to Mixcore World!","publishedDateTime":null,"mixTenantId":1,"specificulture":"en-us","icon":null,"isPublic":false,"parentId":2,"mixCultureId":1,"mixCulture":null,"id":2,"createdDateTime":"2023-05-05T03:11:31.0678989","lastModified":null,"createdBy":"tinku","modifiedBy":null,"priority":0,"status":"Published","isDeleted":false},{"className":null,"mixPost":null,"mixPages":null,"mixPostContents":null,"mixDatabaseName":null,"mixDbId":null,"title":"The future of CMS from Mixcore","excerpt":"Lorem Ipsum is simply dummy text of the printing and typesetting industry. Lorem Ipsum has been the industry's standard dummy text ever since the 1500s","content":"<h2>What is Lorem Ipsum?</h2><p class=\"ql-align-justify\"><strong>Lorem Ipsum</strong>&nbsp;is simply dummy text of the printing and typesetting industry. Lorem Ipsum has been the industry's standard dummy text ever since the 1500s, when an unknown printer took a galley of type and scrambled it to make a type specimen book. It has survived not only five centuries, but also the leap into electronic typesetting, remaining essentially unchanged. It was popularised in the 1960s with the release of Letraset sheets containing Lorem Ipsum passages, and more recently with desktop publishing software like Aldus PageMaker including versions of Lorem Ipsum.</p><p class=\"ql-align-justify\"><br></p><h2>Why do we use it?</h2><p class=\"ql-align-justify\">It is a long established fact that a reader will be distracted by the readable content of a page when looking at its layout. The point of using Lorem Ipsum is that it has a more-or-less normal distribution of letters, as opposed to using 'Content here, content here', making it look like readable English. Many desktop publishing packages and web page editors now use Lorem Ipsum as their default model text, and a search for 'lorem ipsum' will uncover many web sites still in their infancy. Various versions have evolved over the years, sometimes by accident, sometimes on purpose (injected humour and the like).</p><p><br></p><h2>Where does it come from?</h2><p class=\"ql-align-justify\">Contrary to popular belief, Lorem Ipsum is not simply random text. It has roots in a piece of classical Latin literature from 45 BC, making it over 2000 years old. Richard McClintock, a Latin professor at Hampden-Sydney College in Virginia, looked up one of the more obscure Latin words, consectetur, from a Lorem Ipsum passage, and going through the cites of the word in classical literature, discovered the undoubtable source. Lorem Ipsum comes from sections 1.10.32 and 1.10.33 of \"de Finibus Bonorum et Malorum\" (The Extremes of Good and Evil) by Cicero, written in 45 BC. This book is a treatise on the theory of ethics, very popular during the Renaissance. The first line of Lorem Ipsum, \"Lorem ipsum dolor sit amet..\", comes from a line in section 1.10.32.</p><p class=\"ql-align-justify\">The standard chunk of Lorem Ipsum used since the 1500s is reproduced below for those interested. Sections 1.10.32 and 1.10.33 from \"de Finibus Bonorum et Malorum\" by Cicero are also reproduced in their exact original form, accompanied by English versions from the 1914 translation by H. Rackham.</p><p class=\"ql-align-justify\"><br></p><h2>Where can I get some?</h2><p class=\"ql-align-justify\">There are many variations of passages of Lorem Ipsum available, but the majority have suffered alteration in some form, by injected humour, or randomised words which don't look even slightly believable. If you are going to use a passage of Lorem Ipsum, you need to be sure there isn't anything embarrassing hidden in the middle of text. All the Lorem Ipsum generators on the Internet tend to repeat predefined chunks as necessary, making this the first true generator on the Internet. It uses a dictionary of over 200 Latin words, combined with a handful of model sentence structures, to generate Lorem Ipsum which looks reasonable. The generated Lorem Ipsum is therefore always free from repetition, injected humour, or non-characteristic words etc.</p><p><br></p>","layoutId":1,"templateId":9,"image":"/MixContent/StaticFiles/[TENANT_NAME]/Uploads/Media/admin/2022-Sep/PXL_20220829_014628213.jpg","source":null,"seoDescription":null,"seoKeywords":"The future of CMS from Mixcore","seoName":"the-future-of-cms-from-mixcore","seoTitle":"The future of CMS from Mixcore","publishedDateTime":null,"mixTenantId":1,"specificulture":"en-us","icon":null,"isPublic":false,"parentId":3,"mixCultureId":1,"mixCulture":null,"id":3,"createdDateTime":"2023-05-05T03:11:31.0696689","lastModified":null,"createdBy":"tinku","modifiedBy":null,"priority":0,"status":"Published","isDeleted":false}],"pageContents":[{"className":null,"pageSize":null,"type":"Home","mixPage":null,"mixPostContents":null,"mixModuleContents":null,"mixDatabaseName":null,"mixDbId":null,"title":"Home Page","excerpt":null,"content":null,"layoutId":1,"templateId":2,"image":"/MixContent/StaticFiles/[TENANT_NAME]/Uploads/admin/2022-Sep/PXL_20220829_014628213.jpg","source":null,"seoDescription":null,"seoKeywords":"Page 1","seoName":"page-1","seoTitle":"Page 1","publishedDateTime":null,"mixTenantId":1,"specificulture":"en-us","icon":null,"isPublic":false,"parentId":1,"mixCultureId":1,"mixCulture":null,"id":1,"createdDateTime":"2023-05-05T03:11:30.553299","lastModified":null,"createdBy":"tinku","modifiedBy":null,"priority":0,"status":"Published","isDeleted":false},{"className":null,"pageSize":null,"type":"System","mixPage":null,"mixPostContents":null,"mixModuleContents":null,"mixDatabaseName":null,"mixDbId":null,"title":"Page 2","excerpt":null,"content":null,"layoutId":1,"templateId":2,"image":"/mix-app/assets/img/image_placeholder.jpg","source":null,"seoDescription":null,"seoKeywords":null,"seoName":null,"seoTitle":null,"publishedDateTime":null,"mixTenantId":1,"specificulture":"en-us","icon":null,"isPublic":false,"parentId":2,"mixCultureId":1,"mixCulture":null,"id":2,"createdDateTime":"2023-05-05T03:11:30.7695226","lastModified":null,"createdBy":"tinku","modifiedBy":null,"priority":0,"status":"Published","isDeleted":false}],"moduleContents":[{"systemName":"productHighlight","className":null,"pageSize":null,"type":"Data","simpleDataColumns":"[{\"SystemName\":\"title\",\"DisplayName\":\"Title\",\"DataType\":7,\"DefaultValue\":null,\"Priority\":0,\"ColumnConfigurations\":{\"IsEncrypt\":false,\"MaxLength\":null,\"BelongTo\":null,\"OptionsConfigurationName\":null,\"Upload\":{\"ArrayAccepts\":[],\"Accepts\":\"\",\"Width\":null,\"Height\":null,\"IsCrop\":false}}},{\"SystemName\":\"description\",\"DisplayName\":\"Description\",\"DataType\":7,\"DefaultValue\":null,\"Priority\":0,\"ColumnConfigurations\":{\"IsEncrypt\":false,\"MaxLength\":null,\"BelongTo\":null,\"OptionsConfigurationName\":null,\"Upload\":{\"ArrayAccepts\":[],\"Accepts\":\"\",\"Width\":null,\"Height\":null,\"IsCrop\":false}}},{\"SystemName\":\"materialIcons\",\"DisplayName\":\"Material Icons\",\"DataType\":7,\"DefaultValue\":null,\"Priority\":0,\"ColumnConfigurations\":{\"IsEncrypt\":false,\"MaxLength\":null,\"BelongTo\":null,\"OptionsConfigurationName\":null,\"Upload\":{\"ArrayAccepts\":[],\"Accepts\":\"\",\"Width\":null,\"Height\":null,\"IsCrop\":false}}},{\"SystemName\":\"iconColor\",\"DisplayName\":\"Icon Color\",\"DataType\":7,\"DefaultValue\":null,\"Priority\":0,\"ColumnConfigurations\":{\"IsEncrypt\":false,\"MaxLength\":null,\"BelongTo\":null,\"OptionsConfigurationName\":null,\"Upload\":{\"ArrayAccepts\":[],\"Accepts\":\"\",\"Width\":null,\"Height\":null,\"IsCrop\":false}}}]","mixModule":null,"mixPostContents":null,"mixDatabaseName":null,"mixDbId":null,"title":"Product Highlight","excerpt":null,"content":null,"layoutId":null,"templateId":4,"image":"/mix-app/assets/img/image_placeholder.jpg","source":null,"seoDescription":null,"seoKeywords":null,"seoName":null,"seoTitle":null,"publishedDateTime":null,"mixTenantId":1,"specificulture":"en-us","icon":null,"isPublic":false,"parentId":1,"mixCultureId":1,"mixCulture":null,"id":1,"createdDateTime":"2023-05-05T03:11:30.3624642","lastModified":null,"createdBy":"tinku","modifiedBy":null,"priority":0,"status":"Published","isDeleted":false}],"configurationContents":[],"languageContents":[],"mixDbModels":[{"databaseName":"PortalMenu","data":[]},{"databaseName":"sysUserData","data":[{"Id":1,"CreatedDateTime":"2023-05-05 03:50:43.2788169","LastModified":null,"MixTenantId":1,"CreatedBy":null,"ModifiedBy":null,"Priority":0,"Status":"Published","IsDeleted":0,"Avatar":null,"ParentId":"70e830cb-6856-4a1f-aa2b-de03e833d3ed","ParentType":"User","PhoneNumber":null,"Fullname":null,"Email":"asdf@asfda","DateOfBirth":null}]},{"databaseName":"sysNavigation","data":[]},{"databaseName":"sysMenuItem","data":[]},{"databaseName":"sysMedia","data":[]},{"databaseName":"sysPermission","data":[]},{"databaseName":"sysPermissionEndpoint","data":[]},{"databaseName":"sysUserPermission","data":[]},{"databaseName":"MixcoreCmsHelper","data":[]},{"databaseName":"Metadata","data":[]},{"databaseName":"MetadataContentAssociation","data":[]},{"databaseName":"ContactAddress","data":[]},{"databaseName":"MixDbEventSubscriber","data":[{"Id":1,"CreatedDateTime":"20233521 10:35i:48 AM","LastModified":"20232323 05:23i:20 AM","MixTenantId":1,"CreatedBy":"tinku","ModifiedBy":"tinku","Priority":0,"Status":"Published","IsDeleted":0,"MixDbName":"Metadata","Callback":"{\"method\":\"GET\",\"requestUrl\":\"https:/api/v2/rest/shared/ping\",\"body\":{}}","Action":"POST"},{"Id":2,"CreatedDateTime":"20234123 04:41i:50 AM","LastModified":"20235923 05:59i:03 AM","MixTenantId":1,"CreatedBy":"tinku","ModifiedBy":"tinku","Priority":0,"Status":"Published","IsDeleted":0,"MixDbName":"Metadata","Callback":"{\"method\":\"GET\",\"requestUrl\":\"https:/api/v2/rest/shared/ping\",\"body\":{\"content\":\"metadata content: [[Content]] - [[Type]]\",\"action\":\"PUT\"}}","Action":"PUT"}]}],"moduleDatas":[],"databaseContextDatabaseAssociations":[],"pagePosts":[],"postPosts":[],"pageModules":[{"mixTenantId":1,"parentId":1,"childId":1,"id":1,"createdDateTime":"2023-05-05T03:11:31.2157388","lastModified":null,"createdBy":"tinku","modifiedBy":null,"priority":1,"status":"Published","isDeleted":false}],"modulePosts":[],"mixUrlAliases":[]}
