{"createdBy":null,"specificulture":null,"themeName":"aaa","themeSystemName":"aaa","themeId":0,"posts":[],"pages":[{"mixPageContents":null,"displayName":"Page 1","description":null,"mixTenantId":1,"mixTenant":null,"id":1,"createdDateTime":"2021-11-28T07:06:31.3959538","lastModified":null,"createdBy":null,"modifiedBy":null,"priority":0,"status":"Published"},{"mixPageContents":null,"displayName":"Page 2","description":null,"mixTenantId":1,"mixTenant":null,"id":2,"createdDateTime":"2021-11-28T07:06:38.2900506","lastModified":null,"createdBy":null,"modifiedBy":null,"priority":0,"status":"Published"}],"modules":[{"type":"Content","mixModuleContents":null,"systemName":"product_highlight","displayName":"Product Highlight","description":null,"mixTenantId":1,"mixTenant":null,"id":2,"createdDateTime":"2021-12-06T13:56:54.8697116","lastModified":null,"createdBy":null,"modifiedBy":null,"priority":0,"status":"Published"},{"type":"Content","mixModuleContents":null,"systemName":"banner","displayName":"Banner","description":null,"mixTenantId":1,"mixTenant":null,"id":3,"createdDateTime":"2021-12-11T04:10:20.163085","lastModified":null,"createdBy":null,"modifiedBy":null,"priority":0,"status":"Published"}],"mixDatabases":[{"type":"System","mixDatabaseColumns":null,"systemName":"sysUserData","displayName":"User Data","description":null,"mixTenantId":1,"mixTenant":null,"id":1,"createdDateTime":"2021-11-28T07:06:23.8618015","lastModified":null,"createdBy":null,"modifiedBy":null,"priority":0,"status":"Published"},{"type":"System","mixDatabaseColumns":null,"systemName":"sysCategory","displayName":"Category","description":null,"mixTenantId":1,"mixTenant":null,"id":2,"createdDateTime":"2021-11-29T14:01:45.4932682","lastModified":null,"createdBy":null,"modifiedBy":null,"priority":0,"status":"Published"},{"type":"System","mixDatabaseColumns":null,"systemName":"sysPageColumn","displayName":"Page Column","description":null,"mixTenantId":1,"mixTenant":null,"id":3,"createdDateTime":"2021-12-03T06:29:53.7495909","lastModified":null,"createdBy":null,"modifiedBy":null,"priority":0,"status":"Published"},{"type":"System","mixDatabaseColumns":null,"systemName":"sysPostColumn","displayName":"Post Column","description":null,"mixTenantId":1,"mixTenant":null,"id":4,"createdDateTime":"2021-12-03T06:30:10.4395518","lastModified":null,"createdBy":null,"modifiedBy":null,"priority":0,"status":"Published"},{"type":"System","mixDatabaseColumns":null,"systemName":"sysModuleColumn","displayName":"Module Column","description":null,"mixTenantId":1,"mixTenant":null,"id":5,"createdDateTime":"2021-12-03T06:30:19.3895719","lastModified":null,"createdBy":null,"modifiedBy":null,"priority":0,"status":"Published"},{"type":"System","mixDatabaseColumns":null,"systemName":"sysNavigation","displayName":"Navigation","description":null,"mixTenantId":1,"mixTenant":null,"id":6,"createdDateTime":"2021-12-03T06:30:59.4501004","lastModified":null,"createdBy":null,"modifiedBy":null,"priority":0,"status":"Published"},{"type":"System","mixDatabaseColumns":null,"systemName":"sysMenuItem","displayName":"Menu Item","description":null,"mixTenantId":1,"mixTenant":null,"id":7,"createdDateTime":"2021-12-03T06:31:14.8178614","lastModified":null,"createdBy":null,"modifiedBy":null,"priority":0,"status":"Published"},{"type":"System","mixDatabaseColumns":null,"systemName":"sysTag","displayName":"Tag","description":null,"mixTenantId":1,"mixTenant":null,"id":8,"createdDateTime":"2021-12-03T06:31:20.9281964","lastModified":null,"createdBy":null,"modifiedBy":null,"priority":0,"status":"Published"},{"type":"System","mixDatabaseColumns":null,"systemName":"sysMedia","displayName":"Media","description":null,"mixTenantId":1,"mixTenant":null,"id":9,"createdDateTime":"2021-12-12T09:22:50.0982019","lastModified":null,"createdBy":null,"modifiedBy":null,"priority":0,"status":"Published"}],"templates":[{"content":"@{\r\n    var assetFolder = \"/[ACCESS_FOLDER]\";\r\n}\r\n<!DOCTYPE html>\r\n<html>\r\n\r\n<head>\r\n    <!-- Required meta tags -->\r\n    <meta charset=\"utf-8\">\r\n    <meta content='width=device-width, initial-scale=1.0, shrink-to-fit=no' name='viewport' />\r\n    <meta http-equiv=\"X-UA-Compatible\" content=\"IE=edge,chrome=1\" />\r\n    <title>\r\n        @ViewBag.Title\r\n    </title>\r\n<!-- \r\n    <link rel=\"stylesheet\" href=\"~/assets/css/shared.min.css\" />\r\n    <link rel=\"stylesheet\" href=\"~/assets/css/app-vendor.min.css\" /> -->\r\n    <base href=\"/@ViewBag.culture\">\r\n\r\n    <!-- CSS Files -->\r\n    <link href=\"@assetFolder/css/material-kit.css?v=2.0.4\" rel=\"stylesheet\" />\r\n\r\n    <!-- Fonts and icons -->\r\n    <link rel=\"stylesheet\" type=\"text/css\" href=\"https://fonts.googleapis.com/css?family=Roboto:300,400,500,700|Roboto+Slab:400,700|Material+Icons\" />\r\n    <link rel=\"stylesheet\" href=\"https://maxcdn.bootstrapcdn.com/font-awesome/latest/css/font-awesome.min.css\">\r\n    \r\n    <link rel=\"stylesheet\" href=\"https://cdn.quilljs.com/1.3.6/quill.snow.css\">\r\n    \r\n    @RenderSection(\"Schema\", false)     \r\n    \r\n    @RenderSection(\"Seo\", false)     \r\n    <!--[STYLES]-->\r\n    @RenderSection(\"Styles\", false)    \r\n    \r\n    <script src=\"@assetFolder/js/core/jquery.min.js\" type=\"text/javascript\"></script>\r\n</head>\r\n\r\n<body class=\"@ViewData[\"PageClass\"] sidebar-collapse\">    \r\n    \r\n    @RenderBody()   \r\n\r\n    <partial name=\"../Widgets/SubscribeModal.cshtml\"/>\r\n    <partial name=\"../Widgets/ContactUsModal.cshtml\"/>\r\n\r\n\r\n    <!--   Core JS Files   -->\r\n    <script src=\"@assetFolder/js/core/popper.min.js\" type=\"text/javascript\"></script>\r\n    <script src=\"@assetFolder/js/core/bootstrap-material-design.min.js\" type=\"text/javascript\"></script>\r\n    <script src=\"@assetFolder/js/plugins/moment.min.js\"></script>\r\n    <!--\tPlugin for the Datepicker, full documentation here: https://github.com/Eonasdan/bootstrap-datetimepicker -->\r\n    <script src=\"@assetFolder/js/plugins/bootstrap-datetimepicker.js\" type=\"text/javascript\"></script>\r\n    <!--  Plugin for the Sliders, full documentation here: http://refreshless.com/nouislider/ -->\r\n    <script src=\"@assetFolder/js/plugins/nouislider.min.js\" type=\"text/javascript\"></script>\r\n    <!--  Google Maps Plugin  -->\r\n    <script type=\"text/javascript\" src=\"https://maps.googleapis.com/maps/api/js?key=YOUR_KEY_HERE\"></script>\r\n    <!-- Place this tag in your head or just before your close body tag. -->\r\n    <script async defer src=\"https://buttons.github.io/buttons.js\"></script>\r\n    <!-- Control Center for Material Kit: parallax effects, scripts for the example pages etc -->\r\n    <script src=\"@assetFolder/js/material-kit.js?v=2.0.4\" type=\"text/javascript\"></script>\r\n\r\n\r\n   <!--   Core JS Files   -->\r\n    <!-- <script src=\"~/assets/js/framework.min.js\"></script>\r\n    <script src=\"~/assets/js/app-client-required.min.js\"></script>\r\n    <script src=\"~/assets/js/app-client.min.js\"></script>\r\n    <script src=\"~/assets/js/app-shared.min.js\"></script> -->\r\n    <!--[SCRIPTS]-->\r\n    @RenderSection(\"Scripts\", false)\r\n\r\n</body>\r\n</html>","extension":".cshtml","fileFolder":"Views/Shared/Templates/[THEME_NAME]/Masters","fileName":"Layout","folderType":"Masters","scripts":"<script>\r\n\r\n</script>","styles":"<style>\r\n\r\n</style>","mixThemeName":"aaa","mixThemeId":1,"mixTheme":null,"id":1,"createdDateTime":"2021-11-28T11:06:40.0202858","lastModified":null,"createdBy":null,"modifiedBy":null,"priority":0,"status":"Published"},{"content":"@{\r\n    var banners = Model.GetModule(\"homeBanners\");\r\n    var highlighMdl = Model.GetModule(\"product_highlight\");\r\n    var ourTeamMdl = Model.GetModule(\"our_team\");\r\n    var contactUsMdl = Model.GetModule(\"work_with_us\");\r\n    var latestBlogPost = Model.GetModule(\"latest_blog_posts\");\r\n\r\n}\r\n\r\n<partial name=\"../Layouts/MainNavigation.cshtml\"/>\r\n@if(banners!=null)\r\n{\r\n    <partial name=\"../Widgets/PageHeroBanner.cshtml\"/>\r\n} \r\n<div class=\"main main-raised\">\r\n    <div class=\"section section-basic\">\r\n        <div class=\"container\">\r\n            @if(highlighMdl != null){\r\n                <partial name=\"@highlighMdl.Template.FilePath\" model=\"highlighMdl\"/>\r\n            }\r\n            @if(ourTeamMdl != null){\r\n                <partial name=\"@ourTeamMdl.Template.FilePath\" model=\"ourTeamMdl\"/>\r\n            }\r\n            @if(contactUsMdl != null){\r\n                <partial name=\"@contactUsMdl.Template.FilePath\" model=\"contactUsMdl\"/>\r\n            }\r\n            <!-- @Html.Raw(Model.Content) -->\r\n        </div>\r\n    </div>\r\n</div>","extension":".cshtml","fileFolder":"Views/Shared/Templates/[THEME_NAME]/Pages","fileName":"Home","folderType":"Pages","scripts":"<script>\r\n\r\n</script>","styles":"<style>\r\n\r\n</style>","mixThemeName":"aaa","mixThemeId":1,"mixTheme":null,"id":2,"createdDateTime":"2021-11-28T11:07:16.4617948","lastModified":null,"createdBy":null,"modifiedBy":null,"priority":0,"status":"Published"},{"content":"<!-- Modal -->\r\n<div class=\"modal fade\" id=\"subscribeModal\" tabindex=\"-1\" role=\"dialog\" aria-labelledby=\"subscribeModalLabel\" aria-hidden=\"true\">\r\n    <div class=\"modal-dialog\" role=\"document\">\r\n        <div class=\"modal-content\">\r\n        <div class=\"modal-header\">\r\n            <h5 class=\"modal-title\" id=\"subscribeModalLabel\">Subscribe submitted result</h5>\r\n            <button type=\"button\" class=\"close\" data-dismiss=\"modal\" aria-label=\"Close\">\r\n            <span aria-hidden=\"true\">&times;</span>\r\n            </button>\r\n        </div>\r\n        <div class=\"modal-body\">\r\n            Thanks for subscribing! We will keep you posted.\r\n        </div>\r\n        <div class=\"modal-footer\">\r\n            <button type=\"button\" class=\"btn btn-secondary\" data-dismiss=\"modal\">Close</button>\r\n        </div>\r\n        </div>\r\n    </div>\r\n</div>","extension":".cshtml","fileFolder":"Views/Shared/Templates/[THEME_NAME]/Widgets","fileName":"SubscribeModal","folderType":"Widgets","scripts":"<script>\r\n\r\n</script>","styles":"<style>\r\n\r\n</style>","mixThemeName":"aaa","mixThemeId":1,"mixTheme":null,"id":4,"createdDateTime":"2021-12-04T20:45:10.012674","lastModified":null,"createdBy":null,"modifiedBy":null,"priority":0,"status":"Published"},{"content":"<!-- Modal -->\r\n<div class=\"modal fade\" id=\"contactUsModal\" tabindex=\"-1\" role=\"dialog\" aria-labelledby=\"contactUsModalLabel\" aria-hidden=\"true\">\r\n    <div class=\"modal-dialog\" role=\"document\">\r\n        <div class=\"modal-content\">\r\n        <div class=\"modal-header\">\r\n            <h5 class=\"modal-title\" id=\"contactUsModalLabel\">Contact Us submitted result</h5>\r\n            <button type=\"button\" class=\"close\" data-dismiss=\"modal\" aria-label=\"Close\">\r\n            <span aria-hidden=\"true\">&times;</span>\r\n            </button>\r\n        </div>\r\n        <div class=\"modal-body\">\r\n            Thanks for subscribing! We will keep you posted.\r\n        </div>\r\n        <div class=\"modal-footer\">\r\n            <button type=\"button\" class=\"btn btn-secondary\" data-dismiss=\"modal\">Close</button>\r\n        </div>\r\n        </div>\r\n    </div>\r\n</div>","extension":".cshtml","fileFolder":"Views/Shared/Templates/[THEME_NAME]/Widgets","fileName":"ContactUsModal","folderType":"Widgets","scripts":"<script>\r\n\r\n</script>","styles":"<style>\r\n\r\n</style>","mixThemeName":"aaa","mixThemeId":1,"mixTheme":null,"id":5,"createdDateTime":"2021-12-04T20:45:36.3668483","lastModified":null,"createdBy":null,"modifiedBy":null,"priority":0,"status":"Published"},{"content":"<div class=\"section text-center\">\r\n    <div class=\"row\">\r\n        <div class=\"col-md-8 ml-auto mr-auto\">\r\n        <h2 class=\"title\">Let's talk product</h2>\r\n        <h5 class=\"description\">This is the paragraph where you can write more details about your product. Keep you user engaged by providing meaningful information. Remember that by this time, the user is curious, otherwise he wouldn&apos;t scroll to get here. Add a button if you want the user to see more.</h5>\r\n        </div>\r\n    </div>\r\n    <div class=\"features\">\r\n        <div class=\"row\">\r\n        @foreach(var item in Model.SimpleDatas.Items){\r\n            <!-- <p>@item.Property(\"address\")</p> -->\r\n            \r\n            <div class=\"col-md-4\">\r\n                <div class=\"info\">\r\n                <div class=\"icon @item.Property(\"iconColor\")\">\r\n                    <i class=\"material-icons\">@item.Property(\"materialIcons\")</i>\r\n                </div>\r\n                <h4 class=\"info-title\">@item.Property(\"title\")</h4>\r\n                <p>@item.Property(\"description\")</p>\r\n                </div>\r\n            </div>\r\n        }\r\n        </div>\r\n    </div>\r\n</div>","extension":".cshtml","fileFolder":"Views/Shared/Templates/[THEME_NAME]/Modules","fileName":"ProductHighlight","folderType":"Modules","scripts":"<script>\r\n\r\n</script>","styles":"<style>\r\n\r\n</style>","mixThemeName":"aaa","mixThemeId":1,"mixTheme":null,"id":6,"createdDateTime":"2021-12-06T13:56:23.9179295","lastModified":null,"createdBy":"admin","modifiedBy":null,"priority":0,"status":"Published"},{"content":"@{\r\n    string culture = ViewBag.culture;\r\n    var topNavi = await MixHelper.GetNavigationAsync(\"top\", ViewBag.culture, Url);\r\n}\r\n\r\n<nav class=\"navbar navbar-transparent navbar-color-on-scroll fixed-top navbar-expand-lg\" color-on-scroll=\"100\" id=\"sectionsNav\">\r\n    <div class=\"container\">\r\n        <div class=\"navbar-translate\">\r\n        <a class=\"navbar-brand\" href=\"/\">\r\n            Mixcore Material Kit </a>\r\n        <button class=\"navbar-toggler\" type=\"button\" data-toggle=\"collapse\" aria-expanded=\"false\" aria-label=\"Toggle navigation\">\r\n            <span class=\"sr-only\">Toggle navigation</span>\r\n            <span class=\"navbar-toggler-icon\"></span>\r\n            <span class=\"navbar-toggler-icon\"></span>\r\n            <span class=\"navbar-toggler-icon\"></span>\r\n        </button>\r\n        </div>\r\n        <div class=\"collapse navbar-collapse\">\r\n        <ul class=\"navbar-nav ml-auto\">\r\n            @if (topNavi != null)\r\n            {\r\n                @foreach (var menuItem in topNavi.MenuItems)\r\n                {\r\n                    string activedClass = menuItem.IsActive ? \"active\" : string.Empty;\r\n                    <li class=\"nav-item @activedClass\">\r\n                    <a class=\"nav-link d-flex\" href=\"@menuItem.Uri\">\r\n                        <i class=\"@menuItem.Icon\"></i> @menuItem.Title\r\n                    </a>\r\n                    </li>\r\n                }\r\n            }\r\n            <li class=\"nav-item\">\r\n            <a class=\"nav-link\" rel=\"tooltip\" title=\"\" data-placement=\"bottom\" href=\"https://github.com/mixcore/mix.core\" target=\"_blank\" data-original-title=\"Follow us on Github\" rel=\"nofollow\">\r\n                <i class=\"fa fa-github\"></i>\r\n            </a>\r\n            </li>\r\n            <li class=\"nav-item\">\r\n            <a class=\"nav-link\" rel=\"tooltip\" title=\"\" data-placement=\"bottom\" href=\"https://fb.com/mixcore.org\" target=\"_blank\" data-original-title=\"Like us on Facebook\" rel=\"nofollow\">\r\n                <i class=\"fa fa-facebook-square\"></i>\r\n            </a>\r\n            </li>\r\n            <li class=\"nav-item\">\r\n            <a class=\"nav-link\" rel=\"tooltip\" title=\"\" data-placement=\"bottom\" href=\"https://www.youtube.com/channel/UChqzh6JnC8HBUSQ9AWIcZAw\" target=\"_blank\" data-original-title=\"Follow us on Youtube\" rel=\"nofollow\">\r\n                <i class=\"fa fa-youtube\"></i>\r\n            </a>\r\n            </li>\r\n        </ul>\r\n        </div>\r\n    </div>\r\n</nav>","extension":".cshtml","fileFolder":"Views/Shared/Templates/[THEME_NAME]/Layouts","fileName":"MainNavigation","folderType":"Layouts","scripts":"<script>\r\n\r\n</script>","styles":"<style>\r\n\r\n</style>","mixThemeName":"aaa","mixThemeId":1,"mixTheme":null,"id":8,"createdDateTime":"2021-12-09T09:03:56.6613403","lastModified":null,"createdBy":null,"modifiedBy":null,"priority":0,"status":"Published"},{"content":"@{\r\n}\r\n\r\n<div class=\"main main-raised\">\r\n    <div class=\"section section-basic\">\r\n        <div class=\"container\">            \r\n            @foreach(var mdl in Model.Modules){\r\n                <partial name=\"@mdl.Template.FilePath\" model=\"@mdl\"/>\r\n            }\r\n        </div>\r\n    </div>\r\n</div>","extension":".cshtml","fileFolder":"Views/Shared/Templates/[THEME_NAME]/Pages","fileName":"Modules","folderType":"Pages","scripts":"<script>\r\n\r\n</script>","styles":"<style>\r\n\r\n</style>","mixThemeName":"aaa","mixThemeId":1,"mixTheme":null,"id":9,"createdDateTime":"2021-12-13T08:59:04.6922159","lastModified":null,"createdBy":null,"modifiedBy":null,"priority":0,"status":"Published"},{"content":"@{ \r\n  string h1Text = Model.Property<string>(\"bannerH1Text\");\r\n  string description = Model.Property<string>(\"bannerDescription\");\r\n  string bgUrl = Model.Property<string>(\"bannerImgSrc\");\r\n  string ctaText = Model.Property<string>(\"bannerCtaText\"); \r\n  string ctaUrl = Model.Property<string>(\"bannerCtaUrl\"); \r\n}\r\n<div class=\"page-header header-filter\" data-parallax=\"true\" style=\"background-image: url('@bgUrl')\">\r\n    <div class=\"container\">\r\n      <div class=\"row\">\r\n        <div class=\"col-md-6\">\r\n          <h1 class=\"title\">@h1Text</h1>\r\n          <h4>@description</h4>\r\n          <br>\r\n          <a href=\"@ctaUrl\" target=\"_blank\" class=\"btn btn-danger btn-raised btn-lg\">\r\n            <i class=\"@(Model.Property<string>(\"url_icon\"))\"></i> @ctaText \r\n          </a>\r\n        </div>\r\n      </div>\r\n    </div>\r\n  </div>","extension":".cshtml","fileFolder":"Views/Shared/Templates/[THEME_NAME]/Widgets","fileName":"PageHeroBanner","folderType":"Widgets","scripts":"<script>\r\n\r\n</script>","styles":"<style>\r\n\r\n</style>","mixThemeName":"aaa","mixThemeId":1,"mixTheme":null,"id":10,"createdDateTime":"2021-12-13T15:51:13.0729098","lastModified":null,"createdBy":null,"modifiedBy":null,"priority":0,"status":"Published"}],"configurations":[],"languages":[],"mixDatabaseColumns":[{"systemName":"avatar","displayName":"Avatar","mixDatabaseName":"sysUserData","dataType":"Upload","configurations":"{\"IsEncrypt\":false,\"Upload\":{\"ArrayAccepts\":[],\"Accepts\":\"\",\"IsCrop\":false}}","referenceId":null,"defaultValue":null,"mixDatabaseId":1,"mixDatabase":null,"id":1,"createdDateTime":"2021-11-28T07:06:24.1563282","lastModified":null,"createdBy":null,"modifiedBy":null,"priority":1,"status":"Published"},{"systemName":"title","displayName":"Title","mixDatabaseName":"sysCategory","dataType":"Text","configurations":"{\"IsEncrypt\":false,\"Upload\":{\"ArrayAccepts\":[],\"Accepts\":\"\",\"IsCrop\":false}}","referenceId":null,"defaultValue":null,"mixDatabaseId":2,"mixDatabase":null,"id":2,"createdDateTime":"2021-11-29T14:01:45.6039595","lastModified":null,"createdBy":null,"modifiedBy":null,"priority":1,"status":"Published"},{"systemName":"description","displayName":"Description","mixDatabaseName":"sysCategory","dataType":"Text","configurations":"{\"IsEncrypt\":false,\"Upload\":{\"ArrayAccepts\":[],\"Accepts\":\"\",\"IsCrop\":false}}","referenceId":null,"defaultValue":null,"mixDatabaseId":2,"mixDatabase":null,"id":3,"createdDateTime":"2021-11-29T14:01:45.6804102","lastModified":null,"createdBy":null,"modifiedBy":null,"priority":2,"status":"Published"},{"systemName":"icon","displayName":"Banner CTA Icon","mixDatabaseName":"sysPageColumn","dataType":"Icon","configurations":"{\"IsEncrypt\":false,\"Upload\":{\"ArrayAccepts\":[],\"Accepts\":\"\",\"IsCrop\":false}}","referenceId":null,"defaultValue":null,"mixDatabaseId":3,"mixDatabase":null,"id":5,"createdDateTime":"2021-12-11T03:53:51.2669721","lastModified":null,"createdBy":null,"modifiedBy":null,"priority":4,"status":"Published"},{"systemName":"bannerImgSrc","displayName":"Banner Img Src","mixDatabaseName":"sysPageColumn","dataType":"Upload","configurations":"{\"IsEncrypt\":false,\"Upload\":{\"ArrayAccepts\":[],\"Accepts\":\"\",\"IsCrop\":false}}","referenceId":null,"defaultValue":null,"mixDatabaseId":3,"mixDatabase":null,"id":9,"createdDateTime":"2021-12-15T02:26:40.9065647","lastModified":null,"createdBy":null,"modifiedBy":null,"priority":0,"status":"Published"},{"systemName":"bannerH1Text","displayName":"Banner H1 Text","mixDatabaseName":"sysPageColumn","dataType":"Text","configurations":"{\"IsEncrypt\":false,\"Upload\":{\"ArrayAccepts\":[],\"Accepts\":\"\",\"IsCrop\":false}}","referenceId":null,"defaultValue":null,"mixDatabaseId":3,"mixDatabase":null,"id":10,"createdDateTime":"2021-12-15T02:26:40.9739067","lastModified":null,"createdBy":null,"modifiedBy":null,"priority":1,"status":"Published"},{"systemName":"bannerDescription","displayName":"Banner Description","mixDatabaseName":"sysPageColumn","dataType":"MultilineText","configurations":"{\"IsEncrypt\":false,\"Upload\":{\"ArrayAccepts\":[],\"Accepts\":\"\",\"IsCrop\":false}}","referenceId":null,"defaultValue":null,"mixDatabaseId":3,"mixDatabase":null,"id":11,"createdDateTime":"2021-12-15T02:26:40.9750433","lastModified":null,"createdBy":null,"modifiedBy":null,"priority":2,"status":"Published"},{"systemName":"bannerCtaText","displayName":"Banner CTA Text","mixDatabaseName":"sysPageColumn","dataType":"Text","configurations":"{\"IsEncrypt\":false,\"Upload\":{\"ArrayAccepts\":[],\"Accepts\":\"\",\"IsCrop\":false}}","referenceId":null,"defaultValue":null,"mixDatabaseId":3,"mixDatabase":null,"id":12,"createdDateTime":"2021-12-15T02:26:40.9754286","lastModified":null,"createdBy":null,"modifiedBy":null,"priority":3,"status":"Published"},{"systemName":"bannerCtaUrl","displayName":"Banner CTA Url","mixDatabaseName":"sysPageColumn","dataType":"Text","configurations":"{\"IsEncrypt\":false,\"Upload\":{\"ArrayAccepts\":[],\"Accepts\":\"\",\"IsCrop\":false}}","referenceId":null,"defaultValue":null,"mixDatabaseId":3,"mixDatabase":null,"id":13,"createdDateTime":"2021-12-15T02:26:40.9868065","lastModified":null,"createdBy":null,"modifiedBy":null,"priority":5,"status":"Published"},{"systemName":"icon","displayName":"Icon","mixDatabaseName":"sysModuleColumn","dataType":"Icon","configurations":"{\"IsEncrypt\":false,\"Upload\":{\"ArrayAccepts\":[],\"Accepts\":\"\",\"IsCrop\":false}}","referenceId":null,"defaultValue":null,"mixDatabaseId":5,"mixDatabase":null,"id":8,"createdDateTime":"2021-12-12T16:48:07.3492467","lastModified":null,"createdBy":null,"modifiedBy":null,"priority":1,"status":"Published"},{"systemName":"menuItems","displayName":"Menu Items","mixDatabaseName":"sysNavigation","dataType":"Reference","configurations":"{\"IsEncrypt\":false,\"Upload\":{\"ArrayAccepts\":[],\"Accepts\":\"\",\"IsCrop\":false}}","referenceId":null,"defaultValue":null,"mixDatabaseId":6,"mixDatabase":null,"id":4,"createdDateTime":"2021-12-11T02:59:49.7688455","lastModified":null,"createdBy":null,"modifiedBy":null,"priority":1,"status":"Published"},{"systemName":"title","displayName":"Title","mixDatabaseName":"sysMedia","dataType":"Text","configurations":"{\"IsEncrypt\":false,\"Upload\":{\"ArrayAccepts\":[],\"Accepts\":\"\",\"IsCrop\":false}}","referenceId":null,"defaultValue":null,"mixDatabaseId":9,"mixDatabase":null,"id":6,"createdDateTime":"2021-12-12T09:22:50.1752819","lastModified":null,"createdBy":null,"modifiedBy":null,"priority":1,"status":"Published"},{"systemName":"file","displayName":"File","mixDatabaseName":"sysMedia","dataType":"Upload","configurations":"{\"IsEncrypt\":false,\"Upload\":{\"ArrayAccepts\":[],\"Accepts\":\"\",\"IsCrop\":false}}","referenceId":null,"defaultValue":null,"mixDatabaseId":9,"mixDatabase":null,"id":7,"createdDateTime":"2021-12-12T09:22:50.2143987","lastModified":null,"createdBy":null,"modifiedBy":null,"priority":2,"status":"Published"}],"postContents":[],"pageContents":[{"className":null,"pageSize":null,"type":"Home","mixPage":null,"mixPostContents":null,"mixModuleContents":null,"mixDatabaseName":"sysPageColumn","mixDataContentId":null,"mixDataContent":null,"title":"Page 1","excerpt":null,"content":null,"layoutId":1,"templateId":2,"image":null,"source":null,"seoDescription":null,"seoKeywords":"Page 1","seoName":"page-1","seoTitle":"Page 1","publishedDateTime":null,"specificulture":"en-us","parentId":1,"mixCultureId":1,"mixCulture":null,"id":1,"createdDateTime":"2021-12-07T00:00:00","lastModified":null,"createdBy":null,"modifiedBy":null,"priority":0,"status":"Published"}],"moduleContents":[{"systemName":"product_highlight","className":null,"pageSize":null,"type":"Content","simpleDataColumns":"[{\"SystemName\":\"title\",\"DisplayName\":\"Title\",\"DataType\":7,\"DefaultValue\":null,\"Priority\":0,\"ColumnConfigurations\":{\"IsEncrypt\":false,\"MaxLength\":null,\"BelongTo\":null,\"OptionsConfigurationName\":null,\"Upload\":{\"ArrayAccepts\":[],\"Accepts\":\"\",\"Width\":null,\"Height\":null,\"IsCrop\":false}}},{\"SystemName\":\"description\",\"DisplayName\":\"Description\",\"DataType\":7,\"DefaultValue\":null,\"Priority\":0,\"ColumnConfigurations\":{\"IsEncrypt\":false,\"MaxLength\":null,\"BelongTo\":null,\"OptionsConfigurationName\":null,\"Upload\":{\"ArrayAccepts\":[],\"Accepts\":\"\",\"Width\":null,\"Height\":null,\"IsCrop\":false}}},{\"SystemName\":\"materialIcons\",\"DisplayName\":\"Material Icons\",\"DataType\":7,\"DefaultValue\":null,\"Priority\":0,\"ColumnConfigurations\":{\"IsEncrypt\":false,\"MaxLength\":null,\"BelongTo\":null,\"OptionsConfigurationName\":null,\"Upload\":{\"ArrayAccepts\":[],\"Accepts\":\"\",\"Width\":null,\"Height\":null,\"IsCrop\":false}}},{\"SystemName\":\"iconColor\",\"DisplayName\":\"Icon Color\",\"DataType\":7,\"DefaultValue\":null,\"Priority\":0,\"ColumnConfigurations\":{\"IsEncrypt\":false,\"MaxLength\":null,\"BelongTo\":null,\"OptionsConfigurationName\":null,\"Upload\":{\"ArrayAccepts\":[],\"Accepts\":\"\",\"Width\":null,\"Height\":null,\"IsCrop\":false}}}]","mixModule":null,"mixPostContents":null,"mixDatabaseName":null,"mixDataContentId":null,"mixDataContent":null,"title":"Product Highlight","excerpt":null,"content":null,"layoutId":null,"templateId":6,"image":"/mix-app/assets/img/image_placeholder.jpg","source":null,"seoDescription":null,"seoKeywords":null,"seoName":null,"seoTitle":null,"publishedDateTime":null,"specificulture":"en-us","parentId":2,"mixCultureId":1,"mixCulture":null,"id":2,"createdDateTime":"2021-12-06T13:56:54.8694363","lastModified":null,"createdBy":"admin","modifiedBy":null,"priority":0,"status":"Published"},{"systemName":"homeBanners","className":null,"pageSize":null,"type":"Content","simpleDataColumns":"[{\"SystemName\":\"title\",\"DisplayName\":\"Title\",\"DataType\":7,\"DefaultValue\":null,\"Priority\":0,\"ColumnConfigurations\":{\"IsEncrypt\":false,\"MaxLength\":null,\"BelongTo\":null,\"OptionsConfigurationName\":null,\"Upload\":{\"ArrayAccepts\":[],\"Accepts\":\"\",\"Width\":null,\"Height\":null,\"IsCrop\":false}}},{\"SystemName\":\"image\",\"DisplayName\":\"Image\",\"DataType\":16,\"DefaultValue\":null,\"Priority\":0,\"ColumnConfigurations\":{\"IsEncrypt\":false,\"MaxLength\":null,\"BelongTo\":null,\"OptionsConfigurationName\":null,\"Upload\":{\"ArrayAccepts\":[],\"Accepts\":\"\",\"Width\":null,\"Height\":null,\"IsCrop\":false}}}]","mixModule":null,"mixPostContents":null,"mixDatabaseName":null,"mixDataContentId":null,"mixDataContent":null,"title":"Banners","excerpt":null,"content":null,"layoutId":null,"templateId":6,"image":"/mix-app/assets/img/image_placeholder.jpg","source":null,"seoDescription":null,"seoKeywords":null,"seoName":null,"seoTitle":null,"publishedDateTime":null,"specificulture":"en-us","parentId":3,"mixCultureId":1,"mixCulture":null,"id":3,"createdDateTime":"2021-12-11T04:10:20.1547976","lastModified":null,"createdBy":"admin","modifiedBy":null,"priority":0,"status":"Published"}],"configurationContents":[],"languageContents":[],"datas":[],"dataContents":[],"dataContentValues":[],"dataContentAssociations":[],"moduleDatas":[],"pagePosts":[],"pageModules":[{"leftId":1,"rightId":3,"id":31,"createdDateTime":"2021-12-12T07:39:37.2100805","lastModified":null,"createdBy":null,"modifiedBy":null,"priority":3,"status":"Published"},{"leftId":1,"rightId":2,"id":39,"createdDateTime":"2021-12-12T08:10:31.6730301","lastModified":null,"createdBy":null,"modifiedBy":null,"priority":4,"status":"Published"}],"modulePosts":[],"mixUrlAliases":[]}
