{
  "createdBy": null,
  "posts": [],
  "pages": [
    {
      "id": 1,
      "specificulture": "vi-vn",
      "cultures": null,
      "template": "Pages/_Tag.cshtml",
      "thumbnail": null,
      "image": "/mix-app/assets/img/bgs/home.jpg",
      "icon": null,
      "cssClass": null,
      "layout": "Masters/_Layout.cshtml",
      "title": "Tag",
      "excerpt": null,
      "content": null,
      "seoName": "tag",
      "seoTitle": "tag",
      "seoDescription": "tag",
      "seoKeywords": "tag",
      "source": null,
      "views": null,
      "type": 3,
      "tags": null,
      "staticUrl": null,
      "level": 0,
      "pageSize": null,
      "createdBy": "administrator",
      "createdDateTime": "2021-07-17T03:10:16.035626",
      "modifiedBy": null,
      "lastModified": "2019-07-13T01:41:55.923",
      "priority": 0,
      "status": 2,
      "urlAliases": [],
      "isExportData": true,
      "themeName": "default",
      "relatedData": null
    },
    {
      "id": 2,
      "specificulture": "vi-vn",
      "cultures": null,
      "template": "Pages/_Search.cshtml",
      "thumbnail": null,
      "image": "/mix-app/assets/img/bgs/home.jpg",
      "icon": null,
      "cssClass": null,
      "layout": "Masters/_Layout.cshtml",
      "title": "Search",
      "excerpt": null,
      "content": null,
      "seoName": "search",
      "seoTitle": "search",
      "seoDescription": "search",
      "seoKeywords": "search",
      "source": null,
      "views": null,
      "type": 3,
      "tags": null,
      "staticUrl": null,
      "level": 0,
      "pageSize": null,
      "createdBy": "administrator",
      "createdDateTime": "2021-07-17T03:10:16.1001306",
      "modifiedBy": null,
      "lastModified": "2019-07-13T01:41:41.72",
      "priority": 0,
      "status": 2,
      "urlAliases": [],
      "isExportData": true,
      "themeName": "default",
      "relatedData": null
    },
    {
      "id": 3,
      "specificulture": "vi-vn",
      "cultures": null,
      "template": "Pages/_Error.cshtml",
      "thumbnail": null,
      "image": "/mix-app/assets/img/bgs/maintenance.jpg",
      "icon": null,
      "cssClass": null,
      "layout": "Masters/_Blank.cshtml",
      "title": "404",
      "excerpt": null,
      "content": null,
      "seoName": "404",
      "seoTitle": "404",
      "seoDescription": "404",
      "seoKeywords": "404",
      "source": null,
      "views": null,
      "type": 3,
      "tags": null,
      "staticUrl": null,
      "level": 0,
      "pageSize": null,
      "createdBy": "administrator",
      "createdDateTime": "2021-07-17T03:10:16.1154281",
      "modifiedBy": null,
      "lastModified": "2019-07-13T01:43:50.107",
      "priority": 0,
      "status": 2,
      "urlAliases": [],
      "isExportData": true,
      "themeName": "default",
      "relatedData": null
    },
    {
      "id": 4,
      "specificulture": "vi-vn",
      "cultures": null,
      "template": "Pages/_Error.cshtml",
      "thumbnail": null,
      "image": "/mix-app/assets/img/bgs/maintenance.jpg",
      "icon": null,
      "cssClass": null,
      "layout": "Masters/_Blank.cshtml",
      "title": "403",
      "excerpt": null,
      "content": null,
      "seoName": "403",
      "seoTitle": "403",
      "seoDescription": "403",
      "seoKeywords": "403",
      "source": null,
      "views": null,
      "type": 3,
      "tags": null,
      "staticUrl": null,
      "level": 0,
      "pageSize": null,
      "createdBy": "administrator",
      "createdDateTime": "2021-07-17T03:10:16.1297743",
      "modifiedBy": null,
      "lastModified": "2019-07-13T01:44:08.35",
      "priority": 0,
      "status": 2,
      "urlAliases": [],
      "isExportData": true,
      "themeName": "default",
      "relatedData": null
    },
    {
      "id": 5,
      "specificulture": "vi-vn",
      "cultures": null,
      "template": "Pages/_Error.cshtml",
      "thumbnail": null,
      "image": "/mix-app/assets/img/bgs/maintenance.jpg",
      "icon": null,
      "cssClass": null,
      "layout": "Masters/_Blank.cshtml",
      "title": "500",
      "excerpt": null,
      "content": null,
      "seoName": "500",
      "seoTitle": "500",
      "seoDescription": "500",
      "seoKeywords": "500",
      "source": null,
      "views": null,
      "type": 3,
      "tags": null,
      "staticUrl": null,
      "level": 0,
      "pageSize": null,
      "createdBy": "administrator",
      "createdDateTime": "2021-07-17T03:10:16.1441683",
      "modifiedBy": null,
      "lastModified": "2019-07-13T01:46:15.697",
      "priority": 0,
      "status": 2,
      "urlAliases": [],
      "isExportData": true,
      "themeName": "default",
      "relatedData": null
    },
    {
      "id": 6,
      "specificulture": "vi-vn",
      "cultures": null,
      "template": "Pages/_Error.cshtml",
      "thumbnail": null,
      "image": "/mix-app/assets/img/bgs/maintenance.jpg",
      "icon": null,
      "cssClass": null,
      "layout": "Masters/_Blank.cshtml",
      "title": "Maintenance",
      "excerpt": null,
      "content": null,
      "seoName": "maintenance",
      "seoTitle": "maintenance",
      "seoDescription": "maintenance",
      "seoKeywords": "maintenance",
      "source": null,
      "views": null,
      "type": 3,
      "tags": null,
      "staticUrl": null,
      "level": 0,
      "pageSize": null,
      "createdBy": "administrator",
      "createdDateTime": "2021-07-17T03:10:16.1579075",
      "modifiedBy": null,
      "lastModified": "2020-06-18T05:43:45.593",
      "priority": 0,
      "status": 2,
      "urlAliases": [],
      "isExportData": true,
      "themeName": "default",
      "relatedData": null
    },
    {
      "id": 7,
      "specificulture": "vi-vn",
      "cultures": null,
      "template": "Pages/Home_Modules.cshtml",
      "thumbnail": null,
      "image": "mix-app/assets/img/bgs/home.jpg",
      "icon": null,
      "cssClass": null,
      "layout": "Masters/_Layout.cshtml",
      "title": "Home",
      "excerpt": null,
      "content": null,
      "seoName": "home",
      "seoTitle": "home",
      "seoDescription": "home",
      "seoKeywords": "home",
      "source": null,
      "views": null,
      "type": 1,
      "tags": null,
      "staticUrl": null,
      "level": 0,
      "pageSize": null,
      "createdBy": "administrator",
      "createdDateTime": "2021-07-17T03:10:16.1723926",
      "modifiedBy": "administrator",
      "lastModified": "2021-07-17T04:01:17.4237433",
      "priority": 0,
      "status": 2,
      "urlAliases": [],
      "isExportData": true,
      "themeName": "default",
      "relatedData": {
        "id": "ed0fe7b1-191c-46ae-b767-22fa0d66ae50",
        "specificulture": "vi-vn",
        "dataId": "830e0c8f-58a3-48f8-996b-c4d5bed9304a",
        "cultures": null,
        "parentId": "7",
        "parentType": 2,
        "mixDatabaseId": 3,
        "mixDatabaseName": "sys_additional_field_page",
        "description": null,
        "CreatedBy": null,
        "createdDateTime": "2021-07-17T03:21:00.4160701",
        "modifiedBy": null,
        "lastModified": null,
        "priority": 0,
        "status": 2,
        "isProcessed": false
      }
    }
  ],
  "modules": [
    {
      "id": 1,
      "specificulture": "vi-vn",
      "cultures": null,
      "name": "slider",
      "image": "mix-app/assets/img/image_placeholder.jpg",
      "thumbnail": "/mix-app/assets/img/image_placeholder.jpg",
      "template": "Modules/Slider.cshtml",
      "formTemplate": "Forms/_Blank.cshtml",
      "edmTemplate": "Edms/_Blank.cshtml",
      "title": "Slider",
      "description": null,
      "fields": "[{\"name\":\"title\",\"title\":\"Title\",\"defaultValue\":null,\"options\":[],\"priority\":0,\"dataType\":7,\"isUnique\":false,\"isRequired\":false,\"isDisplay\":true,\"isSelect\":false,\"isGroupBy\":false,\"width\":3,\"columnConfigurations\":{\"maxLength\":null,\"belongTo\":null,\"optionsConfigurationName\":null,\"upload\":{\"arrayAccepts\":[],\"accepts\":\"\",\"width\":null,\"height\":null,\"isCrop\":false}}},{\"name\":\"description\",\"title\":\"Description\",\"defaultValue\":null,\"options\":[],\"priority\":0,\"dataType\":9,\"isUnique\":false,\"isRequired\":false,\"isDisplay\":true,\"isSelect\":false,\"isGroupBy\":false,\"width\":3,\"columnConfigurations\":{\"maxLength\":null,\"belongTo\":null,\"optionsConfigurationName\":null,\"upload\":{\"arrayAccepts\":[],\"accepts\":\"\",\"width\":null,\"height\":null,\"isCrop\":false}}},{\"name\":\"image\",\"title\":\"Image\",\"defaultValue\":null,\"options\":[],\"priority\":0,\"dataType\":16,\"isUnique\":false,\"isRequired\":false,\"isDisplay\":true,\"isSelect\":false,\"isGroupBy\":false,\"width\":3,\"columnConfigurations\":{\"maxLength\":null,\"belongTo\":null,\"optionsConfigurationName\":null,\"upload\":{\"arrayAccepts\":[],\"accepts\":\"\",\"width\":1725,\"height\":512,\"isCrop\":true}}},{\"name\":\"button_text\",\"title\":\"Button Text\",\"defaultValue\":null,\"options\":[],\"priority\":0,\"dataType\":7,\"isUnique\":false,\"isRequired\":false,\"isDisplay\":true,\"isSelect\":false,\"isGroupBy\":false,\"width\":3,\"columnConfigurations\":{\"maxLength\":null,\"belongTo\":null,\"optionsConfigurationName\":null,\"upload\":{\"arrayAccepts\":[],\"accepts\":\"\",\"width\":null,\"height\":null,\"isCrop\":false}}}]",
      "type": 1,
      "pageSize": null,
      "createdBy": "administrator",
      "createdDateTime": "2021-07-17T03:25:49.5547929",
      "modifiedBy": null,
      "lastModified": "2021-07-17T03:25:49.5547926",
      "priority": 0,
      "status": 2,
      "data": [],
      "postNavs": null,
      "postId": null,
      "pageId": 0,
      "isExportData": true,
      "relatedData": {
        "id": "377e060c-402c-409b-8aea-a7626a26f57c",
        "specificulture": "vi-vn",
        "dataId": "68051122-8297-48e7-ac11-54a509887fc3",
        "cultures": null,
        "parentId": "1",
        "parentType": 3,
        "mixDatabaseId": 4,
        "mixDatabaseName": "sys_additional_field_module",
        "description": null,
        "CreatedBy": null,
        "createdDateTime": "2021-07-17T03:25:49.716334",
        "modifiedBy": null,
        "lastModified": null,
        "priority": 0,
        "status": 2,
        "isProcessed": false
      }
    },
    {
      "id": 2,
      "specificulture": "vi-vn",
      "cultures": null,
      "name": "features",
      "image": "mix-app/assets/img/image_placeholder.jpg",
      "thumbnail": "/mix-app/assets/img/image_placeholder.jpg",
      "template": "Modules/Featuers.cshtml",
      "formTemplate": "Forms/_Blank.cshtml",
      "edmTemplate": "Edms/_Blank.cshtml",
      "title": "Features",
      "description": null,
      "fields": "[]",
      "type": 0,
      "pageSize": null,
      "createdBy": "administrator",
      "createdDateTime": "2021-07-17T03:47:00.9308912",
      "modifiedBy": null,
      "lastModified": "2021-07-17T03:47:00.9308904",
      "priority": 0,
      "status": 2,
      "data": [],
      "postNavs": null,
      "postId": null,
      "pageId": 0,
      "isExportData": true,
      "relatedData": {
        "id": "2735180a-ac25-408f-a8e1-0572c9a59185",
        "specificulture": "vi-vn",
        "dataId": "98c5f5a3-0dfc-4363-8d9e-7f01b2390ba9",
        "cultures": null,
        "parentId": "2",
        "parentType": 3,
        "mixDatabaseId": 4,
        "mixDatabaseName": "sys_additional_field_module",
        "description": null,
        "CreatedBy": null,
        "createdDateTime": "2021-07-17T03:47:01.0659559",
        "modifiedBy": null,
        "lastModified": null,
        "priority": 0,
        "status": 2,
        "isProcessed": false
      }
    }
  ],
  "mixDatabases": [
    {
      "id": 1,
      "ReferenceId": null,
      "type": "System",
      "title": "Menu Item",
      "name": "sys_menu_item",
      "description": null,
      "formTemplate": "Layouts/Footer.cshtml",
      "edmTemplate": "Layouts/Footer.cshtml",
      "edmSubject": null,
      "edmFrom": null,
      "edmAutoSend": null,
      "createdBy": "administrator",
      "createdDateTime": "2021-07-17T03:10:16.1910549",
      "modifiedBy": null,
      "lastModified": "2020-06-18T05:20:33.207",
      "priority": 0,
      "status": 2,
      "fields": [
        {
          "id": 1,
          "specificulture": null,
          "mixDatabaseId": 1,
          "mixDatabaseName": "sys_menu_item",
          "configurations": "{\"maxLength\":null,\"belongTo\":null,\"optionsConfigurationName\":null,\"upload\":{\"arrayAccepts\":[],\"accepts\":\"\",\"width\":null,\"height\":null,\"isCrop\":false}}",
          "referenceId": null,
          "regex": null,
          "isRegex": false,
          "title": "Title",
          "dataType": 7,
          "defaultValue": null,
          "strOptions": null,
          "options": null,
          "name": "title",
          "isRequire": true,
          "isEncrypt": false,
          "isSelect": false,
          "isUnique": false,
          "isMultiple": false,
          "createdBy": "administrator",
          "createdDateTime": "2021-07-17T03:10:16.3732662",
          "modifiedBy": null,
          "lastModified": null,
          "priority": 0,
          "status": 2,
          "columnConfigurations": {
            "maxLength": null,
            "belongTo": null,
            "optionsConfigurationName": null,
            "upload": {
              "arrayAccepts": [],
              "accepts": "",
              "width": null,
              "height": null,
              "isCrop": false
            }
          }
        },
        {
          "id": 2,
          "specificulture": null,
          "mixDatabaseId": 1,
          "mixDatabaseName": "sys_menu_item",
          "configurations": "{\"maxLength\":null,\"belongTo\":null,\"optionsConfigurationName\":null,\"upload\":{\"arrayAccepts\":[],\"accepts\":\"\",\"width\":null,\"height\":null,\"isCrop\":false}}",
          "referenceId": null,
          "regex": null,
          "isRegex": false,
          "title": "Uri",
          "dataType": 7,
          "defaultValue": null,
          "strOptions": "[]",
          "options": [],
          "name": "uri",
          "isRequire": false,
          "isEncrypt": false,
          "isSelect": false,
          "isUnique": false,
          "isMultiple": false,
          "createdBy": "administrator",
          "createdDateTime": "2021-07-17T03:10:16.4310113",
          "modifiedBy": null,
          "lastModified": null,
          "priority": 1,
          "status": 2,
          "columnConfigurations": {
            "maxLength": null,
            "belongTo": null,
            "optionsConfigurationName": null,
            "upload": {
              "arrayAccepts": [],
              "accepts": "",
              "width": null,
              "height": null,
              "isCrop": false
            }
          }
        },
        {
          "id": 3,
          "specificulture": null,
          "mixDatabaseId": 1,
          "mixDatabaseName": "sys_menu_item",
          "configurations": "{\"maxLength\":null,\"belongTo\":null,\"optionsConfigurationName\":null,\"upload\":{\"arrayAccepts\":[],\"accepts\":\"\",\"width\":null,\"height\":null,\"isCrop\":false}}",
          "referenceId": null,
          "regex": null,
          "isRegex": false,
          "title": "Icon",
          "dataType": 19,
          "defaultValue": null,
          "strOptions": "[]",
          "options": [],
          "name": "icon",
          "isRequire": false,
          "isEncrypt": false,
          "isSelect": false,
          "isUnique": false,
          "isMultiple": false,
          "createdBy": "administrator",
          "createdDateTime": "2021-07-17T03:10:16.4462089",
          "modifiedBy": null,
          "lastModified": null,
          "priority": 2,
          "status": 2,
          "columnConfigurations": {
            "maxLength": null,
            "belongTo": null,
            "optionsConfigurationName": null,
            "upload": {
              "arrayAccepts": [],
              "accepts": "",
              "width": null,
              "height": null,
              "isCrop": false
            }
          }
        },
        {
          "id": 4,
          "specificulture": null,
          "mixDatabaseId": 1,
          "mixDatabaseName": "sys_menu_item",
          "configurations": "{\"maxLength\":null,\"belongTo\":null,\"optionsConfigurationName\":null,\"upload\":{\"arrayAccepts\":[],\"accepts\":\"\",\"width\":null,\"height\":null,\"isCrop\":false}}",
          "referenceId": null,
          "regex": null,
          "isRegex": false,
          "title": "Type",
          "dataType": 7,
          "defaultValue": "Uri",
          "strOptions": "[\r\n  {\r\n    \"value\": \"Uri\",\r\n    \"dataType\": \"Text\"\r\n  },\r\n  {\r\n    \"value\": \"Page\",\r\n    \"dataType\": \"Text\"\r\n  },\r\n  {\r\n    \"value\": \"Post\",\r\n    \"dataType\": \"Text\"\r\n  }\r\n]",
          "options": [
            {
              "value": "Uri",
              "dataType": "Text"
            },
            {
              "value": "Page",
              "dataType": "Text"
            },
            {
              "value": "Post",
              "dataType": "Text"
            }
          ],
          "name": "type",
          "isRequire": false,
          "isEncrypt": false,
          "isSelect": true,
          "isUnique": false,
          "isMultiple": false,
          "createdBy": "administrator",
          "createdDateTime": "2021-07-17T03:10:16.4603385",
          "modifiedBy": null,
          "lastModified": null,
          "priority": 3,
          "status": 2,
          "columnConfigurations": {
            "maxLength": null,
            "belongTo": null,
            "optionsConfigurationName": null,
            "upload": {
              "arrayAccepts": [],
              "accepts": "",
              "width": null,
              "height": null,
              "isCrop": false
            }
          }
        },
        {
          "id": 5,
          "specificulture": null,
          "mixDatabaseId": 1,
          "mixDatabaseName": "sys_menu_item",
          "configurations": "{\"maxLength\":null,\"belongTo\":null,\"optionsConfigurationName\":null,\"upload\":{\"arrayAccepts\":[],\"accepts\":\"\",\"width\":null,\"height\":null,\"isCrop\":false}}",
          "referenceId": null,
          "regex": null,
          "isRegex": false,
          "title": "Target",
          "dataType": 7,
          "defaultValue": "_top",
          "strOptions": "[\r\n  {\r\n    \"value\": \"_blank\",\r\n    \"dataType\": \"Text\"\r\n  },\r\n  {\r\n    \"value\": \"_self\",\r\n    \"dataType\": \"Text\"\r\n  },\r\n  {\r\n    \"value\": \"_parent\",\r\n    \"dataType\": \"Text\"\r\n  },\r\n  {\r\n    \"value\": \"_top\",\r\n    \"dataType\": \"Text\"\r\n  },\r\n  {\r\n    \"value\": \"framename\",\r\n    \"dataType\": \"Text\"\r\n  }\r\n]",
          "options": [
            {
              "value": "_blank",
              "dataType": "Text"
            },
            {
              "value": "_self",
              "dataType": "Text"
            },
            {
              "value": "_parent",
              "dataType": "Text"
            },
            {
              "value": "_top",
              "dataType": "Text"
            },
            {
              "value": "framename",
              "dataType": "Text"
            }
          ],
          "name": "target",
          "isRequire": false,
          "isEncrypt": false,
          "isSelect": true,
          "isUnique": false,
          "isMultiple": false,
          "createdBy": "administrator",
          "createdDateTime": "2021-07-17T03:10:16.4724877",
          "modifiedBy": null,
          "lastModified": null,
          "priority": 4,
          "status": 2,
          "columnConfigurations": {
            "maxLength": null,
            "belongTo": null,
            "optionsConfigurationName": null,
            "upload": {
              "arrayAccepts": [],
              "accepts": "",
              "width": null,
              "height": null,
              "isCrop": false
            }
          }
        },
        {
          "id": 6,
          "specificulture": null,
          "mixDatabaseId": 1,
          "mixDatabaseName": "sys_menu_item",
          "configurations": "{\"maxLength\":null,\"belongTo\":null,\"optionsConfigurationName\":null,\"upload\":{\"arrayAccepts\":[],\"accepts\":\"\",\"width\":null,\"height\":null,\"isCrop\":false}}",
          "referenceId": null,
          "regex": null,
          "isRegex": false,
          "title": "Target Id",
          "dataType": 7,
          "defaultValue": "",
          "strOptions": "[]",
          "options": [],
          "name": "target_id",
          "isRequire": false,
          "isEncrypt": false,
          "isSelect": false,
          "isUnique": false,
          "isMultiple": false,
          "createdBy": "administrator",
          "createdDateTime": "2021-07-17T03:10:16.4866065",
          "modifiedBy": null,
          "lastModified": null,
          "priority": 4,
          "status": 2,
          "columnConfigurations": {
            "maxLength": null,
            "belongTo": null,
            "optionsConfigurationName": null,
            "upload": {
              "arrayAccepts": [],
              "accepts": "",
              "width": null,
              "height": null,
              "isCrop": false
            }
          }
        },
        {
          "id": 7,
          "specificulture": null,
          "mixDatabaseId": 1,
          "mixDatabaseName": "sys_menu_item",
          "configurations": "{\"maxLength\":null,\"belongTo\":null,\"optionsConfigurationName\":null,\"upload\":{\"arrayAccepts\":[],\"accepts\":\"\",\"width\":null,\"height\":null,\"isCrop\":false}}",
          "referenceId": null,
          "regex": null,
          "isRegex": false,
          "title": "Classes",
          "dataType": 7,
          "defaultValue": null,
          "strOptions": null,
          "options": null,
          "name": "classes",
          "isRequire": false,
          "isEncrypt": false,
          "isSelect": false,
          "isUnique": false,
          "isMultiple": false,
          "createdBy": "administrator",
          "createdDateTime": "2021-07-17T03:10:16.4981292",
          "modifiedBy": null,
          "lastModified": null,
          "priority": 5,
          "status": 2,
          "columnConfigurations": {
            "maxLength": null,
            "belongTo": null,
            "optionsConfigurationName": null,
            "upload": {
              "arrayAccepts": [],
              "accepts": "",
              "width": null,
              "height": null,
              "isCrop": false
            }
          }
        },
        {
          "id": 8,
          "specificulture": null,
          "mixDatabaseId": 1,
          "mixDatabaseName": "sys_menu_item",
          "configurations": "{\"maxLength\":null,\"belongTo\":null,\"optionsConfigurationName\":null,\"upload\":{\"arrayAccepts\":[],\"accepts\":\"\",\"width\":null,\"height\":null,\"isCrop\":false}}",
          "referenceId": null,
          "regex": null,
          "isRegex": false,
          "title": "Description",
          "dataType": 9,
          "defaultValue": null,
          "strOptions": null,
          "options": null,
          "name": "description",
          "isRequire": false,
          "isEncrypt": false,
          "isSelect": false,
          "isUnique": false,
          "isMultiple": false,
          "createdBy": "administrator",
          "createdDateTime": "2021-07-17T03:10:16.509619",
          "modifiedBy": null,
          "lastModified": null,
          "priority": 6,
          "status": 2,
          "columnConfigurations": {
            "maxLength": null,
            "belongTo": null,
            "optionsConfigurationName": null,
            "upload": {
              "arrayAccepts": [],
              "accepts": "",
              "width": null,
              "height": null,
              "isCrop": false
            }
          }
        },
        {
          "id": 9,
          "specificulture": null,
          "mixDatabaseId": 1,
          "mixDatabaseName": "sys_menu_item",
          "configurations": "{\"maxLength\":null,\"belongTo\":null,\"optionsConfigurationName\":null,\"upload\":{\"arrayAccepts\":[],\"accepts\":\"\",\"width\":null,\"height\":null,\"isCrop\":false}}",
          "referenceId": 1,
          "regex": null,
          "isRegex": false,
          "title": "Menu Items",
          "dataType": 23,
          "defaultValue": null,
          "strOptions": null,
          "options": null,
          "name": "menu_items",
          "isRequire": false,
          "isEncrypt": false,
          "isSelect": false,
          "isUnique": false,
          "isMultiple": false,
          "createdBy": "administrator",
          "createdDateTime": "2021-07-17T03:10:16.5210232",
          "modifiedBy": null,
          "lastModified": null,
          "priority": 7,
          "status": 2,
          "columnConfigurations": {
            "maxLength": null,
            "belongTo": null,
            "optionsConfigurationName": null,
            "upload": {
              "arrayAccepts": [],
              "accepts": "",
              "width": null,
              "height": null,
              "isCrop": false
            }
          }
        },
        {
          "id": 10,
          "specificulture": null,
          "mixDatabaseId": 1,
          "mixDatabaseName": "sys_menu_item",
          "configurations": "{\"maxLength\":null,\"belongTo\":null,\"optionsConfigurationName\":null,\"upload\":{\"arrayAccepts\":[],\"accepts\":\"\",\"width\":null,\"height\":null,\"isCrop\":false}}",
          "referenceId": null,
          "regex": null,
          "isRegex": false,
          "title": "Alt",
          "dataType": 7,
          "defaultValue": null,
          "strOptions": "[]",
          "options": [],
          "name": "alt",
          "isRequire": false,
          "isEncrypt": false,
          "isSelect": false,
          "isUnique": false,
          "isMultiple": false,
          "createdBy": "administrator",
          "createdDateTime": "2021-07-17T03:10:16.5326345",
          "modifiedBy": null,
          "lastModified": null,
          "priority": 8,
          "status": 2,
          "columnConfigurations": {
            "maxLength": null,
            "belongTo": null,
            "optionsConfigurationName": null,
            "upload": {
              "arrayAccepts": [],
              "accepts": "",
              "width": null,
              "height": null,
              "isCrop": false
            }
          }
        },
        {
          "id": 11,
          "specificulture": null,
          "mixDatabaseId": 1,
          "mixDatabaseName": "sys_menu_item",
          "configurations": "{\"maxLength\":null,\"belongTo\":null,\"optionsConfigurationName\":null,\"upload\":{\"arrayAccepts\":[],\"accepts\":\"\",\"width\":null,\"height\":null,\"isCrop\":false}}",
          "referenceId": null,
          "regex": null,
          "isRegex": false,
          "title": "Hreflang",
          "dataType": 7,
          "defaultValue": null,
          "strOptions": "[]",
          "options": [],
          "name": "hreflang",
          "isRequire": false,
          "isEncrypt": false,
          "isSelect": false,
          "isUnique": false,
          "isMultiple": false,
          "createdBy": "administrator",
          "createdDateTime": "2021-07-17T03:10:16.5442439",
          "modifiedBy": null,
          "lastModified": null,
          "priority": 9,
          "status": 2,
          "columnConfigurations": {
            "maxLength": null,
            "belongTo": null,
            "optionsConfigurationName": null,
            "upload": {
              "arrayAccepts": [],
              "accepts": "",
              "width": null,
              "height": null,
              "isCrop": false
            }
          }
        },
        {
          "id": 12,
          "specificulture": null,
          "mixDatabaseId": 1,
          "mixDatabaseName": "sys_menu_item",
          "configurations": "{\"maxLength\":null,\"belongTo\":null,\"optionsConfigurationName\":null,\"upload\":{\"arrayAccepts\":[],\"accepts\":\"\",\"width\":null,\"height\":null,\"isCrop\":false}}",
          "referenceId": null,
          "regex": null,
          "isRegex": false,
          "title": "Rel",
          "dataType": 7,
          "defaultValue": null,
          "strOptions": "[\r\n  {\r\n    \"value\": \"next\",\r\n    \"dataType\": \"Text\"\r\n  },\r\n  {\r\n    \"value\": \"nofollow\",\r\n    \"dataType\": \"Text\"\r\n  },\r\n  {\r\n    \"value\": \"noreferrer\",\r\n    \"dataType\": \"Text\"\r\n  },\r\n  {\r\n    \"value\": \"prev\",\r\n    \"dataType\": \"Text\"\r\n  }\r\n]",
          "options": [
            {
              "value": "next",
              "dataType": "Text"
            },
            {
              "value": "nofollow",
              "dataType": "Text"
            },
            {
              "value": "noreferrer",
              "dataType": "Text"
            },
            {
              "value": "prev",
              "dataType": "Text"
            }
          ],
          "name": "rel",
          "isRequire": false,
          "isEncrypt": false,
          "isSelect": true,
          "isUnique": false,
          "isMultiple": false,
          "createdBy": "administrator",
          "createdDateTime": "2021-07-17T03:10:16.5559508",
          "modifiedBy": null,
          "lastModified": null,
          "priority": 10,
          "status": 2,
          "columnConfigurations": {
            "maxLength": null,
            "belongTo": null,
            "optionsConfigurationName": null,
            "upload": {
              "arrayAccepts": [],
              "accepts": "",
              "width": null,
              "height": null,
              "isCrop": false
            }
          }
        }
      ],
      "isExportData": true
    },
    {
      "id": 2,
      "ReferenceId": null,
      "type": "System",
      "title": "Navigation",
      "name": "sys_navigation",
      "description": null,
      "formTemplate": "Forms/_Blank.cshtml",
      "edmTemplate": "Edms/_Blank.cshtml",
      "edmSubject": null,
      "edmFrom": null,
      "edmAutoSend": null,
      "createdBy": "administrator",
      "createdDateTime": "2021-07-17T03:10:16.2440828",
      "modifiedBy": null,
      "lastModified": null,
      "priority": 0,
      "status": 2,
      "fields": [
        {
          "id": 13,
          "specificulture": null,
          "mixDatabaseId": 2,
          "mixDatabaseName": "sys_navigation",
          "configurations": "{\"maxLength\":null,\"belongTo\":null,\"optionsConfigurationName\":null,\"upload\":{\"arrayAccepts\":[],\"accepts\":\"\",\"width\":null,\"height\":null,\"isCrop\":false}}",
          "referenceId": null,
          "regex": null,
          "isRegex": false,
          "title": "Title",
          "dataType": 7,
          "defaultValue": null,
          "strOptions": "[]",
          "options": [],
          "name": "title",
          "isRequire": true,
          "isEncrypt": false,
          "isSelect": false,
          "isUnique": false,
          "isMultiple": false,
          "createdBy": "administrator",
          "createdDateTime": "2021-07-17T03:10:16.5679706",
          "modifiedBy": null,
          "lastModified": null,
          "priority": 0,
          "status": 2,
          "columnConfigurations": {
            "maxLength": null,
            "belongTo": null,
            "optionsConfigurationName": null,
            "upload": {
              "arrayAccepts": [],
              "accepts": "",
              "width": null,
              "height": null,
              "isCrop": false
            }
          }
        },
        {
          "id": 14,
          "specificulture": null,
          "mixDatabaseId": 2,
          "mixDatabaseName": "sys_navigation",
          "configurations": "{\"maxLength\":null,\"belongTo\":null,\"optionsConfigurationName\":null,\"upload\":{\"arrayAccepts\":[],\"accepts\":\"\",\"width\":null,\"height\":null,\"isCrop\":false}}",
          "referenceId": null,
          "regex": null,
          "isRegex": false,
          "title": "Name",
          "dataType": 7,
          "defaultValue": null,
          "strOptions": null,
          "options": null,
          "name": "name",
          "isRequire": true,
          "isEncrypt": false,
          "isSelect": false,
          "isUnique": false,
          "isMultiple": false,
          "createdBy": "administrator",
          "createdDateTime": "2021-07-17T03:10:16.5795303",
          "modifiedBy": null,
          "lastModified": null,
          "priority": 1,
          "status": 2,
          "columnConfigurations": {
            "maxLength": null,
            "belongTo": null,
            "optionsConfigurationName": null,
            "upload": {
              "arrayAccepts": [],
              "accepts": "",
              "width": null,
              "height": null,
              "isCrop": false
            }
          }
        },
        {
          "id": 15,
          "specificulture": null,
          "mixDatabaseId": 2,
          "mixDatabaseName": "sys_navigation",
          "configurations": "{\"maxLength\":null,\"belongTo\":null,\"optionsConfigurationName\":null,\"upload\":{\"arrayAccepts\":[],\"accepts\":\"\",\"width\":null,\"height\":null,\"isCrop\":false}}",
          "referenceId": 1,
          "regex": null,
          "isRegex": false,
          "title": "Menu Items",
          "dataType": 23,
          "defaultValue": null,
          "strOptions": "[]",
          "options": [],
          "name": "menu_items",
          "isRequire": false,
          "isEncrypt": false,
          "isSelect": false,
          "isUnique": false,
          "isMultiple": false,
          "createdBy": "administrator",
          "createdDateTime": "2021-07-17T03:10:16.5910656",
          "modifiedBy": null,
          "lastModified": null,
          "priority": 2,
          "status": 2,
          "columnConfigurations": {
            "maxLength": null,
            "belongTo": null,
            "optionsConfigurationName": null,
            "upload": {
              "arrayAccepts": [],
              "accepts": "",
              "width": null,
              "height": null,
              "isCrop": false
            }
          }
        }
      ],
      "isExportData": true
    },
    {
      "id": 3,
      "ReferenceId": null,
      "type": "System",
      "title": "Page",
      "name": "sys_additional_field_page",
      "description": null,
      "formTemplate": "Forms/_Blank.cshtml",
      "edmTemplate": "Edms/_Blank.cshtml",
      "edmSubject": null,
      "edmFrom": null,
      "edmAutoSend": null,
      "createdBy": "administrator",
      "createdDateTime": "2021-07-17T03:10:16.2643701",
      "modifiedBy": null,
      "lastModified": null,
      "priority": 0,
      "status": 2,
      "fields": [],
      "isExportData": true
    },
    {
      "id": 4,
      "ReferenceId": null,
      "type": "System",
      "title": "Module",
      "name": "sys_additional_field_module",
      "description": null,
      "formTemplate": "Forms/_Blank.cshtml",
      "edmTemplate": "Edms/_Blank.cshtml",
      "edmSubject": null,
      "edmFrom": null,
      "edmAutoSend": null,
      "createdBy": "administrator",
      "createdDateTime": "2021-07-17T03:10:16.279656",
      "modifiedBy": null,
      "lastModified": null,
      "priority": 0,
      "status": 2,
      "fields": [],
      "isExportData": true
    },
    {
      "id": 5,
      "ReferenceId": null,
      "type": "System",
      "title": "Post",
      "name": "sys_additional_field_post",
      "description": null,
      "formTemplate": "Forms/_Blank.cshtml",
      "edmTemplate": "Edms/_Blank.cshtml",
      "edmSubject": null,
      "edmFrom": null,
      "edmAutoSend": null,
      "createdBy": "administrator",
      "createdDateTime": "2021-07-17T03:10:16.2977646",
      "modifiedBy": null,
      "lastModified": null,
      "priority": 0,
      "status": 2,
      "fields": [],
      "isExportData": true
    },
    {
      "id": 6,
      "ReferenceId": null,
      "type": "System",
      "title": "Additional Field",
      "name": "sys_additional_field",
      "description": null,
      "formTemplate": "Forms/_Blank.cshtml",
      "edmTemplate": "Edms/_Blank.cshtml",
      "edmSubject": null,
      "edmFrom": null,
      "edmAutoSend": null,
      "createdBy": "administrator",
      "createdDateTime": "2021-07-17T03:10:16.31455",
      "modifiedBy": null,
      "lastModified": null,
      "priority": 1,
      "status": 2,
      "fields": [],
      "isExportData": true
    },
    {
      "id": 7,
      "ReferenceId": null,
      "type": "System",
      "title": "Category",
      "name": "sys_category",
      "description": null,
      "formTemplate": null,
      "edmTemplate": null,
      "edmSubject": null,
      "edmFrom": null,
      "edmAutoSend": null,
      "createdBy": "administrator",
      "createdDateTime": "2021-07-17T03:10:16.3273766",
      "modifiedBy": null,
      "lastModified": null,
      "priority": 2,
      "status": 2,
      "fields": [
        {
          "id": 16,
          "specificulture": null,
          "mixDatabaseId": 7,
          "mixDatabaseName": "sys_category",
          "configurations": "{\"maxLength\":null,\"belongTo\":null,\"optionsConfigurationName\":null,\"upload\":{\"arrayAccepts\":[],\"accepts\":\"\",\"width\":null,\"height\":null,\"isCrop\":false}}",
          "referenceId": null,
          "regex": null,
          "isRegex": false,
          "title": "Title",
          "dataType": 7,
          "defaultValue": null,
          "strOptions": "[]",
          "options": [],
          "name": "title",
          "isRequire": true,
          "isEncrypt": false,
          "isSelect": false,
          "isUnique": true,
          "isMultiple": false,
          "createdBy": "administrator",
          "createdDateTime": "2021-07-17T03:10:16.604038",
          "modifiedBy": null,
          "lastModified": null,
          "priority": 1,
          "status": 2,
          "columnConfigurations": {
            "maxLength": null,
            "belongTo": null,
            "optionsConfigurationName": null,
            "upload": {
              "arrayAccepts": [],
              "accepts": "",
              "width": null,
              "height": null,
              "isCrop": false
            }
          }
        },
        {
          "id": 17,
          "specificulture": null,
          "mixDatabaseId": 7,
          "mixDatabaseName": "sys_category",
          "configurations": "{\"maxLength\":null,\"belongTo\":null,\"optionsConfigurationName\":null,\"upload\":{\"arrayAccepts\":[],\"accepts\":\"\",\"width\":null,\"height\":null,\"isCrop\":false}}",
          "referenceId": null,
          "regex": null,
          "isRegex": false,
          "title": "Slug",
          "dataType": 7,
          "defaultValue": null,
          "strOptions": "[]",
          "options": [],
          "name": "slug",
          "isRequire": true,
          "isEncrypt": false,
          "isSelect": false,
          "isUnique": true,
          "isMultiple": false,
          "createdBy": "administrator",
          "createdDateTime": "2021-07-17T03:10:16.6156388",
          "modifiedBy": null,
          "lastModified": null,
          "priority": 2,
          "status": 2,
          "columnConfigurations": {
            "maxLength": null,
            "belongTo": null,
            "optionsConfigurationName": null,
            "upload": {
              "arrayAccepts": [],
              "accepts": "",
              "width": null,
              "height": null,
              "isCrop": false
            }
          }
        },
        {
          "id": 18,
          "specificulture": null,
          "mixDatabaseId": 7,
          "mixDatabaseName": "sys_category",
          "configurations": "{\"maxLength\":null,\"belongTo\":null,\"optionsConfigurationName\":null,\"upload\":{\"arrayAccepts\":[],\"accepts\":\"\",\"width\":null,\"height\":null,\"isCrop\":false}}",
          "referenceId": null,
          "regex": null,
          "isRegex": false,
          "title": "Type",
          "dataType": 7,
          "defaultValue": "Post",
          "strOptions": "[\r\n  {\r\n    \"value\": \"Post\",\r\n    \"dataType\": \"Text\"\r\n  },\r\n  {\r\n    \"value\": \"Page\",\r\n    \"dataType\": \"Text\"\r\n  },\r\n  {\r\n    \"value\": \"Module\",\r\n    \"dataType\": \"Text\"\r\n  }\r\n]",
          "options": [
            {
              "value": "Post",
              "dataType": "Text"
            },
            {
              "value": "Page",
              "dataType": "Text"
            },
            {
              "value": "Module",
              "dataType": "Text"
            }
          ],
          "name": "type",
          "isRequire": false,
          "isEncrypt": false,
          "isSelect": true,
          "isUnique": false,
          "isMultiple": false,
          "createdBy": "administrator",
          "createdDateTime": "2021-07-17T03:10:16.6274613",
          "modifiedBy": null,
          "lastModified": null,
          "priority": 3,
          "status": 2,
          "columnConfigurations": {
            "maxLength": null,
            "belongTo": null,
            "optionsConfigurationName": null,
            "upload": {
              "arrayAccepts": [],
              "accepts": "",
              "width": null,
              "height": null,
              "isCrop": false
            }
          }
        },
        {
          "id": 19,
          "specificulture": null,
          "mixDatabaseId": 7,
          "mixDatabaseName": "sys_category",
          "configurations": "{\"maxLength\":null,\"belongTo\":null,\"optionsConfigurationName\":null,\"upload\":{\"arrayAccepts\":[],\"accepts\":\"\",\"width\":null,\"height\":null,\"isCrop\":false}}",
          "referenceId": null,
          "regex": null,
          "isRegex": false,
          "title": "Icon",
          "dataType": 19,
          "defaultValue": null,
          "strOptions": "[]",
          "options": [],
          "name": "icon",
          "isRequire": false,
          "isEncrypt": false,
          "isSelect": false,
          "isUnique": false,
          "isMultiple": false,
          "createdBy": "administrator",
          "createdDateTime": "2021-07-17T03:10:16.6393655",
          "modifiedBy": null,
          "lastModified": null,
          "priority": 4,
          "status": 2,
          "columnConfigurations": {
            "maxLength": null,
            "belongTo": null,
            "optionsConfigurationName": null,
            "upload": {
              "arrayAccepts": [],
              "accepts": "",
              "width": null,
              "height": null,
              "isCrop": false
            }
          }
        },
        {
          "id": 20,
          "specificulture": null,
          "mixDatabaseId": 7,
          "mixDatabaseName": "sys_category",
          "configurations": "{\"maxLength\":null,\"belongTo\":null,\"optionsConfigurationName\":null,\"upload\":{\"arrayAccepts\":[],\"accepts\":\"\",\"width\":null,\"height\":null,\"isCrop\":false}}",
          "referenceId": null,
          "regex": null,
          "isRegex": false,
          "title": "Description",
          "dataType": 9,
          "defaultValue": null,
          "strOptions": "[]",
          "options": [],
          "name": "description",
          "isRequire": false,
          "isEncrypt": false,
          "isSelect": false,
          "isUnique": false,
          "isMultiple": false,
          "createdBy": "administrator",
          "createdDateTime": "2021-07-17T03:10:16.6513552",
          "modifiedBy": null,
          "lastModified": null,
          "priority": 5,
          "status": 2,
          "columnConfigurations": {
            "maxLength": null,
            "belongTo": null,
            "optionsConfigurationName": null,
            "upload": {
              "arrayAccepts": [],
              "accepts": "",
              "width": null,
              "height": null,
              "isCrop": false
            }
          }
        }
      ],
      "isExportData": true
    },
    {
      "id": 8,
      "ReferenceId": null,
      "type": "System",
      "title": "Tag",
      "name": "sys_tag",
      "description": null,
      "formTemplate": "Forms/_Blank.cshtml",
      "edmTemplate": "Edms/_Blank.cshtml",
      "edmSubject": null,
      "edmFrom": null,
      "edmAutoSend": null,
      "createdBy": "administrator",
      "createdDateTime": "2021-07-17T03:10:16.3399975",
      "modifiedBy": null,
      "lastModified": null,
      "priority": 3,
      "status": 2,
      "fields": [
        {
          "id": 21,
          "specificulture": null,
          "mixDatabaseId": 8,
          "mixDatabaseName": "sys_tag",
          "configurations": "{\"maxLength\":null,\"belongTo\":null,\"optionsConfigurationName\":null,\"upload\":{\"arrayAccepts\":[],\"accepts\":\"\",\"width\":null,\"height\":null,\"isCrop\":false}}",
          "referenceId": null,
          "regex": null,
          "isRegex": false,
          "title": "Title",
          "dataType": 7,
          "defaultValue": null,
          "strOptions": "[]",
          "options": [],
          "name": "title",
          "isRequire": true,
          "isEncrypt": false,
          "isSelect": false,
          "isUnique": true,
          "isMultiple": false,
          "createdBy": "administrator",
          "createdDateTime": "2021-07-17T03:10:16.6646721",
          "modifiedBy": null,
          "lastModified": null,
          "priority": 1,
          "status": 2,
          "columnConfigurations": {
            "maxLength": null,
            "belongTo": null,
            "optionsConfigurationName": null,
            "upload": {
              "arrayAccepts": [],
              "accepts": "",
              "width": null,
              "height": null,
              "isCrop": false
            }
          }
        },
        {
          "id": 22,
          "specificulture": null,
          "mixDatabaseId": 8,
          "mixDatabaseName": "sys_tag",
          "configurations": "{\"maxLength\":null,\"belongTo\":null,\"optionsConfigurationName\":null,\"upload\":{\"arrayAccepts\":[],\"accepts\":\"\",\"width\":null,\"height\":null,\"isCrop\":false}}",
          "referenceId": null,
          "regex": null,
          "isRegex": false,
          "title": "Slug",
          "dataType": 7,
          "defaultValue": null,
          "strOptions": "[]",
          "options": [],
          "name": "slug",
          "isRequire": true,
          "isEncrypt": false,
          "isSelect": false,
          "isUnique": true,
          "isMultiple": false,
          "createdBy": "administrator",
          "createdDateTime": "2021-07-17T03:10:16.6776482",
          "modifiedBy": null,
          "lastModified": null,
          "priority": 2,
          "status": 2,
          "columnConfigurations": {
            "maxLength": null,
            "belongTo": null,
            "optionsConfigurationName": null,
            "upload": {
              "arrayAccepts": [],
              "accepts": "",
              "width": null,
              "height": null,
              "isCrop": false
            }
          }
        },
        {
          "id": 23,
          "specificulture": null,
          "mixDatabaseId": 8,
          "mixDatabaseName": "sys_tag",
          "configurations": "{\"maxLength\":null,\"belongTo\":null,\"optionsConfigurationName\":null,\"upload\":{\"arrayAccepts\":[],\"accepts\":\"\",\"width\":null,\"height\":null,\"isCrop\":false}}",
          "referenceId": null,
          "regex": null,
          "isRegex": false,
          "title": "Type",
          "dataType": 7,
          "defaultValue": "Post",
          "strOptions": "[]",
          "options": [],
          "name": "type",
          "isRequire": false,
          "isEncrypt": false,
          "isSelect": false,
          "isUnique": false,
          "isMultiple": false,
          "createdBy": "administrator",
          "createdDateTime": "2021-07-17T03:10:16.6893625",
          "modifiedBy": null,
          "lastModified": null,
          "priority": 3,
          "status": 2,
          "columnConfigurations": {
            "maxLength": null,
            "belongTo": null,
            "optionsConfigurationName": null,
            "upload": {
              "arrayAccepts": [],
              "accepts": "",
              "width": null,
              "height": null,
              "isCrop": false
            }
          }
        }
      ],
      "isExportData": true
    },
    {
      "id": 9,
      "ReferenceId": null,
      "type": "System",
      "title": "Post Type",
      "name": "post_type",
      "description": null,
      "formTemplate": null,
      "edmTemplate": null,
      "edmSubject": null,
      "edmFrom": null,
      "edmAutoSend": null,
      "createdBy": "administrator",
      "createdDateTime": "2021-07-17T03:10:16.3571554",
      "modifiedBy": null,
      "lastModified": "2020-09-26T10:19:31",
      "priority": 0,
      "status": 2,
      "fields": [
        {
          "id": 24,
          "specificulture": null,
          "mixDatabaseId": 9,
          "mixDatabaseName": "post_type",
          "configurations": "{\"maxLength\":null,\"belongTo\":null,\"optionsConfigurationName\":null,\"upload\":{\"arrayAccepts\":[],\"accepts\":\"\",\"width\":null,\"height\":null,\"isCrop\":false}}",
          "referenceId": null,
          "regex": null,
          "isRegex": false,
          "title": "Title",
          "dataType": 7,
          "defaultValue": null,
          "strOptions": "[]",
          "options": [],
          "name": "title",
          "isRequire": false,
          "isEncrypt": false,
          "isSelect": false,
          "isUnique": false,
          "isMultiple": false,
          "createdBy": "administrator",
          "createdDateTime": "2021-07-17T03:10:16.7016709",
          "modifiedBy": null,
          "lastModified": null,
          "priority": 1,
          "status": 2,
          "columnConfigurations": {
            "maxLength": null,
            "belongTo": null,
            "optionsConfigurationName": null,
            "upload": {
              "arrayAccepts": [],
              "accepts": "",
              "width": null,
              "height": null,
              "isCrop": false
            }
          }
        },
        {
          "id": 25,
          "specificulture": null,
          "mixDatabaseId": 9,
          "mixDatabaseName": "post_type",
          "configurations": "{\"maxLength\":null,\"belongTo\":null,\"optionsConfigurationName\":null,\"upload\":{\"arrayAccepts\":[],\"accepts\":\"\",\"width\":null,\"height\":null,\"isCrop\":false}}",
          "referenceId": null,
          "regex": null,
          "isRegex": false,
          "title": "Mix Database Name",
          "dataType": 7,
          "defaultValue": null,
          "strOptions": "[]",
          "options": [],
          "name": "mix_database_name",
          "isRequire": false,
          "isEncrypt": false,
          "isSelect": false,
          "isUnique": false,
          "isMultiple": false,
          "createdBy": "administrator",
          "createdDateTime": "2021-07-17T03:10:16.7134636",
          "modifiedBy": null,
          "lastModified": null,
          "priority": 2,
          "status": 2,
          "columnConfigurations": {
            "maxLength": null,
            "belongTo": null,
            "optionsConfigurationName": null,
            "upload": {
              "arrayAccepts": [],
              "accepts": "",
              "width": null,
              "height": null,
              "isCrop": false
            }
          }
        },
        {
          "id": 26,
          "specificulture": null,
          "mixDatabaseId": 9,
          "mixDatabaseName": "post_type",
          "configurations": "{\"maxLength\":null,\"belongTo\":null,\"optionsConfigurationName\":null,\"upload\":{\"arrayAccepts\":[],\"accepts\":\"\",\"width\":null,\"height\":null,\"isCrop\":false}}",
          "referenceId": null,
          "regex": null,
          "isRegex": false,
          "title": "Icon",
          "dataType": 19,
          "defaultValue": null,
          "strOptions": "[]",
          "options": [],
          "name": "icon",
          "isRequire": false,
          "isEncrypt": false,
          "isSelect": false,
          "isUnique": false,
          "isMultiple": false,
          "createdBy": "administrator",
          "createdDateTime": "2021-07-17T03:10:16.7261126",
          "modifiedBy": null,
          "lastModified": null,
          "priority": 3,
          "status": 2,
          "columnConfigurations": {
            "maxLength": null,
            "belongTo": null,
            "optionsConfigurationName": null,
            "upload": {
              "arrayAccepts": [],
              "accepts": "",
              "width": null,
              "height": null,
              "isCrop": false
            }
          }
        }
      ],
      "isExportData": true
    },
    {
      "id": 10,
      "ReferenceId": null,
      "type": "Service",
      "title": "Features",
      "name": "Features",
      "description": null,
      "formTemplate": null,
      "edmTemplate": null,
      "edmSubject": null,
      "edmFrom": null,
      "edmAutoSend": null,
      "createdBy": "administrator",
      "createdDateTime": "2021-07-17T03:49:03.2550505",
      "modifiedBy": null,
      "lastModified": null,
      "priority": 0,
      "status": 2,
      "fields": [
        {
          "id": 27,
          "specificulture": null,
          "mixDatabaseId": 10,
          "mixDatabaseName": "Features",
          "configurations": "{\"maxLength\":null,\"belongTo\":null,\"optionsConfigurationName\":null,\"upload\":{\"arrayAccepts\":[],\"accepts\":\"\",\"width\":null,\"height\":null,\"isCrop\":false}}",
          "referenceId": null,
          "regex": null,
          "isRegex": false,
          "title": "Title",
          "dataType": 7,
          "defaultValue": null,
          "strOptions": "[]",
          "options": [],
          "name": "title",
          "isRequire": false,
          "isEncrypt": false,
          "isSelect": false,
          "isUnique": false,
          "isMultiple": false,
          "createdBy": null,
          "createdDateTime": "2021-07-17T03:49:03.2663808",
          "modifiedBy": null,
          "lastModified": null,
          "priority": 1,
          "status": 2,
          "columnConfigurations": {
            "maxLength": null,
            "belongTo": null,
            "optionsConfigurationName": null,
            "upload": {
              "arrayAccepts": [],
              "accepts": "",
              "width": null,
              "height": null,
              "isCrop": false
            }
          }
        },
        {
          "id": 28,
          "specificulture": null,
          "mixDatabaseId": 10,
          "mixDatabaseName": "Features",
          "configurations": "{\"maxLength\":null,\"belongTo\":null,\"optionsConfigurationName\":null,\"upload\":{\"arrayAccepts\":[],\"accepts\":\"\",\"width\":null,\"height\":null,\"isCrop\":false}}",
          "referenceId": null,
          "regex": null,
          "isRegex": false,
          "title": "Description",
          "dataType": 9,
          "defaultValue": null,
          "strOptions": "[]",
          "options": [],
          "name": "description",
          "isRequire": false,
          "isEncrypt": false,
          "isSelect": false,
          "isUnique": false,
          "isMultiple": false,
          "createdBy": null,
          "createdDateTime": "2021-07-17T03:49:03.2787768",
          "modifiedBy": null,
          "lastModified": null,
          "priority": 2,
          "status": 2,
          "columnConfigurations": {
            "maxLength": null,
            "belongTo": null,
            "optionsConfigurationName": null,
            "upload": {
              "arrayAccepts": [],
              "accepts": "",
              "width": null,
              "height": null,
              "isCrop": false
            }
          }
        },
        {
          "id": 29,
          "specificulture": null,
          "mixDatabaseId": 10,
          "mixDatabaseName": "Features",
          "configurations": "{\"maxLength\":null,\"belongTo\":null,\"optionsConfigurationName\":null,\"upload\":{\"arrayAccepts\":[],\"accepts\":\"\",\"width\":null,\"height\":null,\"isCrop\":false}}",
          "referenceId": null,
          "regex": null,
          "isRegex": false,
          "title": "Link Text",
          "dataType": 7,
          "defaultValue": null,
          "strOptions": "[]",
          "options": [],
          "name": "linkText",
          "isRequire": false,
          "isEncrypt": false,
          "isSelect": false,
          "isUnique": false,
          "isMultiple": false,
          "createdBy": null,
          "createdDateTime": "2021-07-17T03:49:03.2928669",
          "modifiedBy": null,
          "lastModified": null,
          "priority": 3,
          "status": 2,
          "columnConfigurations": {
            "maxLength": null,
            "belongTo": null,
            "optionsConfigurationName": null,
            "upload": {
              "arrayAccepts": [],
              "accepts": "",
              "width": null,
              "height": null,
              "isCrop": false
            }
          }
        },
        {
          "id": 30,
          "specificulture": null,
          "mixDatabaseId": 10,
          "mixDatabaseName": "Features",
          "configurations": "{\"maxLength\":null,\"belongTo\":null,\"optionsConfigurationName\":null,\"upload\":{\"arrayAccepts\":[],\"accepts\":\"\",\"width\":null,\"height\":null,\"isCrop\":false}}",
          "referenceId": null,
          "regex": null,
          "isRegex": false,
          "title": "Link Url",
          "dataType": 0,
          "defaultValue": null,
          "strOptions": "[]",
          "options": [],
          "name": "linkUrl",
          "isRequire": false,
          "isEncrypt": false,
          "isSelect": false,
          "isUnique": false,
          "isMultiple": false,
          "createdBy": null,
          "createdDateTime": "2021-07-17T03:49:03.3102122",
          "modifiedBy": null,
          "lastModified": null,
          "priority": 4,
          "status": 2,
          "columnConfigurations": {
            "maxLength": null,
            "belongTo": null,
            "optionsConfigurationName": null,
            "upload": {
              "arrayAccepts": [],
              "accepts": "",
              "width": null,
              "height": null,
              "isCrop": false
            }
          }
        },
        {
          "id": 31,
          "specificulture": null,
          "mixDatabaseId": 10,
          "mixDatabaseName": "Features",
          "configurations": "{\"maxLength\":null,\"belongTo\":null,\"optionsConfigurationName\":null,\"upload\":{\"arrayAccepts\":[],\"accepts\":\"\",\"width\":512,\"height\":512,\"isCrop\":true}}",
          "referenceId": null,
          "regex": null,
          "isRegex": false,
          "title": "Image",
          "dataType": 16,
          "defaultValue": null,
          "strOptions": "[]",
          "options": [],
          "name": "image",
          "isRequire": false,
          "isEncrypt": false,
          "isSelect": false,
          "isUnique": false,
          "isMultiple": false,
          "createdBy": null,
          "createdDateTime": "2021-07-17T03:49:03.3228234",
          "modifiedBy": null,
          "lastModified": null,
          "priority": 5,
          "status": 2,
          "columnConfigurations": {
            "maxLength": null,
            "belongTo": null,
            "optionsConfigurationName": null,
            "upload": {
              "arrayAccepts": [],
              "accepts": "",
              "width": 512,
              "height": 512,
              "isCrop": true
            }
          }
        }
      ],
      "isExportData": true
    }
  ],
  "configurations": [
    {
      "id": 1,
      "specificulture": "vi-vn",
      "cultures": [
        {
          "id": 1,
          "specificulture": "vi-vn",
          "lcid": null,
          "alias": null,
          "fullName": "Việt Nam - Tiếng việt",
          "description": "Việt Nam - Tiếng việt",
          "icon": "flag-icon-vn",
          "isSupported": true
        }
      ],
      "keyword": "SiteName",
      "category": "Common",
      "value": "Demo",
      "dataType": "Text",
      "description": "Site Name",
      "createdBy": null,
      "createdDateTime": "2021-07-17T03:09:08.1486338",
      "modifiedBy": null,
      "lastModified": null,
      "priority": 0,
      "status": 2,
      "domain": null,
      "property": {
        "dataType": "Text",
        "value": "Demo",
        "name": "SiteName"
      }
    },
    {
      "id": 2,
      "specificulture": "vi-vn",
      "cultures": [
        {
          "id": 1,
          "specificulture": "vi-vn",
          "lcid": null,
          "alias": null,
          "fullName": "Việt Nam - Tiếng việt",
          "description": "Việt Nam - Tiếng việt",
          "icon": "flag-icon-vn",
          "isSupported": true
        }
      ],
      "keyword": "LanguageVersion",
      "category": "Version",
      "value": "1",
      "dataType": "Text",
      "description": "Language Version",
      "createdBy": null,
      "createdDateTime": "2021-07-17T03:09:08.2361216",
      "modifiedBy": null,
      "lastModified": null,
      "priority": 0,
      "status": 2,
      "domain": null,
      "property": {
        "dataType": "Text",
        "value": "1",
        "name": "LanguageVersion"
      }
    },
    {
      "id": 3,
      "specificulture": "vi-vn",
      "cultures": [
        {
          "id": 1,
          "specificulture": "vi-vn",
          "lcid": null,
          "alias": null,
          "fullName": "Việt Nam - Tiếng việt",
          "description": "Việt Nam - Tiếng việt",
          "icon": "flag-icon-vn",
          "isSupported": true
        }
      ],
      "keyword": "SettingVersion",
      "category": "Version",
      "value": "1",
      "dataType": "Text",
      "description": "Settings Version",
      "createdBy": null,
      "createdDateTime": "2021-07-17T03:09:08.2453849",
      "modifiedBy": null,
      "lastModified": null,
      "priority": 0,
      "status": 2,
      "domain": null,
      "property": {
        "dataType": "Text",
        "value": "1",
        "name": "SettingVersion"
      }
    },
    {
      "id": 4,
      "specificulture": "vi-vn",
      "cultures": [
        {
          "id": 1,
          "specificulture": "vi-vn",
          "lcid": null,
          "alias": null,
          "fullName": "Việt Nam - Tiếng việt",
          "description": "Việt Nam - Tiếng việt",
          "icon": "flag-icon-vn",
          "isSupported": true
        }
      ],
      "keyword": "ThemeName",
      "category": "Site",
      "value": "demo",
      "dataType": "Text",
      "description": "Theme Name",
      "createdBy": null,
      "createdDateTime": "2021-07-17T03:09:08.2546039",
      "modifiedBy": null,
      "lastModified": null,
      "priority": 0,
      "status": 2,
      "domain": null,
      "property": {
        "dataType": "Text",
        "value": "demo",
        "name": "ThemeName"
      }
    },
    {
      "id": 5,
      "specificulture": "vi-vn",
      "cultures": [
        {
          "id": 1,
          "specificulture": "vi-vn",
          "lcid": null,
          "alias": null,
          "fullName": "Việt Nam - Tiếng việt",
          "description": "Việt Nam - Tiếng việt",
          "icon": "flag-icon-vn",
          "isSupported": true
        }
      ],
      "keyword": "ThemeFolder",
      "category": "Site",
      "value": "demo",
      "dataType": "Text",
      "description": "Theme Folder",
      "createdBy": null,
      "createdDateTime": "2021-07-17T03:09:08.2647514",
      "modifiedBy": null,
      "lastModified": null,
      "priority": 0,
      "status": 2,
      "domain": null,
      "property": {
        "dataType": "Text",
        "value": "demo",
        "name": "ThemeFolder"
      }
    },
    {
      "id": 6,
      "specificulture": "vi-vn",
      "cultures": [
        {
          "id": 1,
          "specificulture": "vi-vn",
          "lcid": null,
          "alias": null,
          "fullName": "Việt Nam - Tiếng việt",
          "description": "Việt Nam - Tiếng việt",
          "icon": "flag-icon-vn",
          "isSupported": true
        }
      ],
      "keyword": "ThemeId",
      "category": "Site",
      "value": "1",
      "dataType": "Text",
      "description": "Theme Id",
      "createdBy": null,
      "createdDateTime": "2021-07-17T03:09:08.2741527",
      "modifiedBy": null,
      "lastModified": null,
      "priority": 0,
      "status": 2,
      "domain": null,
      "property": {
        "dataType": "Text",
        "value": "1",
        "name": "ThemeId"
      }
    },
    {
      "id": 7,
      "specificulture": "vi-vn",
      "cultures": [
        {
          "id": 1,
          "specificulture": "vi-vn",
          "lcid": null,
          "alias": null,
          "fullName": "Việt Nam - Tiếng việt",
          "description": "Việt Nam - Tiếng việt",
          "icon": "flag-icon-vn",
          "isSupported": true
        }
      ],
      "keyword": "DateTimeFormat",
      "category": "Common",
      "value": "dd-MM-yyyy HH:mm:ss",
      "dataType": "Text",
      "description": "Date Time Format",
      "createdBy": null,
      "createdDateTime": "2021-07-17T03:09:08.2833497",
      "modifiedBy": null,
      "lastModified": null,
      "priority": 0,
      "status": 2,
      "domain": null,
      "property": {
        "dataType": "Text",
        "value": "dd-MM-yyyy HH:mm:ss",
        "name": "DateTimeFormat"
      }
    },
    {
      "id": 8,
      "specificulture": "vi-vn",
      "cultures": [
        {
          "id": 1,
          "specificulture": "vi-vn",
          "lcid": null,
          "alias": null,
          "fullName": "Việt Nam - Tiếng việt",
          "description": "Việt Nam - Tiếng việt",
          "icon": "flag-icon-vn",
          "isSupported": true
        }
      ],
      "keyword": "StartWeekOn",
      "category": "Common",
      "value": "Monday",
      "dataType": "Text",
      "description": "Day",
      "createdBy": null,
      "createdDateTime": "2021-07-17T03:09:08.2928479",
      "modifiedBy": null,
      "lastModified": null,
      "priority": 0,
      "status": 2,
      "domain": null,
      "property": {
        "dataType": "Text",
        "value": "Monday",
        "name": "StartWeekOn"
      }
    },
    {
      "id": 9,
      "specificulture": "vi-vn",
      "cultures": [
        {
          "id": 1,
          "specificulture": "vi-vn",
          "lcid": null,
          "alias": null,
          "fullName": "Việt Nam - Tiếng việt",
          "description": "Việt Nam - Tiếng việt",
          "icon": "flag-icon-vn",
          "isSupported": true
        }
      ],
      "keyword": "DefaultThumbnailImgWidth",
      "category": "Site",
      "value": "1000",
      "dataType": "Integer",
      "description": "Default Thumbnail Image Width",
      "createdBy": null,
      "createdDateTime": "2021-07-17T03:09:08.3046558",
      "modifiedBy": null,
      "lastModified": null,
      "priority": 0,
      "status": 2,
      "domain": null,
      "property": {
        "dataType": "Integer",
        "value": "1000",
        "name": "DefaultThumbnailImgWidth"
      }
    },
    {
      "id": 10,
      "specificulture": "vi-vn",
      "cultures": [
        {
          "id": 1,
          "specificulture": "vi-vn",
          "lcid": null,
          "alias": null,
          "fullName": "Việt Nam - Tiếng việt",
          "description": "Việt Nam - Tiếng việt",
          "icon": "flag-icon-vn",
          "isSupported": true
        }
      ],
      "keyword": "DefaultThumbnailImgHeight",
      "category": "Site",
      "value": "608",
      "dataType": "Integer",
      "description": "Default Thumbnail Image Height",
      "createdBy": null,
      "createdDateTime": "2021-07-17T03:09:08.3142086",
      "modifiedBy": null,
      "lastModified": null,
      "priority": 0,
      "status": 2,
      "domain": null,
      "property": {
        "dataType": "Integer",
        "value": "608",
        "name": "DefaultThumbnailImgHeight"
      }
    },
    {
      "id": 11,
      "specificulture": "vi-vn",
      "cultures": [
        {
          "id": 1,
          "specificulture": "vi-vn",
          "lcid": null,
          "alias": null,
          "fullName": "Việt Nam - Tiếng việt",
          "description": "Việt Nam - Tiếng việt",
          "icon": "flag-icon-vn",
          "isSupported": true
        }
      ],
      "keyword": "DefaultFeatureImgWidth",
      "category": "Site",
      "value": "2000",
      "dataType": "Integer",
      "description": "Default Feature Image Width",
      "createdBy": null,
      "createdDateTime": "2021-07-17T03:09:08.3236412",
      "modifiedBy": null,
      "lastModified": null,
      "priority": 0,
      "status": 2,
      "domain": null,
      "property": {
        "dataType": "Integer",
        "value": "2000",
        "name": "DefaultFeatureImgWidth"
      }
    },
    {
      "id": 12,
      "specificulture": "vi-vn",
      "cultures": [
        {
          "id": 1,
          "specificulture": "vi-vn",
          "lcid": null,
          "alias": null,
          "fullName": "Việt Nam - Tiếng việt",
          "description": "Việt Nam - Tiếng việt",
          "icon": "flag-icon-vn",
          "isSupported": true
        }
      ],
      "keyword": "DefaultFeatureImgHeight",
      "category": "Site",
      "value": "1216",
      "dataType": "Integer",
      "description": "Default Feature Image Height",
      "createdBy": null,
      "createdDateTime": "2021-07-17T03:09:08.333312",
      "modifiedBy": null,
      "lastModified": null,
      "priority": 0,
      "status": 2,
      "domain": null,
      "property": {
        "dataType": "Integer",
        "value": "1216",
        "name": "DefaultFeatureImgHeight"
      }
    },
    {
      "id": 13,
      "specificulture": "vi-vn",
      "cultures": [
        {
          "id": 1,
          "specificulture": "vi-vn",
          "lcid": null,
          "alias": null,
          "fullName": "Việt Nam - Tiếng việt",
          "description": "Việt Nam - Tiếng việt",
          "icon": "flag-icon-vn",
          "isSupported": true
        }
      ],
      "keyword": "post_image_width",
      "category": "Site",
      "value": "",
      "dataType": "Integer",
      "description": "Post Image Width",
      "createdBy": "administrator",
      "createdDateTime": "2021-07-17T03:10:16.0088321",
      "modifiedBy": null,
      "lastModified": null,
      "priority": 0,
      "status": 2,
      "domain": null,
      "property": {
        "dataType": "Integer",
        "value": "",
        "name": "post_image_width"
      }
    },
    {
      "id": 14,
      "specificulture": "vi-vn",
      "cultures": [
        {
          "id": 1,
          "specificulture": "vi-vn",
          "lcid": null,
          "alias": null,
          "fullName": "Việt Nam - Tiếng việt",
          "description": "Việt Nam - Tiếng việt",
          "icon": "flag-icon-vn",
          "isSupported": true
        }
      ],
      "keyword": "post_image_height",
      "category": "Site",
      "value": "",
      "dataType": "Integer",
      "description": "Post Image Width",
      "createdBy": "administrator",
      "createdDateTime": "2021-07-17T03:10:16.023302",
      "modifiedBy": null,
      "lastModified": null,
      "priority": 0,
      "status": 2,
      "domain": null,
      "property": {
        "dataType": "Integer",
        "value": "",
        "name": "post_image_height"
      }
    }
  ],
  "languages": [],
  "relatedData": [
    {
      "id": "ed0fe7b1-191c-46ae-b767-22fa0d66ae50",
      "specificulture": "vi-vn",
      "dataId": "830e0c8f-58a3-48f8-996b-c4d5bed9304a",
      "cultures": null,
      "parentId": "7",
      "parentType": 2,
      "mixDatabaseId": 3,
      "mixDatabaseName": "sys_additional_field_page",
      "description": null,
      "CreatedBy": null,
      "createdDateTime": "2021-07-17T03:21:00.4160701",
      "modifiedBy": null,
      "lastModified": null,
      "priority": 0,
      "status": 2,
      "isProcessed": false
    },
    {
      "id": "377e060c-402c-409b-8aea-a7626a26f57c",
      "specificulture": "vi-vn",
      "dataId": "68051122-8297-48e7-ac11-54a509887fc3",
      "cultures": null,
      "parentId": "1",
      "parentType": 3,
      "mixDatabaseId": 4,
      "mixDatabaseName": "sys_additional_field_module",
      "description": null,
      "CreatedBy": null,
      "createdDateTime": "2021-07-17T03:25:49.716334",
      "modifiedBy": null,
      "lastModified": null,
      "priority": 0,
      "status": 2,
      "isProcessed": false
    },
    {
      "id": "2735180a-ac25-408f-a8e1-0572c9a59185",
      "specificulture": "vi-vn",
      "dataId": "98c5f5a3-0dfc-4363-8d9e-7f01b2390ba9",
      "cultures": null,
      "parentId": "2",
      "parentType": 3,
      "mixDatabaseId": 4,
      "mixDatabaseName": "sys_additional_field_module",
      "description": null,
      "CreatedBy": null,
      "createdDateTime": "2021-07-17T03:47:01.0659559",
      "modifiedBy": null,
      "lastModified": null,
      "priority": 0,
      "status": 2,
      "isProcessed": false
    },
    {
      "id": "ed0fe7b1-191c-46ae-b767-22fa0d66ae50",
      "specificulture": "vi-vn",
      "dataId": "830e0c8f-58a3-48f8-996b-c4d5bed9304a",
      "cultures": null,
      "parentId": "7",
      "parentType": 2,
      "mixDatabaseId": 3,
      "mixDatabaseName": "sys_additional_field_page",
      "description": null,
      "CreatedBy": null,
      "createdDateTime": "2021-07-17T03:21:00.4160701",
      "modifiedBy": null,
      "lastModified": null,
      "priority": 0,
      "status": 2,
      "isProcessed": false
    },
    {
      "id": "377e060c-402c-409b-8aea-a7626a26f57c",
      "specificulture": "vi-vn",
      "dataId": "68051122-8297-48e7-ac11-54a509887fc3",
      "cultures": null,
      "parentId": "1",
      "parentType": 3,
      "mixDatabaseId": 4,
      "mixDatabaseName": "sys_additional_field_module",
      "description": null,
      "CreatedBy": null,
      "createdDateTime": "2021-07-17T03:25:49.716334",
      "modifiedBy": null,
      "lastModified": null,
      "priority": 0,
      "status": 2,
      "isProcessed": false
    },
    {
      "id": "2735180a-ac25-408f-a8e1-0572c9a59185",
      "specificulture": "vi-vn",
      "dataId": "98c5f5a3-0dfc-4363-8d9e-7f01b2390ba9",
      "cultures": null,
      "parentId": "2",
      "parentType": 3,
      "mixDatabaseId": 4,
      "mixDatabaseName": "sys_additional_field_module",
      "description": null,
      "CreatedBy": null,
      "createdDateTime": "2021-07-17T03:47:01.0659559",
      "modifiedBy": null,
      "lastModified": null,
      "priority": 0,
      "status": 2,
      "isProcessed": false
    }
  ],
  "pagePostNavs": [],
  "pageModuleNavs": [
    {
      "id": 1,
      "specificulture": "vi-vn",
      "moduleId": 2,
      "pageId": 7,
      "isActived": false,
      "image": "/mix-app/assets/img/image_placeholder.jpg",
      "description": "Features",
      "createdBy": null,
      "createdDateTime": "0001-01-01T00:00:00",
      "modifiedBy": null,
      "lastModified": null,
      "priority": 0,
      "status": 0,
      "module": {
        "id": 2,
        "specificulture": "vi-vn",
        "cultures": null,
        "name": "features",
        "image": "mix-app/assets/img/image_placeholder.jpg",
        "thumbnail": "/mix-app/assets/img/image_placeholder.jpg",
        "template": "Modules/Featuers.cshtml",
        "formTemplate": "Forms/_Blank.cshtml",
        "edmTemplate": "Edms/_Blank.cshtml",
        "title": "Features",
        "description": null,
        "fields": "[]",
        "type": 0,
        "pageSize": null,
        "createdBy": "administrator",
        "createdDateTime": "2021-07-17T03:47:00.9308912",
        "modifiedBy": null,
        "lastModified": "2021-07-17T03:47:00.9308904",
        "priority": 0,
        "status": 2,
        "data": [],
        "postNavs": null,
        "postId": null,
        "pageId": 0,
        "isExportData": false,
        "relatedData": {
          "id": "2735180a-ac25-408f-a8e1-0572c9a59185",
          "specificulture": "vi-vn",
          "dataId": "98c5f5a3-0dfc-4363-8d9e-7f01b2390ba9",
          "cultures": null,
          "parentId": "2",
          "parentType": 3,
          "mixDatabaseId": 4,
          "mixDatabaseName": "sys_additional_field_module",
          "description": null,
          "CreatedBy": null,
          "createdDateTime": "2021-07-17T03:47:01.0659559",
          "modifiedBy": null,
          "lastModified": null,
          "priority": 0,
          "status": 2,
          "isProcessed": false
        }
      }
    }
  ],
  "modulePostNavs": [],
  "moduleDatas": [
    {
      "id": "14d19b2e-7133-493c-9639-f6ce710efb4c",
      "specificulture": "vi-vn",
      "cultures": null,
      "moduleId": 1,
      "fields": "[{\"name\":\"title\",\"title\":\"Title\",\"defaultValue\":null,\"options\":[],\"priority\":0,\"dataType\":7,\"isUnique\":false,\"isRequired\":false,\"isDisplay\":true,\"isSelect\":false,\"isGroupBy\":false,\"width\":3,\"columnConfigurations\":{\"maxLength\":null,\"belongTo\":null,\"optionsConfigurationName\":null,\"upload\":{\"arrayAccepts\":[],\"accepts\":\"\",\"width\":null,\"height\":null,\"isCrop\":false}}},{\"name\":\"description\",\"title\":\"Description\",\"defaultValue\":null,\"options\":[],\"priority\":0,\"dataType\":9,\"isUnique\":false,\"isRequired\":false,\"isDisplay\":true,\"isSelect\":false,\"isGroupBy\":false,\"width\":3,\"columnConfigurations\":{\"maxLength\":null,\"belongTo\":null,\"optionsConfigurationName\":null,\"upload\":{\"arrayAccepts\":[],\"accepts\":\"\",\"width\":null,\"height\":null,\"isCrop\":false}}},{\"name\":\"image\",\"title\":\"Image\",\"defaultValue\":null,\"options\":[],\"priority\":0,\"dataType\":16,\"isUnique\":false,\"isRequired\":false,\"isDisplay\":true,\"isSelect\":false,\"isGroupBy\":false,\"width\":3,\"columnConfigurations\":{\"maxLength\":null,\"belongTo\":null,\"optionsConfigurationName\":null,\"upload\":{\"arrayAccepts\":[],\"accepts\":\"\",\"width\":1725,\"height\":512,\"isCrop\":true}}},{\"name\":\"button_text\",\"title\":\"Button Text\",\"defaultValue\":null,\"options\":[],\"priority\":0,\"dataType\":7,\"isUnique\":false,\"isRequired\":false,\"isDisplay\":true,\"isSelect\":false,\"isGroupBy\":false,\"width\":3,\"columnConfigurations\":{\"maxLength\":null,\"belongTo\":null,\"optionsConfigurationName\":null,\"upload\":{\"arrayAccepts\":[],\"accepts\":\"\",\"width\":null,\"height\":null,\"isCrop\":false}}}]",
      "value": "{\"title\":{\"dataType\":\"Text\",\"value\":\"Example headline.\"},\"description\":{\"dataType\":\"MultilineText\",\"value\":\"Some representative placeholder content for the first slide of the carousel.\"},\"image\":{\"dataType\":\"Upload\",\"value\":\"/mix-content/assets/[THEME_NAME]/uploads/2021-07/fitform3-637620895766125458.jpg\"},\"button_text\":{\"dataType\":\"Text\",\"value\":\"Sign up today\"}}",
      "postId": null,
      "productId": null,
      "pageId": null,
      "createdBy": "administrator",
      "createdDateTime": "2021-07-17T03:33:00.9650745",
      "modifiedBy": null,
      "lastModified": "2021-07-17T03:33:00.9650752",
      "priority": 0,
      "status": 2
    },
    {
      "id": "c7a7cddb-bf97-414a-8a35-83a8eb656f7c",
      "specificulture": "vi-vn",
      "cultures": null,
      "moduleId": 1,
      "fields": "[{\"name\":\"title\",\"title\":\"Title\",\"defaultValue\":null,\"options\":[],\"priority\":0,\"dataType\":7,\"isUnique\":false,\"isRequired\":false,\"isDisplay\":true,\"isSelect\":false,\"isGroupBy\":false,\"width\":3,\"columnConfigurations\":{\"maxLength\":null,\"belongTo\":null,\"optionsConfigurationName\":null,\"upload\":{\"arrayAccepts\":[],\"accepts\":\"\",\"width\":null,\"height\":null,\"isCrop\":false}}},{\"name\":\"description\",\"title\":\"Description\",\"defaultValue\":null,\"options\":[],\"priority\":0,\"dataType\":9,\"isUnique\":false,\"isRequired\":false,\"isDisplay\":true,\"isSelect\":false,\"isGroupBy\":false,\"width\":3,\"columnConfigurations\":{\"maxLength\":null,\"belongTo\":null,\"optionsConfigurationName\":null,\"upload\":{\"arrayAccepts\":[],\"accepts\":\"\",\"width\":null,\"height\":null,\"isCrop\":false}}},{\"name\":\"image\",\"title\":\"Image\",\"defaultValue\":null,\"options\":[],\"priority\":0,\"dataType\":16,\"isUnique\":false,\"isRequired\":false,\"isDisplay\":true,\"isSelect\":false,\"isGroupBy\":false,\"width\":3,\"columnConfigurations\":{\"maxLength\":null,\"belongTo\":null,\"optionsConfigurationName\":null,\"upload\":{\"arrayAccepts\":[],\"accepts\":\"\",\"width\":1725,\"height\":512,\"isCrop\":true}}},{\"name\":\"button_text\",\"title\":\"Button Text\",\"defaultValue\":null,\"options\":[],\"priority\":0,\"dataType\":7,\"isUnique\":false,\"isRequired\":false,\"isDisplay\":true,\"isSelect\":false,\"isGroupBy\":false,\"width\":3,\"columnConfigurations\":{\"maxLength\":null,\"belongTo\":null,\"optionsConfigurationName\":null,\"upload\":{\"arrayAccepts\":[],\"accepts\":\"\",\"width\":null,\"height\":null,\"isCrop\":false}}}]",
      "value": "{\"title\":{\"dataType\":\"Text\",\"value\":\"Sign up today\"},\"description\":{\"dataType\":\"MultilineText\",\"value\":\"Sign up today Sign up today Sign up today\"},\"image\":{\"dataType\":\"Upload\",\"value\":\"/mix-content/assets/[THEME_NAME]/uploads/2021-07/corporatebusinessmenworkingtabletoffice5387697637-637620896111156344.jpg\"},\"button_text\":{\"dataType\":\"Text\",\"value\":\"Sign up today\"}}",
      "postId": null,
      "productId": null,
      "pageId": null,
      "createdBy": "administrator",
      "createdDateTime": "2021-07-17T03:33:32.8712758",
      "modifiedBy": null,
      "lastModified": "2021-07-17T03:33:32.8712762",
      "priority": 0,
      "status": 2
    }
  ],
  "mixDatabaseDatas": [
    {
      "id": "830e0c8f-58a3-48f8-996b-c4d5bed9304a",
      "specificulture": "vi-vn",
      "cultures": null,
      "mixDatabaseId": 3,
      "mixDatabaseName": "sys_additional_field_page",
      "createdBy": null,
      "createdDateTime": "0001-01-01T00:00:00",
      "modifiedBy": "administrator",
      "lastModified": "2021-07-17T04:01:17.4995098",
      "priority": 0,
      "status": 2,
      "obj": {
        "id": "830e0c8f-58a3-48f8-996b-c4d5bed9304a"
      },
      "parentId": null,
      "parentType": 0,
      "relatedData": [],
      "columns": null
    },
    {
      "id": "68051122-8297-48e7-ac11-54a509887fc3",
      "specificulture": "vi-vn",
      "cultures": null,
      "mixDatabaseId": 4,
      "mixDatabaseName": "sys_additional_field_module",
      "createdBy": null,
      "createdDateTime": "0001-01-01T00:00:00",
      "modifiedBy": null,
      "lastModified": "2021-07-17T03:25:49.697847",
      "priority": 0,
      "status": 2,
      "obj": {
        "id": "68051122-8297-48e7-ac11-54a509887fc3"
      },
      "parentId": null,
      "parentType": 0,
      "relatedData": [],
      "columns": null
    },
    {
      "id": "98c5f5a3-0dfc-4363-8d9e-7f01b2390ba9",
      "specificulture": "vi-vn",
      "cultures": null,
      "mixDatabaseId": 4,
      "mixDatabaseName": "sys_additional_field_module",
      "createdBy": null,
      "createdDateTime": "0001-01-01T00:00:00",
      "modifiedBy": null,
      "lastModified": "2021-07-17T03:47:01.0344221",
      "priority": 0,
      "status": 2,
      "obj": {
        "id": "98c5f5a3-0dfc-4363-8d9e-7f01b2390ba9"
      },
      "parentId": null,
      "parentType": 0,
      "relatedData": [],
      "columns": null
    },
    {
      "id": "3cf13ebd-6c04-40b2-ba31-5c255990a750",
      "specificulture": "vi-vn",
      "cultures": null,
      "mixDatabaseId": 10,
      "mixDatabaseName": "Features",
      "createdBy": "administrator",
      "createdDateTime": "2021-07-17T03:59:34.6408964",
      "modifiedBy": null,
      "lastModified": null,
      "priority": 1,
      "status": 2,
      "obj": {
        "id": "3cf13ebd-6c04-40b2-ba31-5c255990a750",
        "title": "Heading",
        "description": "Some representative placeholder content for the three columns of text below the carousel. This is the first column.",
        "linkText": "View details",
        "linkUrl": "#",
        "image": "/mix-content/assets/[THEME_NAME]/uploads/2021-07/59599467bafa4d5ea0d58538b33775aa-637620911721763477.png"
      },
      "parentId": null,
      "parentType": 0,
      "relatedData": [],
      "columns": null
    }
  ],
  "specificulture": "vi-vn",
  "themeName": "demo"
}
