{"createdBy":null,"specificulture":null,"themeName":null,"posts":[{"mixPostContents":null,"displayName":"post 1","description":null,"mixTenantId":1,"mixTenant":null,"id":1,"createdDateTime":"2021-11-27T18:19:59.6068905","lastModified":null,"createdBy":null,"modifiedBy":null,"priority":0,"status":"Published"},{"mixPostContents":null,"displayName":"post 2","description":null,"mixTenantId":1,"mixTenant":null,"id":2,"createdDateTime":"2021-11-27T18:20:19.2447768","lastModified":null,"createdBy":null,"modifiedBy":null,"priority":0,"status":"Published"}],"pages":[{"mixPageContents":null,"displayName":"page 1","description":null,"mixTenantId":1,"mixTenant":null,"id":1,"createdDateTime":"2021-11-27T18:20:05.6576869","lastModified":null,"createdBy":null,"modifiedBy":null,"priority":0,"status":"Published"},{"mixPageContents":null,"displayName":"page 2","description":null,"mixTenantId":1,"mixTenant":null,"id":2,"createdDateTime":"2021-11-27T18:20:12.7567258","lastModified":null,"createdBy":null,"modifiedBy":null,"priority":0,"status":"Published"}],"modules":[{"type":"Content","mixModuleContents":null,"systemName":"module_1","displayName":"module 1","description":null,"mixTenantId":1,"mixTenant":null,"id":1,"createdDateTime":"2021-11-27T18:20:36.4173152","lastModified":null,"createdBy":null,"modifiedBy":null,"priority":0,"status":"Published"}],"mixDatabases":[{"type":"System","mixDatabaseColumns":[{"systemName":"avatar","displayName":"Avatar","mixDatabaseName":"sysUserData","dataType":"Upload","configurations":"{\"IsEncrypt\":false,\"Upload\":{\"ArrayAccepts\":[],\"Accepts\":\"\",\"IsCrop\":false}}","referenceId":null,"defaultValue":null,"mixDatabaseId":1,"id":1,"createdDateTime":"2021-11-27T18:20:57.7471967","lastModified":null,"createdBy":null,"modifiedBy":null,"priority":1,"status":"Published"}],"systemName":"sysUserData","displayName":"User Data","description":null,"mixTenantId":1,"mixTenant":null,"id":1,"createdDateTime":"2021-11-27T18:20:57.6745588","lastModified":null,"createdBy":null,"modifiedBy":null,"priority":0,"status":"Published"}],"templates":[],"configurations":[],"languages":[],"mixDatabaseColumns":[{"systemName":"avatar","displayName":"Avatar","mixDatabaseName":"sysUserData","dataType":"Upload","configurations":"{\"IsEncrypt\":false,\"Upload\":{\"ArrayAccepts\":[],\"Accepts\":\"\",\"IsCrop\":false}}","referenceId":null,"defaultValue":null,"mixDatabaseId":1,"mixDatabase":{"type":"System","mixDatabaseColumns":[],"systemName":"sysUserData","displayName":"User Data","description":null,"mixTenantId":1,"mixTenant":null,"id":1,"createdDateTime":"2021-11-27T18:20:57.6745588","lastModified":null,"createdBy":null,"modifiedBy":null,"priority":0,"status":"Published"},"id":1,"createdDateTime":"2021-11-27T18:20:57.7471967","lastModified":null,"createdBy":null,"modifiedBy":null,"priority":1,"status":"Published"}],"postContents":[],"pageContents":[{"className":null,"pageSize":null,"type":"System","mixPage":null,"mixPostContents":null,"mixModuleContents":null,"mixDatabaseName":null,"mixDataContentId":null,"mixDataContent":null,"title":"page 1","excerpt":null,"content":null,"layout":null,"template":null,"image":null,"source":null,"seoDescription":null,"seoKeywords":null,"seoName":null,"seoTitle":null,"publishedDateTime":null,"specificulture":"en-us","parentId":1,"mixCultureId":1,"mixCulture":null,"id":1,"createdDateTime":"2021-11-27T18:20:05.6546633","lastModified":null,"createdBy":null,"modifiedBy":null,"priority":0,"status":"Published"},{"className":null,"pageSize":null,"type":"System","mixPage":null,"mixPostContents":null,"mixModuleContents":null,"mixDatabaseName":null,"mixDataContentId":null,"mixDataContent":null,"title":"page 2","excerpt":null,"content":null,"layout":null,"template":null,"image":null,"source":null,"seoDescription":null,"seoKeywords":null,"seoName":null,"seoTitle":null,"publishedDateTime":null,"specificulture":"en-us","parentId":2,"mixCultureId":1,"mixCulture":null,"id":2,"createdDateTime":"2021-11-27T18:20:12.756503","lastModified":null,"createdBy":null,"modifiedBy":null,"priority":0,"status":"Published"}],"moduleContents":[],"configurationContents":[],"languageContents":[],"datas":[],"dataContents":[],"dataContentValues":[],"dataContentAssociations":[],"moduleDatas":[],"pagePosts":[],"pageModules":[],"modulePosts":[],"mixUrlAliases":[]}
