{
  "pages": [
    {
      "id": 1,
      "template": "Pages/_Modules.cshtml",
      "thumbnail": null,
      "image": "assets/img/bgs/home.jpeg",
      "icon": null,
      "cssClass": null,
      "layout": "Masters/_Default",
      "title": "Home",
      "excerpt": null,
      "content": null,
      "seoName": "home",
      "seoTitle": "home",
      "seoDescription": "home",
      "seoKeywords": "home",
      "source": null,
      "views": null,
      "type": 3,
      "status": 2,
      "createdDateTime": "2019-07-13T01:09:08.05",
      "updatedDateTime": null,
      "createdBy": "admin",
      "tags": null,
      "staticUrl": null,
      "level": 0,
      "lastModified": "2019-07-13T01:20:51.127",
      "modifiedBy": null,
      "pageSize": null,
      "moduleNavs": [
        {
          "moduleId": 1,
          "categoryId": 1,
          "isActived": true,
          "image": null,
          "description": "Banners",
          "module": {
            "id": 1,
            "name": "banners",
            "image": null,
            "thumbnail": null,
            "template": "Modules/Banners.cshtml",
            "formTemplate": "Forms/_Default.cshtml",
            "edmTemplate": "Edms/_Default.cshtml",
            "title": "Banners",
            "description": null,
            "fields": "[{\"name\":\"title\",\"title\":\"Title\",\"defaultValue\":null,\"options\":[],\"priority\":0,\"dataType\":7,\"isUnique\":false,\"isRequired\":false,\"isDisplay\":true,\"isSelect\":false,\"isGroupBy\":false,\"width\":3},{\"name\":\"description\",\"title\":\"Description\",\"defaultValue\":null,\"options\":[],\"priority\":0,\"dataType\":8,\"isUnique\":false,\"isRequired\":false,\"isDisplay\":false,\"isSelect\":false,\"isGroupBy\":false,\"width\":3},{\"name\":\"url\",\"title\":\"Url\",\"defaultValue\":null,\"options\":[],\"priority\":0,\"dataType\":7,\"isUnique\":false,\"isRequired\":false,\"isDisplay\":false,\"isSelect\":false,\"isGroupBy\":false,\"width\":3},{\"name\":\"image\",\"title\":\"Image\",\"defaultValue\":null,\"options\":[],\"priority\":0,\"dataType\":16,\"isUnique\":false,\"isRequired\":false,\"isDisplay\":true,\"isSelect\":false,\"isGroupBy\":false,\"width\":3},{\"name\":\"image_mobile\",\"title\":\"Image Mobile\",\"defaultValue\":null,\"options\":[],\"priority\":0,\"dataType\":16,\"isUnique\":false,\"isRequired\":false,\"isDisplay\":true,\"isSelect\":false,\"isGroupBy\":false,\"width\":3}]",
            "type": 1,
            "status": 2,
            "pageSize": 4,
            "lastModified": "2018-11-25T13:15:53.3",
            "createdDateTime": "2019-07-13T01:14:37.447",
            "createdBy": null,
            "modifiedBy": null,
            "data": {
              "items": [
                {
                  "id": "252835da-fb28-43ed-b3fc-16de53fc76be",
                  "moduleId": 1,
                  "articleId": null,
                  "productId": null,
                  "categoryId": null,
                  "createdDateTime": "2019-07-13T01:27:18.22",
                  "updatedDateTime": "2019-07-13T01:27:44.26",
                  "dataProperties": [
                    {
                      "name": "title",
                      "title": "Title",
                      "isUnique": false,
                      "isRequired": false,
                      "dataType": 7,
                      "value": null,
                      "isDisplay": true,
                      "isSelect": false,
                      "isGroupBy": false,
                      "options": []
                    },
                    {
                      "name": "description",
                      "title": "Description",
                      "isUnique": false,
                      "isRequired": false,
                      "dataType": 8,
                      "value": null,
                      "isDisplay": false,
                      "isSelect": false,
                      "isGroupBy": false,
                      "options": []
                    },
                    {
                      "name": "url",
                      "title": "Url",
                      "isUnique": false,
                      "isRequired": false,
                      "dataType": 7,
                      "value": null,
                      "isDisplay": false,
                      "isSelect": false,
                      "isGroupBy": false,
                      "options": []
                    },
                    {
                      "name": "image",
                      "title": "Image",
                      "isUnique": false,
                      "isRequired": false,
                      "dataType": 16,
                      "value": null,
                      "isDisplay": true,
                      "isSelect": false,
                      "isGroupBy": false,
                      "options": []
                    },
                    {
                      "name": "image_mobile",
                      "title": "Image Mobile",
                      "isUnique": false,
                      "isRequired": false,
                      "dataType": 16,
                      "value": null,
                      "isDisplay": true,
                      "isSelect": false,
                      "isGroupBy": false,
                      "options": []
                    }
                  ],
                  "jItem": {
                    "title": {
                      "dataType": 7,
                      "value": null
                    },
                    "description": {
                      "dataType": 8,
                      "value": null
                    },
                    "url": {
                      "dataType": 7,
                      "value": null
                    },
                    "image": {
                      "dataType": 16,
                      "value": "/assets/img/bg29.jpg"
                    },
                    "image_mobile": {
                      "dataType": 16,
                      "value": "/assets/img/bg29.jpg"
                    }
                  },
                  "isClone": false,
                  "cultures": null,
                  "priority": 0,
                  "specificulture": "en-us"
                }
              ],
              "jsonItems": [
                {
                  "title": {
                    "dataType": 7,
                    "value": null
                  },
                  "description": {
                    "dataType": 8,
                    "value": null
                  },
                  "url": {
                    "dataType": 7,
                    "value": null
                  },
                  "image": {
                    "dataType": 16,
                    "value": "/assets/img/bg29.jpg"
                  },
                  "image_mobile": {
                    "dataType": 16,
                    "value": "/assets/img/bg29.jpg"
                  }
                }
              ],
              "pageIndex": 0,
              "page": 1,
              "pageSize": 1,
              "totalItems": 1,
              "totalPage": 1
            },
            "articleId": null,
            "categoryId": 0,
            "isClone": false,
            "cultures": null,
            "priority": 4,
            "specificulture": "en-us"
          },
          "isClone": false,
          "cultures": null,
          "priority": 0,
          "specificulture": "en-us"
        },
        {
          "moduleId": 2,
          "categoryId": 1,
          "isActived": true,
          "image": null,
          "description": "Testimonials",
          "module": {
            "id": 2,
            "name": "testimonials",
            "image": null,
            "thumbnail": null,
            "template": "Modules/Testimonial-3.cshtml",
            "formTemplate": "Forms/_Default.cshtml",
            "edmTemplate": "Edms/_Default.cshtml",
            "title": "Testimonials",
            "description": null,
            "fields": "[{\"name\":\"image\",\"title\":\"Image\",\"defaultValue\":null,\"options\":[],\"priority\":0,\"dataType\":16,\"isUnique\":false,\"isRequired\":true,\"isDisplay\":true,\"isSelect\":false,\"isGroupBy\":false,\"width\":3},{\"name\":\"name\",\"title\":\"Name\",\"defaultValue\":null,\"options\":[],\"priority\":0,\"dataType\":7,\"isUnique\":false,\"isRequired\":false,\"isDisplay\":true,\"isSelect\":false,\"isGroupBy\":false,\"width\":3},{\"name\":\"title\",\"title\":\"Title\",\"defaultValue\":null,\"options\":[],\"priority\":0,\"dataType\":7,\"isUnique\":false,\"isRequired\":false,\"isDisplay\":true,\"isSelect\":false,\"isGroupBy\":false,\"width\":3},{\"name\":\"description\",\"title\":\"Description\",\"defaultValue\":null,\"options\":[],\"priority\":0,\"dataType\":9,\"isUnique\":false,\"isRequired\":false,\"isDisplay\":false,\"isSelect\":false,\"isGroupBy\":false,\"width\":3}]",
            "type": 1,
            "status": 2,
            "pageSize": 9,
            "lastModified": "2018-12-07T16:26:26.643",
            "createdDateTime": "2019-07-13T01:14:37.447",
            "createdBy": null,
            "modifiedBy": null,
            "data": {
              "items": [],
              "jsonItems": [],
              "pageIndex": 0,
              "page": 1,
              "pageSize": 0,
              "totalItems": 0,
              "totalPage": 1
            },
            "articleId": null,
            "categoryId": 0,
            "isClone": false,
            "cultures": null,
            "priority": 10,
            "specificulture": "en-us"
          },
          "isClone": false,
          "cultures": null,
          "priority": 0,
          "specificulture": "en-us"
        },
        {
          "moduleId": 3,
          "categoryId": 1,
          "isActived": true,
          "image": null,
          "description": "Get In Touch",
          "module": {
            "id": 3,
            "name": "get_in_touch",
            "image": null,
            "thumbnail": null,
            "template": "Modules/Services.cshtml",
            "formTemplate": "Forms/Get_In_Touch.cshtml",
            "edmTemplate": "Edms/_Default.cshtml",
            "title": "Get In Touch",
            "description": null,
            "fields": "[{\"name\":\"full_name\",\"title\":\"Full Name\",\"defaultValue\":null,\"options\":[],\"priority\":0,\"dataType\":7,\"isUnique\":false,\"isRequired\":false,\"isDisplay\":true,\"isSelect\":false,\"isGroupBy\":false,\"width\":3},{\"name\":\"email\",\"title\":\"Email\",\"defaultValue\":null,\"options\":[],\"priority\":0,\"dataType\":10,\"isUnique\":false,\"isRequired\":false,\"isDisplay\":false,\"isSelect\":false,\"isGroupBy\":false,\"width\":3},{\"name\":\"phone\",\"title\":\"Phone\",\"defaultValue\":null,\"options\":[],\"priority\":0,\"dataType\":10,\"isUnique\":false,\"isRequired\":true,\"isDisplay\":true,\"isSelect\":false,\"isGroupBy\":false,\"width\":3},{\"name\":\"address\",\"title\":\"Address\",\"defaultValue\":null,\"options\":[],\"priority\":0,\"dataType\":7,\"isUnique\":false,\"isRequired\":false,\"isDisplay\":false,\"isSelect\":false,\"isGroupBy\":false,\"width\":3},{\"name\":\"message\",\"title\":\"Message\",\"defaultValue\":null,\"options\":[],\"priority\":0,\"dataType\":9,\"isUnique\":false,\"isRequired\":true,\"isDisplay\":true,\"isSelect\":false,\"isGroupBy\":false,\"width\":3}]",
            "type": 1,
            "status": 2,
            "pageSize": null,
            "lastModified": "2019-07-01T09:29:58.407",
            "createdDateTime": "2019-07-13T01:14:37.447",
            "createdBy": null,
            "modifiedBy": null,
            "data": {
              "items": [],
              "jsonItems": [],
              "pageIndex": 0,
              "page": 1,
              "pageSize": 0,
              "totalItems": 0,
              "totalPage": 1
            },
            "articleId": null,
            "categoryId": 0,
            "isClone": false,
            "cultures": null,
            "priority": 13,
            "specificulture": "en-us"
          },
          "isClone": false,
          "cultures": null,
          "priority": 0,
          "specificulture": "en-us"
        }
      ],
      "urlAliases": [
        {
          "id": 1,
          "sourceId": "1",
          "type": 0,
          "description": null,
          "status": 2,
          "alias": "home",
          "createdDateTime": "2019-07-13T01:09:08.117",
          "isClone": false,
          "cultures": [
            {
              "id": 1,
              "specificulture": "en-us",
              "lcid": null,
              "alias": null,
              "fullName": "United States - English (Default)",
              "description": "United States - English (Default)",
              "icon": "flag-icon-us",
              "isSupported": true
            }
          ],
          "priority": 0,
          "specificulture": "en-us"
        }
      ],
      "isClone": false,
      "cultures": [
        {
          "id": 1,
          "specificulture": "en-us",
          "lcid": null,
          "alias": null,
          "fullName": "United States - English (Default)",
          "description": "United States - English (Default)",
          "icon": "flag-icon-us",
          "isSupported": true
        }
      ],
      "priority": 0,
      "specificulture": "en-us"
    },
    {
      "id": 2,
      "template": "Pages/_Tag.cshtml",
      "thumbnail": null,
      "image": "assets/img/bgs/tag.jpg",
      "icon": null,
      "cssClass": null,
      "layout": "Masters/_Default",
      "title": "Tag",
      "excerpt": null,
      "content": null,
      "seoName": "tag",
      "seoTitle": "tag",
      "seoDescription": "tag",
      "seoKeywords": "tag",
      "source": null,
      "views": null,
      "type": 8,
      "status": 2,
      "createdDateTime": "2019-07-13T01:09:08.167",
      "updatedDateTime": null,
      "createdBy": "admin",
      "tags": null,
      "staticUrl": null,
      "level": 0,
      "lastModified": "2019-07-13T01:41:55.923",
      "modifiedBy": null,
      "pageSize": null,
      "moduleNavs": [],
      "urlAliases": [
        {
          "id": 2,
          "sourceId": "2",
          "type": 0,
          "description": null,
          "status": 2,
          "alias": "tag",
          "createdDateTime": "2019-07-13T01:09:08.173",
          "isClone": false,
          "cultures": [
            {
              "id": 1,
              "specificulture": "en-us",
              "lcid": null,
              "alias": null,
              "fullName": "United States - English (Default)",
              "description": "United States - English (Default)",
              "icon": "flag-icon-us",
              "isSupported": true
            }
          ],
          "priority": 0,
          "specificulture": "en-us"
        }
      ],
      "isClone": false,
      "cultures": [
        {
          "id": 1,
          "specificulture": "en-us",
          "lcid": null,
          "alias": null,
          "fullName": "United States - English (Default)",
          "description": "United States - English (Default)",
          "icon": "flag-icon-us",
          "isSupported": true
        }
      ],
      "priority": 0,
      "specificulture": "en-us"
    },
    {
      "id": 3,
      "template": "Pages/_Search.cshtml",
      "thumbnail": null,
      "image": "assets/img/bgs/search.jpg",
      "icon": null,
      "cssClass": null,
      "layout": "Masters/_Default",
      "title": "Search",
      "excerpt": null,
      "content": null,
      "seoName": "search",
      "seoTitle": "search",
      "seoDescription": "search",
      "seoKeywords": "search",
      "source": null,
      "views": null,
      "type": 8,
      "status": 2,
      "createdDateTime": "2019-07-13T01:09:08.173",
      "updatedDateTime": null,
      "createdBy": "admin",
      "tags": null,
      "staticUrl": null,
      "level": 0,
      "lastModified": "2019-07-13T01:41:41.72",
      "modifiedBy": null,
      "pageSize": null,
      "moduleNavs": [],
      "urlAliases": [
        {
          "id": 3,
          "sourceId": "3",
          "type": 0,
          "description": null,
          "status": 2,
          "alias": "search",
          "createdDateTime": "2019-07-13T01:09:08.173",
          "isClone": false,
          "cultures": [
            {
              "id": 1,
              "specificulture": "en-us",
              "lcid": null,
              "alias": null,
              "fullName": "United States - English (Default)",
              "description": "United States - English (Default)",
              "icon": "flag-icon-us",
              "isSupported": true
            }
          ],
          "priority": 0,
          "specificulture": "en-us"
        }
      ],
      "isClone": false,
      "cultures": [
        {
          "id": 1,
          "specificulture": "en-us",
          "lcid": null,
          "alias": null,
          "fullName": "United States - English (Default)",
          "description": "United States - English (Default)",
          "icon": "flag-icon-us",
          "isSupported": true
        }
      ],
      "priority": 0,
      "specificulture": "en-us"
    },
    {
      "id": 4,
      "template": "Pages/_Blank.cshtml",
      "thumbnail": null,
      "image": "assets/img/bgs/404.jpg",
      "icon": null,
      "cssClass": null,
      "layout": "Masters/_Blank",
      "title": "404",
      "excerpt": null,
      "content": null,
      "seoName": "404",
      "seoTitle": "404",
      "seoDescription": "404",
      "seoKeywords": "404",
      "source": null,
      "views": null,
      "type": 8,
      "status": 2,
      "createdDateTime": "2019-07-13T01:09:08.177",
      "updatedDateTime": null,
      "createdBy": "admin",
      "tags": null,
      "staticUrl": null,
      "level": 0,
      "lastModified": "2019-07-13T01:43:50.107",
      "modifiedBy": null,
      "pageSize": null,
      "moduleNavs": [],
      "urlAliases": [
        {
          "id": 4,
          "sourceId": "4",
          "type": 0,
          "description": null,
          "status": 2,
          "alias": "404",
          "createdDateTime": "2019-07-13T01:09:08.177",
          "isClone": false,
          "cultures": [
            {
              "id": 1,
              "specificulture": "en-us",
              "lcid": null,
              "alias": null,
              "fullName": "United States - English (Default)",
              "description": "United States - English (Default)",
              "icon": "flag-icon-us",
              "isSupported": true
            }
          ],
          "priority": 0,
          "specificulture": "en-us"
        }
      ],
      "isClone": false,
      "cultures": [
        {
          "id": 1,
          "specificulture": "en-us",
          "lcid": null,
          "alias": null,
          "fullName": "United States - English (Default)",
          "description": "United States - English (Default)",
          "icon": "flag-icon-us",
          "isSupported": true
        }
      ],
      "priority": 0,
      "specificulture": "en-us"
    },
    {
      "id": 5,
      "template": "Pages/_Blank.cshtml",
      "thumbnail": null,
      "image": "assets/img/bgs/403.png",
      "icon": null,
      "cssClass": null,
      "layout": "Masters/_Blank",
      "title": "403",
      "excerpt": null,
      "content": null,
      "seoName": "403",
      "seoTitle": "403",
      "seoDescription": "403",
      "seoKeywords": "403",
      "source": null,
      "views": null,
      "type": 8,
      "status": 2,
      "createdDateTime": "2019-07-13T01:09:08.177",
      "updatedDateTime": null,
      "createdBy": "admin",
      "tags": null,
      "staticUrl": null,
      "level": 0,
      "lastModified": "2019-07-13T01:44:08.35",
      "modifiedBy": null,
      "pageSize": null,
      "moduleNavs": [],
      "urlAliases": [
        {
          "id": 5,
          "sourceId": "5",
          "type": 0,
          "description": null,
          "status": 2,
          "alias": "403",
          "createdDateTime": "2019-07-13T01:09:08.177",
          "isClone": false,
          "cultures": [
            {
              "id": 1,
              "specificulture": "en-us",
              "lcid": null,
              "alias": null,
              "fullName": "United States - English (Default)",
              "description": "United States - English (Default)",
              "icon": "flag-icon-us",
              "isSupported": true
            }
          ],
          "priority": 0,
          "specificulture": "en-us"
        }
      ],
      "isClone": false,
      "cultures": [
        {
          "id": 1,
          "specificulture": "en-us",
          "lcid": null,
          "alias": null,
          "fullName": "United States - English (Default)",
          "description": "United States - English (Default)",
          "icon": "flag-icon-us",
          "isSupported": true
        }
      ],
      "priority": 0,
      "specificulture": "en-us"
    },
    {
      "id": 6,
      "template": "Pages/_Blank.cshtml",
      "thumbnail": null,
      "image": "assets/img/bgs/500.png",
      "icon": null,
      "cssClass": null,
      "layout": "Masters/_Blank",
      "title": "500",
      "excerpt": null,
      "content": null,
      "seoName": "500",
      "seoTitle": "500",
      "seoDescription": "500",
      "seoKeywords": "500",
      "source": null,
      "views": null,
      "type": 8,
      "status": 2,
      "createdDateTime": "2019-07-13T01:09:08.177",
      "updatedDateTime": null,
      "createdBy": "admin",
      "tags": null,
      "staticUrl": null,
      "level": 0,
      "lastModified": "2019-07-13T01:46:15.697",
      "modifiedBy": null,
      "pageSize": null,
      "moduleNavs": [],
      "urlAliases": [
        {
          "id": 6,
          "sourceId": "6",
          "type": 0,
          "description": null,
          "status": 2,
          "alias": "500",
          "createdDateTime": "2019-07-13T01:09:08.18",
          "isClone": false,
          "cultures": [
            {
              "id": 1,
              "specificulture": "en-us",
              "lcid": null,
              "alias": null,
              "fullName": "United States - English (Default)",
              "description": "United States - English (Default)",
              "icon": "flag-icon-us",
              "isSupported": true
            }
          ],
          "priority": 0,
          "specificulture": "en-us"
        }
      ],
      "isClone": false,
      "cultures": [
        {
          "id": 1,
          "specificulture": "en-us",
          "lcid": null,
          "alias": null,
          "fullName": "United States - English (Default)",
          "description": "United States - English (Default)",
          "icon": "flag-icon-us",
          "isSupported": true
        }
      ],
      "priority": 0,
      "specificulture": "en-us"
    },
    {
      "id": 7,
      "template": "Pages/_Blank.cshtml",
      "thumbnail": null,
      "image": "assets/img/bgs/Maintenance.jpg",
      "icon": null,
      "cssClass": null,
      "layout": "Masters/_Blank",
      "title": "Maintenance",
      "excerpt": null,
      "content": null,
      "seoName": "maintenance",
      "seoTitle": "maintenance",
      "seoDescription": "maintenance",
      "seoKeywords": "maintenance",
      "source": null,
      "views": null,
      "type": 8,
      "status": 2,
      "createdDateTime": "2019-07-13T01:09:08.18",
      "updatedDateTime": null,
      "createdBy": "admin",
      "tags": null,
      "staticUrl": null,
      "level": 0,
      "lastModified": "2019-07-13T01:43:34.65",
      "modifiedBy": null,
      "pageSize": null,
      "moduleNavs": [],
      "urlAliases": [
        {
          "id": 7,
          "sourceId": "7",
          "type": 0,
          "description": null,
          "status": 2,
          "alias": "maintenance",
          "createdDateTime": "2019-07-13T01:09:08.18",
          "isClone": false,
          "cultures": [
            {
              "id": 1,
              "specificulture": "en-us",
              "lcid": null,
              "alias": null,
              "fullName": "United States - English (Default)",
              "description": "United States - English (Default)",
              "icon": "flag-icon-us",
              "isSupported": true
            }
          ],
          "priority": 0,
          "specificulture": "en-us"
        }
      ],
      "isClone": false,
      "cultures": [
        {
          "id": 1,
          "specificulture": "en-us",
          "lcid": null,
          "alias": null,
          "fullName": "United States - English (Default)",
          "description": "United States - English (Default)",
          "icon": "flag-icon-us",
          "isSupported": true
        }
      ],
      "priority": 0,
      "specificulture": "en-us"
    }
  ],
  "modules": [],
  "themeName": "default"
}
