{
  "Pages": [
    {
      "id": 1,
      "template": "Pages/_Home.cshtml",
      "thumbnail": null,
      "image": "/assets/img/bgs/home.jpeg",
      "icon": null,
      "cssClass": null,
      "layout": null,
      "title": "Home",
      "excerpt": null,
      "content": null,
      "seoName": "home",
      "seoTitle": "home",
      "seoDescription": "home",
      "seoKeywords": "home",
      "source": null,
      "views": null,
      "type": 3,
      "status": 2,
      "createdDateTime": "2019-06-30T08:48:24.567",
      "updatedDateTime": null,
      "createdBy": "SuperAdmin",
      "tags": null,
      "staticUrl": null,
      "level": 0,
      "lastModified": null,
      "modifiedBy": null,
      "pageSize": null,
      "moduleNavs": [],
      "urlAliases": [
        {
          "id": 1,
          "sourceId": "1",
          "type": 0,
          "description": null,
          "status": 2,
          "alias": "home",
          "createdDateTime": "2019-06-30T08:48:24.617",
          "isClone": false,
          "cultures": [
            {
              "id": 1,
              "specificulture": "en-us",
              "lcid": null,
              "alias": null,
              "fullName": "United States - English (Default)",
              "description": "United States - English (Default)",
              "icon": "flag-icon-us",
              "isSupported": true
            }
          ],
          "priority": 0,
          "specificulture": "en-us"
        }
      ],
      "isClone": false,
      "cultures": [
        {
          "id": 1,
          "specificulture": "en-us",
          "lcid": null,
          "alias": null,
          "fullName": "United States - English (Default)",
          "description": "United States - English (Default)",
          "icon": "flag-icon-us",
          "isSupported": true
        }
      ],
      "priority": 0,
      "specificulture": "en-us"
    },
    {
      "id": 2,
      "template": "Pages/_Tag.cshtml",
      "thumbnail": null,
      "image": "/assets/img/bgs/tag.jpg",
      "icon": null,
      "cssClass": null,
      "layout": null,
      "title": "Tag",
      "excerpt": null,
      "content": null,
      "seoName": "tag",
      "seoTitle": "tag",
      "seoDescription": "tag",
      "seoKeywords": "tag",
      "source": null,
      "views": null,
      "type": 2,
      "status": 2,
      "createdDateTime": "2019-06-30T08:48:24.653",
      "updatedDateTime": null,
      "createdBy": "SuperAdmin",
      "tags": null,
      "staticUrl": null,
      "level": 0,
      "lastModified": null,
      "modifiedBy": null,
      "pageSize": null,
      "moduleNavs": [],
      "urlAliases": [
        {
          "id": 2,
          "sourceId": "2",
          "type": 0,
          "description": null,
          "status": 2,
          "alias": "tag",
          "createdDateTime": "2019-06-30T08:48:24.66",
          "isClone": false,
          "cultures": [
            {
              "id": 1,
              "specificulture": "en-us",
              "lcid": null,
              "alias": null,
              "fullName": "United States - English (Default)",
              "description": "United States - English (Default)",
              "icon": "flag-icon-us",
              "isSupported": true
            }
          ],
          "priority": 0,
          "specificulture": "en-us"
        }
      ],
      "isClone": false,
      "cultures": [
        {
          "id": 1,
          "specificulture": "en-us",
          "lcid": null,
          "alias": null,
          "fullName": "United States - English (Default)",
          "description": "United States - English (Default)",
          "icon": "flag-icon-us",
          "isSupported": true
        }
      ],
      "priority": 0,
      "specificulture": "en-us"
    },
    {
      "id": 3,
      "template": "Pages/_Search.cshtml",
      "thumbnail": null,
      "image": "/assets/img/bgs/search.jpg",
      "icon": null,
      "cssClass": null,
      "layout": null,
      "title": "Search",
      "excerpt": null,
      "content": null,
      "seoName": "search",
      "seoTitle": "search",
      "seoDescription": "search",
      "seoKeywords": "search",
      "source": null,
      "views": null,
      "type": 2,
      "status": 2,
      "createdDateTime": "2019-06-30T08:48:24.663",
      "updatedDateTime": null,
      "createdBy": "SuperAdmin",
      "tags": null,
      "staticUrl": null,
      "level": 0,
      "lastModified": null,
      "modifiedBy": null,
      "pageSize": null,
      "moduleNavs": [],
      "urlAliases": [
        {
          "id": 3,
          "sourceId": "3",
          "type": 0,
          "description": null,
          "status": 2,
          "alias": "search",
          "createdDateTime": "2019-06-30T08:48:24.663",
          "isClone": false,
          "cultures": [
            {
              "id": 1,
              "specificulture": "en-us",
              "lcid": null,
              "alias": null,
              "fullName": "United States - English (Default)",
              "description": "United States - English (Default)",
              "icon": "flag-icon-us",
              "isSupported": true
            }
          ],
          "priority": 0,
          "specificulture": "en-us"
        }
      ],
      "isClone": false,
      "cultures": [
        {
          "id": 1,
          "specificulture": "en-us",
          "lcid": null,
          "alias": null,
          "fullName": "United States - English (Default)",
          "description": "United States - English (Default)",
          "icon": "flag-icon-us",
          "isSupported": true
        }
      ],
      "priority": 0,
      "specificulture": "en-us"
    },
    {
      "id": 4,
      "template": "Pages/_404.cshtml",
      "thumbnail": null,
      "image": "/assets/img/bgs/404.jpg",
      "icon": null,
      "cssClass": null,
      "layout": "Masters/_Blank",
      "title": "404",
      "excerpt": null,
      "content": null,
      "seoName": "404",
      "seoTitle": "404",
      "seoDescription": "404",
      "seoKeywords": "404",
      "source": null,
      "views": null,
      "type": 1,
      "status": 2,
      "createdDateTime": "2019-06-30T08:48:24.667",
      "updatedDateTime": null,
      "createdBy": "SuperAdmin",
      "tags": null,
      "staticUrl": null,
      "level": 0,
      "lastModified": null,
      "modifiedBy": null,
      "pageSize": null,
      "moduleNavs": [],
      "urlAliases": [
        {
          "id": 4,
          "sourceId": "4",
          "type": 0,
          "description": null,
          "status": 2,
          "alias": "404",
          "createdDateTime": "2019-06-30T08:48:24.67",
          "isClone": false,
          "cultures": [
            {
              "id": 1,
              "specificulture": "en-us",
              "lcid": null,
              "alias": null,
              "fullName": "United States - English (Default)",
              "description": "United States - English (Default)",
              "icon": "flag-icon-us",
              "isSupported": true
            }
          ],
          "priority": 0,
          "specificulture": "en-us"
        }
      ],
      "isClone": false,
      "cultures": [
        {
          "id": 1,
          "specificulture": "en-us",
          "lcid": null,
          "alias": null,
          "fullName": "United States - English (Default)",
          "description": "United States - English (Default)",
          "icon": "flag-icon-us",
          "isSupported": true
        }
      ],
      "priority": 0,
      "specificulture": "en-us"
    },
    {
      "id": 5,
      "template": "Pages/_403.cshtml",
      "thumbnail": null,
      "image": "/assets/img/bgs/403.png",
      "icon": null,
      "cssClass": null,
      "layout": "Masters/_Blank",
      "title": "403",
      "excerpt": null,
      "content": null,
      "seoName": "403",
      "seoTitle": "403",
      "seoDescription": "403",
      "seoKeywords": "403",
      "source": null,
      "views": null,
      "type": 1,
      "status": 2,
      "createdDateTime": "2019-06-30T08:48:24.673",
      "updatedDateTime": null,
      "createdBy": "SuperAdmin",
      "tags": null,
      "staticUrl": null,
      "level": 0,
      "lastModified": null,
      "modifiedBy": null,
      "pageSize": null,
      "moduleNavs": [],
      "urlAliases": [
        {
          "id": 5,
          "sourceId": "5",
          "type": 0,
          "description": null,
          "status": 2,
          "alias": "403",
          "createdDateTime": "2019-06-30T08:48:24.673",
          "isClone": false,
          "cultures": [
            {
              "id": 1,
              "specificulture": "en-us",
              "lcid": null,
              "alias": null,
              "fullName": "United States - English (Default)",
              "description": "United States - English (Default)",
              "icon": "flag-icon-us",
              "isSupported": true
            }
          ],
          "priority": 0,
          "specificulture": "en-us"
        }
      ],
      "isClone": false,
      "cultures": [
        {
          "id": 1,
          "specificulture": "en-us",
          "lcid": null,
          "alias": null,
          "fullName": "United States - English (Default)",
          "description": "United States - English (Default)",
          "icon": "flag-icon-us",
          "isSupported": true
        }
      ],
      "priority": 0,
      "specificulture": "en-us"
    },
    {
      "id": 6,
      "template": "Pages/_403.cshtml",
      "thumbnail": null,
      "image": "/assets/img/bgs/500.png",
      "icon": null,
      "cssClass": null,
      "layout": "Masters/_Blank",
      "title": "500",
      "excerpt": null,
      "content": null,
      "seoName": "500",
      "seoTitle": "500",
      "seoDescription": "500",
      "seoKeywords": "500",
      "source": null,
      "views": null,
      "type": 1,
      "status": 2,
      "createdDateTime": "2019-06-30T08:48:24.677",
      "updatedDateTime": null,
      "createdBy": "SuperAdmin",
      "tags": null,
      "staticUrl": null,
      "level": 0,
      "lastModified": null,
      "modifiedBy": null,
      "pageSize": null,
      "moduleNavs": [],
      "urlAliases": [
        {
          "id": 6,
          "sourceId": "6",
          "type": 0,
          "description": null,
          "status": 2,
          "alias": "500",
          "createdDateTime": "2019-06-30T08:48:24.68",
          "isClone": false,
          "cultures": [
            {
              "id": 1,
              "specificulture": "en-us",
              "lcid": null,
              "alias": null,
              "fullName": "United States - English (Default)",
              "description": "United States - English (Default)",
              "icon": "flag-icon-us",
              "isSupported": true
            }
          ],
          "priority": 0,
          "specificulture": "en-us"
        }
      ],
      "isClone": false,
      "cultures": [
        {
          "id": 1,
          "specificulture": "en-us",
          "lcid": null,
          "alias": null,
          "fullName": "United States - English (Default)",
          "description": "United States - English (Default)",
          "icon": "flag-icon-us",
          "isSupported": true
        }
      ],
      "priority": 0,
      "specificulture": "en-us"
    },
    {
      "id": 7,
      "template": "Pages/_Maintenance.cshtml",
      "thumbnail": null,
      "image": "/assets/img/bgs/Maintenance.jpg",
      "icon": null,
      "cssClass": null,
      "layout": "Masters/_Blank",
      "title": "Maintenance",
      "excerpt": null,
      "content": null,
      "seoName": "maintenance",
      "seoTitle": "maintenance",
      "seoDescription": "maintenance",
      "seoKeywords": "maintenance",
      "source": null,
      "views": null,
      "type": 1,
      "status": 2,
      "createdDateTime": "2019-06-30T08:48:24.68",
      "updatedDateTime": null,
      "createdBy": "SuperAdmin",
      "tags": null,
      "staticUrl": null,
      "level": 0,
      "lastModified": null,
      "modifiedBy": null,
      "pageSize": null,
      "moduleNavs": [],
      "urlAliases": [
        {
          "id": 7,
          "sourceId": "7",
          "type": 0,
          "description": null,
          "status": 2,
          "alias": "maintenance",
          "createdDateTime": "2019-06-30T08:48:24.687",
          "isClone": false,
          "cultures": [
            {
              "id": 1,
              "specificulture": "en-us",
              "lcid": null,
              "alias": null,
              "fullName": "United States - English (Default)",
              "description": "United States - English (Default)",
              "icon": "flag-icon-us",
              "isSupported": true
            }
          ],
          "priority": 0,
          "specificulture": "en-us"
        }
      ],
      "isClone": false,
      "cultures": [
        {
          "id": 1,
          "specificulture": "en-us",
          "lcid": null,
          "alias": null,
          "fullName": "United States - English (Default)",
          "description": "United States - English (Default)",
          "icon": "flag-icon-us",
          "isSupported": true
        }
      ],
      "priority": 0,
      "specificulture": "en-us"
    }
  ]
}
