{
  "pages": [
    {
      "id": 1,
      "specificulture": "en-us",
      "cultures": null,
      "template": "Pages/_Tag.cshtml",
      "thumbnail": null,
      "image": "assets/img/bgs/tag.jpg",
      "icon": null,
      "cssClass": null,
      "layout": "Masters/_Layout.cshtml",
      "title": "Tag",
      "excerpt": null,
      "content": null,
      "seoName": "tag",
      "seoTitle": "tag",
      "seoDescription": "tag",
      "seoKeywords": "tag",
      "source": null,
      "views": null,
      "type": 8,
      "tags": null,
      "staticUrl": null,
      "level": 0,
      "pageSize": null,
      "createdBy": "admin",
      "createdDateTime": "2020-06-04T12:13:59.33",
      "modifiedBy": null,
      "lastModified": "2019-07-13T01:41:55.923",
      "priority": 0,
      "status": "Published",
      "moduleNavs": null,
      "urlAliases": null,
      "isExportData": false,
      "themeName": "default"
    },
    {
      "id": 2,
      "specificulture": "en-us",
      "cultures": null,
      "template": "Pages/_Search.cshtml",
      "thumbnail": null,
      "image": "assets/img/bgs/search.jpg",
      "icon": null,
      "cssClass": null,
      "layout": "Masters/_Layout.cshtml",
      "title": "Search",
      "excerpt": null,
      "content": null,
      "seoName": "search",
      "seoTitle": "search",
      "seoDescription": "search",
      "seoKeywords": "search",
      "source": null,
      "views": null,
      "type": 8,
      "tags": null,
      "staticUrl": null,
      "level": 0,
      "pageSize": null,
      "createdBy": "admin",
      "createdDateTime": "2020-06-04T12:14:00.167",
      "modifiedBy": null,
      "lastModified": "2019-07-13T01:41:41.72",
      "priority": 0,
      "status": "Published",
      "moduleNavs": null,
      "urlAliases": null,
      "isExportData": false,
      "themeName": "default"
    },
    {
      "id": 3,
      "specificulture": "en-us",
      "cultures": null,
      "template": "Pages/_Blank.cshtml",
      "thumbnail": null,
      "image": "assets/img/bgs/404.jpg",
      "icon": null,
      "cssClass": null,
      "layout": "Masters/_Blank.cshtml",
      "title": "404",
      "excerpt": null,
      "content": null,
      "seoName": "404",
      "seoTitle": "404",
      "seoDescription": "404",
      "seoKeywords": "404",
      "source": null,
      "views": null,
      "type": 8,
      "tags": null,
      "staticUrl": null,
      "level": 0,
      "pageSize": null,
      "createdBy": "admin",
      "createdDateTime": "2020-06-04T12:14:00.71",
      "modifiedBy": null,
      "lastModified": "2019-07-13T01:43:50.107",
      "priority": 0,
      "status": "Published",
      "moduleNavs": null,
      "urlAliases": null,
      "isExportData": false,
      "themeName": "default"
    },
    {
      "id": 4,
      "specificulture": "en-us",
      "cultures": null,
      "template": "Pages/_Blank.cshtml",
      "thumbnail": null,
      "image": "assets/img/bgs/403.png",
      "icon": null,
      "cssClass": null,
      "layout": "Masters/_Blank.cshtml",
      "title": "403",
      "excerpt": null,
      "content": null,
      "seoName": "403",
      "seoTitle": "403",
      "seoDescription": "403",
      "seoKeywords": "403",
      "source": null,
      "views": null,
      "type": 8,
      "tags": null,
      "staticUrl": null,
      "level": 0,
      "pageSize": null,
      "createdBy": "admin",
      "createdDateTime": "2020-06-04T12:14:01.083",
      "modifiedBy": null,
      "lastModified": "2019-07-13T01:44:08.35",
      "priority": 0,
      "status": "Published",
      "moduleNavs": null,
      "urlAliases": null,
      "isExportData": false,
      "themeName": "default"
    },
    {
      "id": 5,
      "specificulture": "en-us",
      "cultures": null,
      "template": "Pages/_Blank.cshtml",
      "thumbnail": null,
      "image": "assets/img/bgs/500.png",
      "icon": null,
      "cssClass": null,
      "layout": "Masters/_Blank.cshtml",
      "title": "500",
      "excerpt": null,
      "content": null,
      "seoName": "500",
      "seoTitle": "500",
      "seoDescription": "500",
      "seoKeywords": "500",
      "source": null,
      "views": null,
      "type": 8,
      "tags": null,
      "staticUrl": null,
      "level": 0,
      "pageSize": null,
      "createdBy": "admin",
      "createdDateTime": "2020-06-04T12:14:01.483",
      "modifiedBy": null,
      "lastModified": "2019-07-13T01:46:15.697",
      "priority": 0,
      "status": "Published",
      "moduleNavs": null,
      "urlAliases": null,
      "isExportData": false,
      "themeName": "default"
    },
    {
      "id": 6,
      "specificulture": "en-us",
      "cultures": null,
      "template": "Pages/_Maintenance.cshtml",
      "thumbnail": null,
      "image": "assets/img/bgs/Maintenance.jpg",
      "icon": null,
      "cssClass": null,
      "layout": "Masters/_Blank.cshtml",
      "title": "Maintenance",
      "excerpt": null,
      "content": null,
      "seoName": "maintenance",
      "seoTitle": "maintenance",
      "seoDescription": "maintenance",
      "seoKeywords": "maintenance",
      "source": null,
      "views": null,
      "type": 8,
      "tags": null,
      "staticUrl": null,
      "level": 0,
      "pageSize": null,
      "createdBy": "admin",
      "createdDateTime": "2020-06-04T12:14:01.747",
      "modifiedBy": null,
      "lastModified": "2020-06-18T05:43:45.593",
      "priority": 0,
      "status": "Published",
      "moduleNavs": null,
      "urlAliases": null,
      "isExportData": false,
      "themeName": "default"
    },
    {
      "id": 7,
      "specificulture": "en-us",
      "cultures": null,
      "template": "Pages/Home.cshtml",
      "thumbnail": null,
      "image": "https://dev.mixcore.org/assets/img/bgs/home.jpeg",
      "icon": null,
      "cssClass": null,
      "layout": "Masters/_Layout.cshtml",
      "title": "Home",
      "excerpt": null,
      "content": null,
      "seoName": "home",
      "seoTitle": "home",
      "seoDescription": "home",
      "seoKeywords": "home",
      "source": null,
      "views": null,
      "type": 3,
      "tags": null,
      "staticUrl": null,
      "level": 0,
      "pageSize": null,
      "createdBy": "admin",
      "createdDateTime": "2020-06-04T12:14:02.197",
      "modifiedBy": null,
      "lastModified": "2020-06-16T18:15:28.51",
      "priority": 0,
      "status": "Published",
      "moduleNavs": null,
      "urlAliases": null,
      "isExportData": false,
      "themeName": "default"
    }
  ],
  "modules": [],
  "posts": [
    {
      "status": "Published",
      "id": 1,
      "template": "Posts/_Blank.cshtml",
      "thumbnail": null,
      "image": null,
      "icon": null,
      "title": "Mixcore CMS",
      "excerpt": "Fully Open Source UI Tools to create multi-purpose Web Apps, Mobile Apps & Application Services",
      "content": "Run with Docker\n<p>Latest Docker Image\n</p><p>docker pull mixcore/mix.core:latest\n</p><p>docker run -it --rm -p 5000:80 --name mixcore_cms mixcore/mix.core:latest\n</p><p>Or with Docker Compose\n</p><p>docker-compose build\n</p><p>docker-compose up\n</p><p>GITs clone\n</p><p>mkdir mixcore\n</p><p>cd mixcore\n</p><p>\n</p><p>git clone https://github.com/mixcore/mix.core.git\n</p><p>Optional:\n</p><p>\n</p><p>Optional steps as those packages are Nuget Library\n</p><p>\n</p><p>git clone https://github.com/mixcore/mix.heart.git\n</p><p>git clone https://github.com/mixcore/mix.identity.git\n</p><p>Build &amp; Run with Dotnet SDK\n</p><p>Build &amp; Run Mixcore CMS\n</p><p>REM Make sure you already read and download Dotnet Core SDK here https://dotnet.microsoft.com/download\n</p><p>\n</p><p>cd mix.core/src/Mix.Cms.Web\n</p><p>\n</p><p>dotnet restore\n</p><p>dotnet build\n</p><p>dotnet run\n</p><p>Modify &amp; Build Portal Front-End source (Optional)\n</p><p>This step is optional and only needed in case you would like to modify the portal front-end code\n</p><p>\n</p><p>cd mix.core/src/portal-app\n</p><p>\n</p><p>npm install\n</p><p>npm install --global gulp-cli\n</p><p>gulp build\n</p><p>Note: If you facing any System.Data.SqlClient.SqlException error, please replace all content inside \"appsettings.json\" file with \"{}\".</p>",
      "seoName": "mixcore-cms",
      "seoTitle": "Mixcore CMS",
      "seoDescription": "Fully Open Source UI Tools to create multi-purpose Web Apps, Mobile Apps & Application Services",
      "seoKeywords": "mixcore-cms",
      "source": null,
      "views": null,
      "type": "sys_additional_field_post",
      "publishedDateTime": null,
      "tags": "[]",
      "createdBy": null,
      "createdDateTime": "2020-10-11T10:00:33",
      "modifiedBy": null,
      "lastModified": "2020-10-11T10:00:33",
      "priority": 0,
      "domain": "",
      "categories": [],
      "imageFileStream": null,
      "thumbnailFileStream": null,
      "properties": null,
      "urlAliases": []
    }
  ],
  "attributeSets": [
    {
      "id": 1,
      "ReferenceId": null,
      "type": "System",
      "title": "Menu Item",
      "name": "sys_menu_item",
      "description": null,
      "formTemplate": "Layouts/Footer.cshtml",
      "edmTemplate": "Layouts/Footer.cshtml",
      "edmSubject": null,
      "edmFrom": null,
      "edmAutoSend": null,
      "createdBy": null,
      "createdDateTime": "2020-06-04T12:14:02.863",
      "modifiedBy": null,
      "lastModified": "2020-06-18T05:20:33.207",
      "priority": 0,
      "status": "Published",
      "fields": [
        {
          "id": 1,
          "specificulture": null,
          "attributeSetId": 1,
          "attributeSetName": "sys_menu_item",
          "referenceId": null,
          "regex": null,
          "isRegex": false,
          "title": "Title",
          "dataType": 7,
          "defaultValue": null,
          "strOptions": null,
          "options": null,
          "name": "title",
          "isRequire": true,
          "isEncrypt": false,
          "isSelect": false,
          "isUnique": false,
          "isMultiple": false,
          "createdBy": null,
          "createdDateTime": "2020-06-04T12:14:02.863",
          "modifiedBy": null,
          "lastModified": null,
          "priority": 0,
          "status": "Published"
        },
        {
          "id": 32,
          "specificulture": null,
          "attributeSetId": 1,
          "attributeSetName": "sys_menu_item",
          "referenceId": null,
          "regex": null,
          "isRegex": false,
          "title": "Uri",
          "dataType": 7,
          "defaultValue": null,
          "strOptions": "[]",
          "options": [],
          "name": "uri",
          "isRequire": false,
          "isEncrypt": false,
          "isSelect": false,
          "isUnique": false,
          "isMultiple": false,
          "createdBy": null,
          "createdDateTime": "2020-06-18T05:20:34.177",
          "modifiedBy": null,
          "lastModified": null,
          "priority": 1,
          "status": "Published"
        },
        {
          "id": 3,
          "specificulture": null,
          "attributeSetId": 1,
          "attributeSetName": "sys_menu_item",
          "referenceId": null,
          "regex": null,
          "isRegex": false,
          "title": "Icon",
          "dataType": 19,
          "defaultValue": null,
          "strOptions": "[]",
          "options": [],
          "name": "icon",
          "isRequire": false,
          "isEncrypt": false,
          "isSelect": false,
          "isUnique": false,
          "isMultiple": false,
          "createdBy": null,
          "createdDateTime": "2020-06-04T12:14:02.863",
          "modifiedBy": null,
          "lastModified": null,
          "priority": 2,
          "status": "Published"
        },
        {
          "id": 4,
          "specificulture": null,
          "attributeSetId": 1,
          "attributeSetName": "sys_menu_item",
          "referenceId": null,
          "regex": null,
          "isRegex": false,
          "title": "Type",
          "dataType": 7,
          "defaultValue": "Uri",
          "strOptions": "[\r\n  {\r\n    \"value\": \"Uri\",\r\n    \"dataType\": 7\r\n  },\r\n  {\r\n    \"value\": \"Page\",\r\n    \"dataType\": 7\r\n  },\r\n  {\r\n    \"value\": \"Post\",\r\n    \"dataType\": 7\r\n  }\r\n]",
          "options": [
            {
              "value": "Uri",
              "dataType": 7
            },
            {
              "value": "Page",
              "dataType": 7
            },
            {
              "value": "Post",
              "dataType": 7
            }
          ],
          "name": "type",
          "isRequire": false,
          "isEncrypt": false,
          "isSelect": true,
          "isUnique": false,
          "isMultiple": false,
          "createdBy": null,
          "createdDateTime": "2020-06-04T12:14:02.863",
          "modifiedBy": null,
          "lastModified": null,
          "priority": 3,
          "status": "Published"
        },
        {
          "id": 5,
          "specificulture": null,
          "attributeSetId": 1,
          "attributeSetName": "sys_menu_item",
          "referenceId": null,
          "regex": null,
          "isRegex": false,
          "title": "Target",
          "dataType": 7,
          "defaultValue": "_top",
          "strOptions": "[\r\n  {\r\n    \"value\": \"_blank\",\r\n    \"dataType\": 7\r\n  },\r\n  {\r\n    \"value\": \"_self\",\r\n    \"dataType\": 7\r\n  },\r\n  {\r\n    \"value\": \"_parent\",\r\n    \"dataType\": 7\r\n  },\r\n  {\r\n    \"value\": \"_top\",\r\n    \"dataType\": 7\r\n  },\r\n  {\r\n    \"value\": \"framename\",\r\n    \"dataType\": 7\r\n  }\r\n]",
          "options": [
            {
              "value": "_blank",
              "dataType": 7
            },
            {
              "value": "_self",
              "dataType": 7
            },
            {
              "value": "_parent",
              "dataType": 7
            },
            {
              "value": "_top",
              "dataType": 7
            },
            {
              "value": "framename",
              "dataType": 7
            }
          ],
          "name": "target",
          "isRequire": false,
          "isEncrypt": false,
          "isSelect": true,
          "isUnique": false,
          "isMultiple": false,
          "createdBy": null,
          "createdDateTime": "2020-06-04T12:14:02.863",
          "modifiedBy": null,
          "lastModified": null,
          "priority": 4,
          "status": "Published"
        },
        {
          "id": 6,
          "specificulture": null,
          "attributeSetId": 1,
          "attributeSetName": "sys_menu_item",
          "referenceId": null,
          "regex": null,
          "isRegex": false,
          "title": "Classes",
          "dataType": 7,
          "defaultValue": null,
          "strOptions": null,
          "options": null,
          "name": "classes",
          "isRequire": false,
          "isEncrypt": false,
          "isSelect": false,
          "isUnique": false,
          "isMultiple": false,
          "createdBy": null,
          "createdDateTime": "2020-06-04T12:14:02.863",
          "modifiedBy": null,
          "lastModified": null,
          "priority": 5,
          "status": "Published"
        },
        {
          "id": 7,
          "specificulture": null,
          "attributeSetId": 1,
          "attributeSetName": "sys_menu_item",
          "referenceId": null,
          "regex": null,
          "isRegex": false,
          "title": "Description",
          "dataType": 9,
          "defaultValue": null,
          "strOptions": null,
          "options": null,
          "name": "description",
          "isRequire": false,
          "isEncrypt": false,
          "isSelect": false,
          "isUnique": false,
          "isMultiple": false,
          "createdBy": null,
          "createdDateTime": "2020-06-04T12:14:02.863",
          "modifiedBy": null,
          "lastModified": null,
          "priority": 6,
          "status": "Published"
        },
        {
          "id": 8,
          "specificulture": null,
          "attributeSetId": 1,
          "attributeSetName": "sys_menu_item",
          "referenceId": 1,
          "regex": null,
          "isRegex": false,
          "title": "Menu Items",
          "dataType": 23,
          "defaultValue": null,
          "strOptions": null,
          "options": null,
          "name": "menu_items",
          "isRequire": false,
          "isEncrypt": false,
          "isSelect": false,
          "isUnique": false,
          "isMultiple": false,
          "createdBy": null,
          "createdDateTime": "2020-06-04T12:14:02.863",
          "modifiedBy": null,
          "lastModified": null,
          "priority": 7,
          "status": "Published"
        },
        {
          "id": 9,
          "specificulture": null,
          "attributeSetId": 1,
          "attributeSetName": "sys_menu_item",
          "referenceId": null,
          "regex": null,
          "isRegex": false,
          "title": "Alt",
          "dataType": 7,
          "defaultValue": null,
          "strOptions": "[]",
          "options": [],
          "name": "alt",
          "isRequire": false,
          "isEncrypt": false,
          "isSelect": false,
          "isUnique": false,
          "isMultiple": false,
          "createdBy": null,
          "createdDateTime": "2020-06-04T12:14:02.863",
          "modifiedBy": null,
          "lastModified": null,
          "priority": 8,
          "status": "Published"
        },
        {
          "id": 10,
          "specificulture": null,
          "attributeSetId": 1,
          "attributeSetName": "sys_menu_item",
          "referenceId": null,
          "regex": null,
          "isRegex": false,
          "title": "Hreflang",
          "dataType": 7,
          "defaultValue": null,
          "strOptions": "[]",
          "options": [],
          "name": "hreflang",
          "isRequire": false,
          "isEncrypt": false,
          "isSelect": false,
          "isUnique": false,
          "isMultiple": false,
          "createdBy": null,
          "createdDateTime": "2020-06-04T12:14:02.863",
          "modifiedBy": null,
          "lastModified": null,
          "priority": 9,
          "status": "Published"
        },
        {
          "id": 11,
          "specificulture": null,
          "attributeSetId": 1,
          "attributeSetName": "sys_menu_item",
          "referenceId": null,
          "regex": null,
          "isRegex": false,
          "title": "Rel",
          "dataType": 7,
          "defaultValue": null,
          "strOptions": "[\r\n  {\r\n    \"value\": \"next\",\r\n    \"dataType\": 7\r\n  },\r\n  {\r\n    \"value\": \"nofollow\",\r\n    \"dataType\": 7\r\n  },\r\n  {\r\n    \"value\": \"noreferrer\",\r\n    \"dataType\": 7\r\n  },\r\n  {\r\n    \"value\": \"prev\",\r\n    \"dataType\": 7\r\n  }\r\n]",
          "options": [
            {
              "value": "next",
              "dataType": 7
            },
            {
              "value": "nofollow",
              "dataType": 7
            },
            {
              "value": "noreferrer",
              "dataType": 7
            },
            {
              "value": "prev",
              "dataType": 7
            }
          ],
          "name": "rel",
          "isRequire": false,
          "isEncrypt": false,
          "isSelect": true,
          "isUnique": false,
          "isMultiple": false,
          "createdBy": null,
          "createdDateTime": "2020-06-04T12:14:02.863",
          "modifiedBy": null,
          "lastModified": null,
          "priority": 10,
          "status": "Published"
        }
      ],
      "isExportData": false
    },
    {
      "id": 2,
      "ReferenceId": null,
      "type": "System",
      "title": "Navigation",
      "name": "sys_navigation",
      "description": null,
      "formTemplate": "Forms/_Blank.cshtml",
      "edmTemplate": "Edms/_Blank.cshtml",
      "edmSubject": null,
      "edmFrom": null,
      "edmAutoSend": null,
      "createdBy": null,
      "createdDateTime": "2020-06-04T12:14:05.67",
      "modifiedBy": null,
      "lastModified": null,
      "priority": 0,
      "status": "Published",
      "fields": [
        {
          "id": 12,
          "specificulture": null,
          "attributeSetId": 2,
          "attributeSetName": "sys_navigation",
          "referenceId": null,
          "regex": null,
          "isRegex": false,
          "title": "Title",
          "dataType": 7,
          "defaultValue": null,
          "strOptions": "[]",
          "options": [],
          "name": "title",
          "isRequire": true,
          "isEncrypt": false,
          "isSelect": false,
          "isUnique": false,
          "isMultiple": false,
          "createdBy": null,
          "createdDateTime": "2020-06-04T12:14:05.67",
          "modifiedBy": null,
          "lastModified": null,
          "priority": 0,
          "status": "Published"
        },
        {
          "id": 13,
          "specificulture": null,
          "attributeSetId": 2,
          "attributeSetName": "sys_navigation",
          "referenceId": null,
          "regex": null,
          "isRegex": false,
          "title": "Name",
          "dataType": 7,
          "defaultValue": null,
          "strOptions": null,
          "options": null,
          "name": "name",
          "isRequire": true,
          "isEncrypt": false,
          "isSelect": false,
          "isUnique": false,
          "isMultiple": false,
          "createdBy": null,
          "createdDateTime": "2020-06-04T12:14:05.67",
          "modifiedBy": null,
          "lastModified": null,
          "priority": 1,
          "status": "Published"
        },
        {
          "id": 14,
          "specificulture": null,
          "attributeSetId": 2,
          "attributeSetName": "sys_navigation",
          "referenceId": 1,
          "regex": null,
          "isRegex": false,
          "title": "Menu Items",
          "dataType": 23,
          "defaultValue": null,
          "strOptions": "[]",
          "options": [],
          "name": "menu_items",
          "isRequire": false,
          "isEncrypt": false,
          "isSelect": false,
          "isUnique": false,
          "isMultiple": false,
          "createdBy": null,
          "createdDateTime": "2020-06-04T12:14:05.67",
          "modifiedBy": null,
          "lastModified": null,
          "priority": 2,
          "status": "Published"
        }
      ],
      "isExportData": false
    },
    {
      "id": 3,
      "ReferenceId": null,
      "type": "System",
      "title": "Page",
      "name": "sys_additional_field_page",
      "description": null,
      "formTemplate": "Forms/_Blank.cshtml",
      "edmTemplate": "Edms/_Blank.cshtml",
      "edmSubject": null,
      "edmFrom": null,
      "edmAutoSend": null,
      "createdBy": null,
      "createdDateTime": "2020-06-04T12:14:06.417",
      "modifiedBy": null,
      "lastModified": null,
      "priority": 0,
      "status": "Published",
      "fields": [],
      "isExportData": false
    },
    {
      "id": 4,
      "ReferenceId": null,
      "type": "System",
      "title": "Module",
      "name": "sys_additional_field_module",
      "description": null,
      "formTemplate": "Forms/_Blank.cshtml",
      "edmTemplate": "Edms/_Blank.cshtml",
      "edmSubject": null,
      "edmFrom": null,
      "edmAutoSend": null,
      "createdBy": null,
      "createdDateTime": "2020-06-04T12:14:06.543",
      "modifiedBy": null,
      "lastModified": null,
      "priority": 0,
      "status": "Published",
      "fields": [],
      "isExportData": false
    },
    {
      "id": 5,
      "ReferenceId": null,
      "type": "System",
      "title": "Post",
      "name": "sys_additional_field_post",
      "description": null,
      "formTemplate": "Forms/_Blank.cshtml",
      "edmTemplate": "Edms/_Blank.cshtml",
      "edmSubject": null,
      "edmFrom": null,
      "edmAutoSend": null,
      "createdBy": null,
      "createdDateTime": "2020-06-04T12:14:06.677",
      "modifiedBy": null,
      "lastModified": null,
      "priority": 0,
      "status": "Published",
      "fields": [],
      "isExportData": false
    },
    {
      "id": 6,
      "ReferenceId": null,
      "type": "System",
      "title": "Additional Field",
      "name": "sys_additional_field",
      "description": null,
      "formTemplate": "Forms/_Blank.cshtml",
      "edmTemplate": "Edms/_Blank.cshtml",
      "edmSubject": null,
      "edmFrom": null,
      "edmAutoSend": null,
      "createdBy": null,
      "createdDateTime": "2020-06-04T12:14:06.79",
      "modifiedBy": null,
      "lastModified": null,
      "priority": 1,
      "status": "Published",
      "fields": [],
      "isExportData": false
    },
    {
      "id": 7,
      "ReferenceId": null,
      "type": "System",
      "title": "Category",
      "name": "sys_category",
      "description": null,
      "formTemplate": null,
      "edmTemplate": null,
      "edmSubject": null,
      "edmFrom": null,
      "edmAutoSend": null,
      "createdBy": null,
      "createdDateTime": "2020-06-04T12:14:08.813",
      "modifiedBy": null,
      "lastModified": null,
      "priority": 2,
      "status": "Published",
      "fields": [
        {
          "id": 24,
          "specificulture": null,
          "attributeSetId": 7,
          "attributeSetName": "sys_category",
          "referenceId": null,
          "regex": null,
          "isRegex": false,
          "title": "Title",
          "dataType": 7,
          "defaultValue": null,
          "strOptions": "[]",
          "options": [],
          "name": "title",
          "isRequire": true,
          "isEncrypt": false,
          "isSelect": false,
          "isUnique": true,
          "isMultiple": false,
          "createdBy": null,
          "createdDateTime": "2020-06-04T12:14:08.813",
          "modifiedBy": null,
          "lastModified": null,
          "priority": 1,
          "status": "Published"
        },
        {
          "id": 25,
          "specificulture": null,
          "attributeSetId": 7,
          "attributeSetName": "sys_category",
          "referenceId": null,
          "regex": null,
          "isRegex": false,
          "title": "Slug",
          "dataType": 7,
          "defaultValue": null,
          "strOptions": "[]",
          "options": [],
          "name": "slug",
          "isRequire": true,
          "isEncrypt": false,
          "isSelect": false,
          "isUnique": true,
          "isMultiple": false,
          "createdBy": null,
          "createdDateTime": "2020-06-04T12:14:08.813",
          "modifiedBy": null,
          "lastModified": null,
          "priority": 2,
          "status": "Published"
        },
        {
          "id": 26,
          "specificulture": null,
          "attributeSetId": 7,
          "attributeSetName": "sys_category",
          "referenceId": null,
          "regex": null,
          "isRegex": false,
          "title": "Type",
          "dataType": 7,
          "defaultValue": "Post",
          "strOptions": "[\r\n  {\r\n    \"value\": \"Post\",\r\n    \"dataType\": 7\r\n  },\r\n  {\r\n    \"value\": \"Page\",\r\n    \"dataType\": 7\r\n  },\r\n  {\r\n    \"value\": \"Module\",\r\n    \"dataType\": 7\r\n  }\r\n]",
          "options": [
            {
              "value": "Post",
              "dataType": 7
            },
            {
              "value": "Page",
              "dataType": 7
            },
            {
              "value": "Module",
              "dataType": 7
            }
          ],
          "name": "type",
          "isRequire": false,
          "isEncrypt": false,
          "isSelect": true,
          "isUnique": false,
          "isMultiple": false,
          "createdBy": null,
          "createdDateTime": "2020-06-04T12:14:08.813",
          "modifiedBy": null,
          "lastModified": null,
          "priority": 3,
          "status": "Published"
        },
        {
          "id": 27,
          "specificulture": null,
          "attributeSetId": 7,
          "attributeSetName": "sys_category",
          "referenceId": null,
          "regex": null,
          "isRegex": false,
          "title": "Icon",
          "dataType": 19,
          "defaultValue": null,
          "strOptions": "[]",
          "options": [],
          "name": "icon",
          "isRequire": false,
          "isEncrypt": false,
          "isSelect": false,
          "isUnique": false,
          "isMultiple": false,
          "createdBy": null,
          "createdDateTime": "2020-06-04T12:14:08.813",
          "modifiedBy": null,
          "lastModified": null,
          "priority": 4,
          "status": "Published"
        },
        {
          "id": 28,
          "specificulture": null,
          "attributeSetId": 7,
          "attributeSetName": "sys_category",
          "referenceId": null,
          "regex": null,
          "isRegex": false,
          "title": "Description",
          "dataType": 9,
          "defaultValue": null,
          "strOptions": "[]",
          "options": [],
          "name": "description",
          "isRequire": false,
          "isEncrypt": false,
          "isSelect": false,
          "isUnique": false,
          "isMultiple": false,
          "createdBy": null,
          "createdDateTime": "2020-06-04T12:14:08.813",
          "modifiedBy": null,
          "lastModified": null,
          "priority": 5,
          "status": "Published"
        }
      ],
      "isExportData": false
    },
    {
      "id": 8,
      "ReferenceId": null,
      "type": "System",
      "title": "Tag",
      "name": "sys_tag",
      "description": null,
      "formTemplate": "Forms/_Blank.cshtml",
      "edmTemplate": "Edms/_Blank.cshtml",
      "edmSubject": null,
      "edmFrom": null,
      "edmAutoSend": null,
      "createdBy": null,
      "createdDateTime": "2020-06-04T12:14:09.997",
      "modifiedBy": null,
      "lastModified": null,
      "priority": 3,
      "status": "Published",
      "fields": [
        {
          "id": 29,
          "specificulture": null,
          "attributeSetId": 8,
          "attributeSetName": "sys_tag",
          "referenceId": null,
          "regex": null,
          "isRegex": false,
          "title": "Title",
          "dataType": 7,
          "defaultValue": null,
          "strOptions": "[]",
          "options": [],
          "name": "title",
          "isRequire": true,
          "isEncrypt": false,
          "isSelect": false,
          "isUnique": true,
          "isMultiple": false,
          "createdBy": null,
          "createdDateTime": "2020-06-04T12:14:09.997",
          "modifiedBy": null,
          "lastModified": null,
          "priority": 1,
          "status": "Published"
        },
        {
          "id": 30,
          "specificulture": null,
          "attributeSetId": 8,
          "attributeSetName": "sys_tag",
          "referenceId": null,
          "regex": null,
          "isRegex": false,
          "title": "Slug",
          "dataType": 7,
          "defaultValue": null,
          "strOptions": "[]",
          "options": [],
          "name": "slug",
          "isRequire": true,
          "isEncrypt": false,
          "isSelect": false,
          "isUnique": true,
          "isMultiple": false,
          "createdBy": null,
          "createdDateTime": "2020-06-04T12:14:09.997",
          "modifiedBy": null,
          "lastModified": null,
          "priority": 2,
          "status": "Published"
        },
        {
          "id": 31,
          "specificulture": null,
          "attributeSetId": 8,
          "attributeSetName": "sys_tag",
          "referenceId": null,
          "regex": null,
          "isRegex": false,
          "title": "Type",
          "dataType": 7,
          "defaultValue": "Post",
          "strOptions": "[]",
          "options": [],
          "name": "type",
          "isRequire": false,
          "isEncrypt": false,
          "isSelect": false,
          "isUnique": false,
          "isMultiple": false,
          "createdBy": null,
          "createdDateTime": "2020-06-04T12:14:09.997",
          "modifiedBy": null,
          "lastModified": null,
          "priority": 3,
          "status": "Published"
        }
      ],
      "isExportData": false
    },
    {
      "id": 9,
      "ReferenceId": null,
      "type": "System",
      "title": "Post Type",
      "name": "post_type",
      "description": null,
      "formTemplate": null,
      "edmTemplate": null,
      "edmSubject": null,
      "edmFrom": null,
      "edmAutoSend": null,
      "createdBy": null,
      "createdDateTime": "2020-09-26T10:18:22",
      "modifiedBy": null,
      "lastModified": "2020-09-26T10:19:31",
      "priority": 0,
      "status": "Published",
      "specificulture": null,
      "fields": [
        {
          "specificulture": null,
          "status": "Published",
          "id": 60,
          "attributeSetId": 9,
          "attributeSetName": "post_type",
          "referenceId": null,
          "regex": null,
          "isRegex": false,
          "title": "Title",
          "dataType": "Text",
          "defaultValue": null,
          "strOptions": "[]",
          "options": [],
          "name": "title",
          "isRequire": false,
          "isEncrypt": false,
          "isSelect": false,
          "isUnique": false,
          "isMultiple": false,
          "createdBy": null,
          "createdDateTime": "2020-09-26T10:18:22",
          "modifiedBy": null,
          "lastModified": null,
          "priority": 1
        },
        {
          "specificulture": null,
          "status": "Published",
          "id": 61,
          "attributeSetId": 9,
          "attributeSetName": "post_type",
          "referenceId": null,
          "regex": null,
          "isRegex": false,
          "title": "Attribute Set Name",
          "dataType": "Text",
          "defaultValue": null,
          "strOptions": "[]",
          "options": [],
          "name": "attribute_set_name",
          "isRequire": false,
          "isEncrypt": false,
          "isSelect": false,
          "isUnique": false,
          "isMultiple": false,
          "createdBy": null,
          "createdDateTime": "2020-09-26T10:18:22",
          "modifiedBy": null,
          "lastModified": null,
          "priority": 2
        },
        {
          "specificulture": null,
          "status": "Published",
          "id": 62,
          "attributeSetId": 9,
          "attributeSetName": "post_type",
          "referenceId": null,
          "regex": null,
          "isRegex": false,
          "title": "Icon",
          "dataType": "Icon",
          "defaultValue": null,
          "strOptions": "[]",
          "options": [],
          "name": "icon",
          "isRequire": false,
          "isEncrypt": false,
          "isSelect": false,
          "isUnique": false,
          "isMultiple": false,
          "createdBy": null,
          "createdDateTime": "2020-09-26T10:19:32",
          "modifiedBy": null,
          "lastModified": null,
          "priority": 3
        }
      ],
      "removeAttributes": [],
      "formView": null,
      "edmView": null
    }
  ],
  "configurations": null,
  "relatedData": [],
  "attributeSetDatas": [],
  "specificulture": "en-us",
  "themeName": "default"
}
