{
  "Pages": [
    {
      "id": 1,
      "template": "Pages/_Modules.cshtml",
      "thumbnail": null,
      "image": "/content/templates/default/uploads/2019-07/4a75fe622d4ac814915b1024x576af0b2b8f1c0942c8973fc146da80f390.jpg",
      "icon": null,
      "cssClass": null,
      "layout": "Masters/_Layout",
      "title": "Trang chủ",
      "excerpt": "Đem lại cảm giác thoải mái, thư giản sau những giờ bận rộn, căng thẳng của công việc và gia đình",
      "content": "MaVee Spa theo mô hình relax. Khách hàng như lạc vào 1 thế giới của mùi hương và đánh thức các giác quan. Tạm quên đi mọi bộn bề cuộc sống để tận hưởng các dịch vụ cao cấp với mức giá hợp lý.\n<p><br></p>",
      "seoName": "home",
      "seoTitle": "home",
      "seoDescription": "home",
      "seoKeywords": "home",
      "source": null,
      "views": null,
      "type": 3,
      "status": 2,
      "createdDateTime": "2019-06-30T08:48:24.567",
      "updatedDateTime": null,
      "createdBy": "superadmin",
      "tags": null,
      "staticUrl": null,
      "level": 0,
      "lastModified": "2019-07-06T04:56:05.93",
      "modifiedBy": null,
      "pageSize": null,
      "moduleNavs": [
        {
          "moduleId": 4,
          "categoryId": 1,
          "isActived": true,
          "image": null,
          "description": "Cảm nhận khách hàng",
          "module": {
            "id": 4,
            "name": "Reviews",
            "image": null,
            "thumbnail": null,
            "template": "Modules/Testimonials-3.cshtml",
            "formTemplate": "Forms/_Subscribe.cshtml",
            "edmTemplate": "Edms/_Default.cshtml",
            "title": "Cảm nhận khách hàng",
            "description": null,
            "fields": "[{\"name\":\"image\",\"title\":\"Image\",\"defaultValue\":null,\"options\":[],\"priority\":0,\"dataType\":16,\"isUnique\":false,\"isRequired\":true,\"isDisplay\":true,\"isSelect\":false,\"isGroupBy\":false,\"width\":3},{\"name\":\"name\",\"title\":\"Name\",\"defaultValue\":null,\"options\":[],\"priority\":0,\"dataType\":7,\"isUnique\":false,\"isRequired\":false,\"isDisplay\":true,\"isSelect\":false,\"isGroupBy\":false,\"width\":3},{\"name\":\"title\",\"title\":\"Title\",\"defaultValue\":null,\"options\":[],\"priority\":0,\"dataType\":7,\"isUnique\":false,\"isRequired\":false,\"isDisplay\":true,\"isSelect\":false,\"isGroupBy\":false,\"width\":3},{\"name\":\"description\",\"title\":\"Description\",\"defaultValue\":null,\"options\":[],\"priority\":0,\"dataType\":9,\"isUnique\":false,\"isRequired\":false,\"isDisplay\":false,\"isSelect\":false,\"isGroupBy\":false,\"width\":3}]",
            "type": 1,
            "status": 2,
            "pageSize": 9,
            "lastModified": "2018-12-07T16:26:26.643",
            "createdDateTime": "2019-07-01T02:50:27.143",
            "createdBy": null,
            "modifiedBy": null,
            "data": {
              "items": [],
              "jsonItems": [],
              "pageIndex": 0,
              "page": 1,
              "pageSize": 0,
              "totalItems": 0,
              "totalPage": 1
            },
            "articleId": null,
            "categoryId": 0,
            "isClone": false,
            "cultures": null,
            "priority": 10,
            "specificulture": "en-us"
          },
          "isClone": false,
          "cultures": null,
          "priority": 8,
          "specificulture": "en-us"
        },
        {
          "moduleId": 5,
          "categoryId": 1,
          "isActived": true,
          "image": "content/templates/default/uploads/2019-07/6457878422823542053219112273216629452046336o53abaa4a26424eec90ba3e0fa31fa5c6.jpg",
          "description": "MaVee Spa",
          "module": {
            "id": 5,
            "name": "header",
            "image": "content/templates/default/uploads/2019-07/6457878422823542053219112273216629452046336o53abaa4a26424eec90ba3e0fa31fa5c6.jpg",
            "thumbnail": null,
            "template": "Modules/Header.cshtml",
            "formTemplate": "Forms/_Subscribe.cshtml",
            "edmTemplate": "Edms/_Default.cshtml",
            "title": "MaVee Spa",
            "description": "<p style=\"text-align: center; \"><span style=\"font-size: large;\">&nbsp;Lắng nghe lời thì thầm của làn da</span></p><p style=\"text-align: center;\"><span style=\"background-color: var(--bg-color); color: var(--text-color); font-size: 1rem;\">Đem lại cảm giác thoải mái, thư giản sau những giờ bận rộn, căng thẳng của công việc và gia đình</span></p>",
            "fields": "[]",
            "type": 0,
            "status": 2,
            "pageSize": null,
            "lastModified": "2019-07-01T08:28:51.107",
            "createdDateTime": "2019-07-01T08:28:51.107",
            "createdBy": null,
            "modifiedBy": null,
            "data": {
              "items": [],
              "jsonItems": [],
              "pageIndex": 0,
              "page": 1,
              "pageSize": 0,
              "totalItems": 0,
              "totalPage": 1
            },
            "articleId": null,
            "categoryId": 0,
            "isClone": false,
            "cultures": null,
            "priority": 11,
            "specificulture": "en-us"
          },
          "isClone": false,
          "cultures": null,
          "priority": 3,
          "specificulture": "en-us"
        },
        {
          "moduleId": 7,
          "categoryId": 1,
          "isActived": true,
          "image": null,
          "description": "Thông Tin Liên Hệ",
          "module": {
            "id": 7,
            "name": "get_in_touch",
            "image": null,
            "thumbnail": null,
            "template": "Modules/Get_In_Touch.cshtml",
            "formTemplate": "Forms/ContactUs.cshtml",
            "edmTemplate": "Edms/_Default.cshtml",
            "title": "Thông Tin Liên Hệ",
            "description": null,
            "fields": "[{\"name\":\"full_name\",\"title\":\"Full Name\",\"defaultValue\":null,\"options\":[],\"priority\":0,\"dataType\":7,\"isUnique\":false,\"isRequired\":false,\"isDisplay\":true,\"isSelect\":false,\"isGroupBy\":false,\"width\":3},{\"name\":\"email\",\"title\":\"Email\",\"defaultValue\":null,\"options\":[],\"priority\":0,\"dataType\":10,\"isUnique\":false,\"isRequired\":false,\"isDisplay\":false,\"isSelect\":false,\"isGroupBy\":false,\"width\":3},{\"name\":\"phone\",\"title\":\"Phone\",\"defaultValue\":null,\"options\":[],\"priority\":0,\"dataType\":10,\"isUnique\":false,\"isRequired\":true,\"isDisplay\":true,\"isSelect\":false,\"isGroupBy\":false,\"width\":3},{\"name\":\"address\",\"title\":\"Address\",\"defaultValue\":null,\"options\":[],\"priority\":0,\"dataType\":7,\"isUnique\":false,\"isRequired\":false,\"isDisplay\":false,\"isSelect\":false,\"isGroupBy\":false,\"width\":3},{\"name\":\"message\",\"title\":\"Message\",\"defaultValue\":null,\"options\":[],\"priority\":0,\"dataType\":9,\"isUnique\":false,\"isRequired\":true,\"isDisplay\":true,\"isSelect\":false,\"isGroupBy\":false,\"width\":3}]",
            "type": 1,
            "status": 2,
            "pageSize": null,
            "lastModified": "2019-07-01T09:29:58.407",
            "createdDateTime": "2019-07-01T09:29:58.407",
            "createdBy": null,
            "modifiedBy": null,
            "data": {
              "items": [],
              "jsonItems": [],
              "pageIndex": 0,
              "page": 1,
              "pageSize": 0,
              "totalItems": 0,
              "totalPage": 1
            },
            "articleId": null,
            "categoryId": 0,
            "isClone": false,
            "cultures": null,
            "priority": 13,
            "specificulture": "en-us"
          },
          "isClone": false,
          "cultures": null,
          "priority": 10,
          "specificulture": "en-us"
        },
        {
          "moduleId": 10,
          "categoryId": 1,
          "isActived": true,
          "image": null,
          "description": "Sản Phẩm",
          "module": {
            "id": 10,
            "name": "products",
            "image": null,
            "thumbnail": null,
            "template": "Modules/Project-5.cshtml",
            "formTemplate": "Forms/_Subscribe.cshtml",
            "edmTemplate": "Edms/_Default.cshtml",
            "title": "Sản Phẩm",
            "description": "",
            "fields": "[]",
            "type": 2,
            "status": 2,
            "pageSize": null,
            "lastModified": "2019-07-02T01:09:15.27",
            "createdDateTime": "2019-07-02T01:09:15.27",
            "createdBy": null,
            "modifiedBy": null,
            "data": {
              "items": [],
              "jsonItems": [],
              "pageIndex": 0,
              "page": 1,
              "pageSize": 0,
              "totalItems": 0,
              "totalPage": 1
            },
            "articleId": null,
            "categoryId": 0,
            "isClone": false,
            "cultures": null,
            "priority": 16,
            "specificulture": "en-us"
          },
          "isClone": false,
          "cultures": null,
          "priority": 6,
          "specificulture": "en-us"
        },
        {
          "moduleId": 11,
          "categoryId": 1,
          "isActived": true,
          "image": null,
          "description": "Dịch vụ nhà MaVee",
          "module": {
            "id": 11,
            "name": "services",
            "image": null,
            "thumbnail": null,
            "template": "Modules/Services.cshtml",
            "formTemplate": "Forms/_Subscribe.cshtml",
            "edmTemplate": "Edms/_Default.cshtml",
            "title": "Dịch vụ nhà MaVee",
            "description": "This is the paragraph where you can write more details about your team. Keep you user engaged by providing meaningful information",
            "fields": "[{\"name\":\"title\",\"title\":\"Title\",\"defaultValue\":null,\"options\":[],\"priority\":0,\"dataType\":7,\"isUnique\":false,\"isRequired\":true,\"isDisplay\":true,\"isSelect\":false,\"isGroupBy\":false,\"width\":3},{\"name\":\"category\",\"title\":\"Category\",\"defaultValue\":null,\"options\":[],\"priority\":0,\"dataType\":7,\"isUnique\":false,\"isRequired\":false,\"isDisplay\":false,\"isSelect\":false,\"isGroupBy\":false,\"width\":3},{\"name\":\"description\",\"title\":\"Description\",\"defaultValue\":null,\"options\":[],\"priority\":0,\"dataType\":9,\"isUnique\":false,\"isRequired\":false,\"isDisplay\":false,\"isSelect\":false,\"isGroupBy\":false,\"width\":3},{\"name\":\"url\",\"title\":\"Url\",\"defaultValue\":null,\"options\":[],\"priority\":0,\"dataType\":7,\"isUnique\":false,\"isRequired\":false,\"isDisplay\":true,\"isSelect\":false,\"isGroupBy\":false,\"width\":3},{\"name\":\"image\",\"title\":\"Image\",\"defaultValue\":null,\"options\":[],\"priority\":0,\"dataType\":16,\"isUnique\":false,\"isRequired\":false,\"isDisplay\":true,\"isSelect\":false,\"isGroupBy\":false,\"width\":3}]",
            "type": 1,
            "status": 2,
            "pageSize": null,
            "lastModified": "2019-07-02T07:16:41.113",
            "createdDateTime": "2019-07-02T07:16:41.113",
            "createdBy": null,
            "modifiedBy": null,
            "data": {
              "items": [],
              "jsonItems": [],
              "pageIndex": 0,
              "page": 1,
              "pageSize": 0,
              "totalItems": 0,
              "totalPage": 1
            },
            "articleId": null,
            "categoryId": 0,
            "isClone": false,
            "cultures": null,
            "priority": 17,
            "specificulture": "en-us"
          },
          "isClone": false,
          "cultures": null,
          "priority": 5,
          "specificulture": "en-us"
        }
      ],
      "urlAliases": [
        {
          "id": 1,
          "sourceId": "1",
          "type": 0,
          "description": null,
          "status": 2,
          "alias": "home",
          "createdDateTime": "2019-06-30T10:07:16.957",
          "isClone": false,
          "cultures": [
            {
              "id": 1,
              "specificulture": "en-us",
              "lcid": null,
              "alias": null,
              "fullName": "United States - English (Default)",
              "description": "United States - English (Default)",
              "icon": "flag-icon-us",
              "isSupported": true
            }
          ],
          "priority": 0,
          "specificulture": "en-us"
        }
      ],
      "isClone": false,
      "cultures": [
        {
          "id": 1,
          "specificulture": "en-us",
          "lcid": null,
          "alias": null,
          "fullName": "United States - English (Default)",
          "description": "United States - English (Default)",
          "icon": "flag-icon-us",
          "isSupported": true
        }
      ],
      "priority": 0,
      "specificulture": "en-us"
    },
    {
      "id": 2,
      "template": "Pages/_Tag.cshtml",
      "thumbnail": null,
      "image": "assets/img/bgs/tag.jpg",
      "icon": null,
      "cssClass": null,
      "layout": "Masters/_Layout",
      "title": "Tag",
      "excerpt": null,
      "content": null,
      "seoName": "tag",
      "seoTitle": "tag",
      "seoDescription": "tag",
      "seoKeywords": "tag",
      "source": null,
      "views": null,
      "type": 8,
      "status": 2,
      "createdDateTime": "2019-06-30T08:48:24.653",
      "updatedDateTime": null,
      "createdBy": "admin",
      "tags": null,
      "staticUrl": null,
      "level": 0,
      "lastModified": "2019-07-01T04:00:22.487",
      "modifiedBy": null,
      "pageSize": null,
      "moduleNavs": [],
      "urlAliases": [
        {
          "id": 2,
          "sourceId": "2",
          "type": 0,
          "description": null,
          "status": 2,
          "alias": "tag",
          "createdDateTime": "2019-06-30T10:07:17.047",
          "isClone": false,
          "cultures": [
            {
              "id": 1,
              "specificulture": "en-us",
              "lcid": null,
              "alias": null,
              "fullName": "United States - English (Default)",
              "description": "United States - English (Default)",
              "icon": "flag-icon-us",
              "isSupported": true
            }
          ],
          "priority": 0,
          "specificulture": "en-us"
        }
      ],
      "isClone": false,
      "cultures": [
        {
          "id": 1,
          "specificulture": "en-us",
          "lcid": null,
          "alias": null,
          "fullName": "United States - English (Default)",
          "description": "United States - English (Default)",
          "icon": "flag-icon-us",
          "isSupported": true
        }
      ],
      "priority": 0,
      "specificulture": "en-us"
    },
    {
      "id": 3,
      "template": "Pages/_Search.cshtml",
      "thumbnail": null,
      "image": "content/templates/default/uploads/2019-07/6257647622819341920305791499468869394235392of4b85b5462c349699fc9e1f8b804f66b.jpg",
      "icon": null,
      "cssClass": null,
      "layout": "Masters/_Layout",
      "title": "Kết quả tìm kiếm",
      "excerpt": null,
      "content": null,
      "seoName": "search",
      "seoTitle": "search",
      "seoDescription": "search",
      "seoKeywords": "search",
      "source": null,
      "views": null,
      "type": 8,
      "status": 2,
      "createdDateTime": "2019-06-30T08:48:24.663",
      "updatedDateTime": null,
      "createdBy": "superadmin",
      "tags": null,
      "staticUrl": null,
      "level": 0,
      "lastModified": "2019-07-05T06:28:49.68",
      "modifiedBy": null,
      "pageSize": null,
      "moduleNavs": [],
      "urlAliases": [
        {
          "id": 3,
          "sourceId": "3",
          "type": 0,
          "description": null,
          "status": 2,
          "alias": "search",
          "createdDateTime": "2019-06-30T10:07:17.047",
          "isClone": false,
          "cultures": [
            {
              "id": 1,
              "specificulture": "en-us",
              "lcid": null,
              "alias": null,
              "fullName": "United States - English (Default)",
              "description": "United States - English (Default)",
              "icon": "flag-icon-us",
              "isSupported": true
            }
          ],
          "priority": 0,
          "specificulture": "en-us"
        }
      ],
      "isClone": false,
      "cultures": [
        {
          "id": 1,
          "specificulture": "en-us",
          "lcid": null,
          "alias": null,
          "fullName": "United States - English (Default)",
          "description": "United States - English (Default)",
          "icon": "flag-icon-us",
          "isSupported": true
        }
      ],
      "priority": 0,
      "specificulture": "en-us"
    },
    {
      "id": 4,
      "template": "Pages/_404.cshtml",
      "thumbnail": null,
      "image": "/assets/img/bgs/404.jpg",
      "icon": null,
      "cssClass": null,
      "layout": "Masters/_Blank",
      "title": "404",
      "excerpt": null,
      "content": null,
      "seoName": "404",
      "seoTitle": "404",
      "seoDescription": "404",
      "seoKeywords": "404",
      "source": null,
      "views": null,
      "type": 1,
      "status": 2,
      "createdDateTime": "2019-06-30T08:48:24.667",
      "updatedDateTime": null,
      "createdBy": "SuperAdmin",
      "tags": null,
      "staticUrl": null,
      "level": 0,
      "lastModified": null,
      "modifiedBy": null,
      "pageSize": null,
      "moduleNavs": [],
      "urlAliases": [
        {
          "id": 4,
          "sourceId": "4",
          "type": 0,
          "description": null,
          "status": 2,
          "alias": "404",
          "createdDateTime": "2019-06-30T10:07:17.05",
          "isClone": false,
          "cultures": [
            {
              "id": 1,
              "specificulture": "en-us",
              "lcid": null,
              "alias": null,
              "fullName": "United States - English (Default)",
              "description": "United States - English (Default)",
              "icon": "flag-icon-us",
              "isSupported": true
            }
          ],
          "priority": 0,
          "specificulture": "en-us"
        }
      ],
      "isClone": false,
      "cultures": [
        {
          "id": 1,
          "specificulture": "en-us",
          "lcid": null,
          "alias": null,
          "fullName": "United States - English (Default)",
          "description": "United States - English (Default)",
          "icon": "flag-icon-us",
          "isSupported": true
        }
      ],
      "priority": 0,
      "specificulture": "en-us"
    },
    {
      "id": 5,
      "template": "Pages/_403.cshtml",
      "thumbnail": null,
      "image": "/assets/img/bgs/403.png",
      "icon": null,
      "cssClass": null,
      "layout": "Masters/_Blank",
      "title": "403",
      "excerpt": null,
      "content": null,
      "seoName": "403",
      "seoTitle": "403",
      "seoDescription": "403",
      "seoKeywords": "403",
      "source": null,
      "views": null,
      "type": 1,
      "status": 2,
      "createdDateTime": "2019-06-30T08:48:24.673",
      "updatedDateTime": null,
      "createdBy": "SuperAdmin",
      "tags": null,
      "staticUrl": null,
      "level": 0,
      "lastModified": null,
      "modifiedBy": null,
      "pageSize": null,
      "moduleNavs": [],
      "urlAliases": [
        {
          "id": 5,
          "sourceId": "5",
          "type": 0,
          "description": null,
          "status": 2,
          "alias": "403",
          "createdDateTime": "2019-06-30T10:07:17.053",
          "isClone": false,
          "cultures": [
            {
              "id": 1,
              "specificulture": "en-us",
              "lcid": null,
              "alias": null,
              "fullName": "United States - English (Default)",
              "description": "United States - English (Default)",
              "icon": "flag-icon-us",
              "isSupported": true
            }
          ],
          "priority": 0,
          "specificulture": "en-us"
        }
      ],
      "isClone": false,
      "cultures": [
        {
          "id": 1,
          "specificulture": "en-us",
          "lcid": null,
          "alias": null,
          "fullName": "United States - English (Default)",
          "description": "United States - English (Default)",
          "icon": "flag-icon-us",
          "isSupported": true
        }
      ],
      "priority": 0,
      "specificulture": "en-us"
    },
    {
      "id": 6,
      "template": "Pages/_403.cshtml",
      "thumbnail": null,
      "image": "/assets/img/bgs/500.png",
      "icon": null,
      "cssClass": null,
      "layout": "Masters/_Blank",
      "title": "500",
      "excerpt": null,
      "content": null,
      "seoName": "500",
      "seoTitle": "500",
      "seoDescription": "500",
      "seoKeywords": "500",
      "source": null,
      "views": null,
      "type": 1,
      "status": 2,
      "createdDateTime": "2019-06-30T08:48:24.677",
      "updatedDateTime": null,
      "createdBy": "SuperAdmin",
      "tags": null,
      "staticUrl": null,
      "level": 0,
      "lastModified": null,
      "modifiedBy": null,
      "pageSize": null,
      "moduleNavs": [],
      "urlAliases": [
        {
          "id": 6,
          "sourceId": "6",
          "type": 0,
          "description": null,
          "status": 2,
          "alias": "500",
          "createdDateTime": "2019-06-30T10:07:17.057",
          "isClone": false,
          "cultures": [
            {
              "id": 1,
              "specificulture": "en-us",
              "lcid": null,
              "alias": null,
              "fullName": "United States - English (Default)",
              "description": "United States - English (Default)",
              "icon": "flag-icon-us",
              "isSupported": true
            }
          ],
          "priority": 0,
          "specificulture": "en-us"
        }
      ],
      "isClone": false,
      "cultures": [
        {
          "id": 1,
          "specificulture": "en-us",
          "lcid": null,
          "alias": null,
          "fullName": "United States - English (Default)",
          "description": "United States - English (Default)",
          "icon": "flag-icon-us",
          "isSupported": true
        }
      ],
      "priority": 0,
      "specificulture": "en-us"
    },
    {
      "id": 7,
      "template": "Pages/_Maintenance.cshtml",
      "thumbnail": null,
      "image": "/assets/img/bgs/Maintenance.jpg",
      "icon": null,
      "cssClass": null,
      "layout": "Masters/_Blank",
      "title": "Maintenance",
      "excerpt": null,
      "content": null,
      "seoName": "maintenance",
      "seoTitle": "maintenance",
      "seoDescription": "maintenance",
      "seoKeywords": "maintenance",
      "source": null,
      "views": null,
      "type": 1,
      "status": 2,
      "createdDateTime": "2019-06-30T08:48:24.68",
      "updatedDateTime": null,
      "createdBy": "SuperAdmin",
      "tags": null,
      "staticUrl": null,
      "level": 0,
      "lastModified": null,
      "modifiedBy": null,
      "pageSize": null,
      "moduleNavs": [],
      "urlAliases": [
        {
          "id": 7,
          "sourceId": "7",
          "type": 0,
          "description": null,
          "status": 2,
          "alias": "maintenance",
          "createdDateTime": "2019-06-30T10:07:17.06",
          "isClone": false,
          "cultures": [
            {
              "id": 1,
              "specificulture": "en-us",
              "lcid": null,
              "alias": null,
              "fullName": "United States - English (Default)",
              "description": "United States - English (Default)",
              "icon": "flag-icon-us",
              "isSupported": true
            }
          ],
          "priority": 0,
          "specificulture": "en-us"
        }
      ],
      "isClone": false,
      "cultures": [
        {
          "id": 1,
          "specificulture": "en-us",
          "lcid": null,
          "alias": null,
          "fullName": "United States - English (Default)",
          "description": "United States - English (Default)",
          "icon": "flag-icon-us",
          "isSupported": true
        }
      ],
      "priority": 0,
      "specificulture": "en-us"
    }
  ]
}
