{
  "pages": [
    {
      "id": 1,
      "template": "Pages/_Modules.cshtml",
      "thumbnail": null,
      "image": "assets/img/bgs/home.jpeg",
      "icon": null,
      "cssClass": null,
      "layout": "Masters/_Layout",
      "title": "Home",
      "excerpt": null,
      "content": null,
      "seoName": "home",
      "seoTitle": "home",
      "seoDescription": "home",
      "seoKeywords": "home",
      "source": null,
      "views": null,
      "type": 3,
      "status": 2,
      "createdDateTime": "2019-07-13T01:09:08.05",
      "updatedDateTime": null,
      "createdBy": "admin",
      "tags": null,
      "staticUrl": null,
      "level": 0,
      "lastModified": "2019-07-14T01:40:03.397",
      "modifiedBy": null,
      "pageSize": null,
      "moduleNavs": [
        {
          "moduleId": 1,
          "categoryId": 1,
          "isActived": true,
          "image": null,
          "description": "Testimonials",
          "module": {
            "id": 1,
            "name": "testimonials",
            "image": null,
            "thumbnail": null,
            "template": "Modules/Testimonial-3.cshtml",
            "formTemplate": "Forms/_Default.cshtml",
            "edmTemplate": "Edms/_Default.cshtml",
            "title": "Testimonials",
            "description": null,
            "fields": "[{\"name\":\"image\",\"title\":\"Image\",\"defaultValue\":null,\"options\":[],\"priority\":0,\"dataType\":16,\"isUnique\":false,\"isRequired\":true,\"isDisplay\":true,\"isSelect\":false,\"isGroupBy\":false,\"width\":3},{\"name\":\"name\",\"title\":\"Name\",\"defaultValue\":null,\"options\":[],\"priority\":0,\"dataType\":7,\"isUnique\":false,\"isRequired\":false,\"isDisplay\":true,\"isSelect\":false,\"isGroupBy\":false,\"width\":3},{\"name\":\"title\",\"title\":\"Title\",\"defaultValue\":null,\"options\":[],\"priority\":0,\"dataType\":7,\"isUnique\":false,\"isRequired\":false,\"isDisplay\":true,\"isSelect\":false,\"isGroupBy\":false,\"width\":3},{\"name\":\"description\",\"title\":\"Description\",\"defaultValue\":null,\"options\":[],\"priority\":0,\"dataType\":9,\"isUnique\":false,\"isRequired\":false,\"isDisplay\":false,\"isSelect\":false,\"isGroupBy\":false,\"width\":3}]",
            "type": 1,
            "status": 2,
            "pageSize": 9,
            "lastModified": "2019-07-14T06:13:03.867",
            "createdDateTime": "2019-07-14T06:13:03.867",
            "createdBy": null,
            "modifiedBy": null,
            "data": {
              "items": [
                {
                  "id": "378be2f6-60f9-4e17-9208-1f9e77061fd0",
                  "moduleId": 1,
                  "articleId": null,
                  "productId": null,
                  "categoryId": null,
                  "createdDateTime": "2019-07-14T06:13:04.137",
                  "updatedDateTime": "2019-07-14T06:13:04.14",
                  "dataProperties": [
                    {
                      "name": "image",
                      "title": "Image",
                      "isUnique": false,
                      "isRequired": true,
                      "dataType": 16,
                      "value": null,
                      "isDisplay": true,
                      "isSelect": false,
                      "isGroupBy": false,
                      "options": []
                    },
                    {
                      "name": "name",
                      "title": "Name",
                      "isUnique": false,
                      "isRequired": false,
                      "dataType": 7,
                      "value": null,
                      "isDisplay": true,
                      "isSelect": false,
                      "isGroupBy": false,
                      "options": []
                    },
                    {
                      "name": "title",
                      "title": "Title",
                      "isUnique": false,
                      "isRequired": false,
                      "dataType": 7,
                      "value": null,
                      "isDisplay": true,
                      "isSelect": false,
                      "isGroupBy": false,
                      "options": []
                    },
                    {
                      "name": "description",
                      "title": "Description",
                      "isUnique": false,
                      "isRequired": false,
                      "dataType": 9,
                      "value": null,
                      "isDisplay": false,
                      "isSelect": false,
                      "isGroupBy": false,
                      "options": []
                    }
                  ],
                  "jItem": {
                    "image": {
                      "dataType": 16,
                      "value": "/assets/img/michael.jpg"
                    },
                    "name": {
                      "dataType": 7,
                      "value": "Dylan Wyatt"
                    },
                    "title": {
                      "dataType": 7,
                      "value": "Conservation Scientist"
                    },
                    "description": {
                      "dataType": 9,
                      "value": "There is only one corner of the universe you can be certain of improving, and that's your own self..."
                    }
                  },
                  "isClone": false,
                  "cultures": null,
                  "priority": 0,
                  "specificulture": "en-us"
                },
                {
                  "id": "deb9a776-145b-4add-b868-c4ee0bf9722a",
                  "moduleId": 1,
                  "articleId": null,
                  "productId": null,
                  "categoryId": null,
                  "createdDateTime": "2019-07-14T06:13:04.343",
                  "updatedDateTime": "2019-07-14T06:13:04.343",
                  "dataProperties": [
                    {
                      "name": "image",
                      "title": "Image",
                      "isUnique": false,
                      "isRequired": true,
                      "dataType": 16,
                      "value": null,
                      "isDisplay": true,
                      "isSelect": false,
                      "isGroupBy": false,
                      "options": []
                    },
                    {
                      "name": "name",
                      "title": "Name",
                      "isUnique": false,
                      "isRequired": false,
                      "dataType": 7,
                      "value": null,
                      "isDisplay": true,
                      "isSelect": false,
                      "isGroupBy": false,
                      "options": []
                    },
                    {
                      "name": "title",
                      "title": "Title",
                      "isUnique": false,
                      "isRequired": false,
                      "dataType": 7,
                      "value": null,
                      "isDisplay": true,
                      "isSelect": false,
                      "isGroupBy": false,
                      "options": []
                    },
                    {
                      "name": "description",
                      "title": "Description",
                      "isUnique": false,
                      "isRequired": false,
                      "dataType": 9,
                      "value": null,
                      "isDisplay": false,
                      "isSelect": false,
                      "isGroupBy": false,
                      "options": []
                    }
                  ],
                  "jItem": {
                    "image": {
                      "dataType": 16,
                      "value": "/assets/img/olivia.jpg"
                    },
                    "name": {
                      "dataType": 7,
                      "value": "Olivia"
                    },
                    "title": {
                      "dataType": 7,
                      "value": "Designer"
                    },
                    "description": {
                      "dataType": 9,
                      "value": "Think in the morning. Act in the noon. Eat in the evening. Sleep in the night......"
                    }
                  },
                  "isClone": false,
                  "cultures": null,
                  "priority": 0,
                  "specificulture": "en-us"
                },
                {
                  "id": "ecf9885d-9b64-4057-a53d-74846870eb01",
                  "moduleId": 1,
                  "articleId": null,
                  "productId": null,
                  "categoryId": null,
                  "createdDateTime": "2019-07-14T06:13:04.357",
                  "updatedDateTime": "2019-07-14T06:13:04.357",
                  "dataProperties": [
                    {
                      "name": "image",
                      "title": "Image",
                      "isUnique": false,
                      "isRequired": true,
                      "dataType": 16,
                      "value": null,
                      "isDisplay": true,
                      "isSelect": false,
                      "isGroupBy": false,
                      "options": []
                    },
                    {
                      "name": "name",
                      "title": "Name",
                      "isUnique": false,
                      "isRequired": false,
                      "dataType": 7,
                      "value": null,
                      "isDisplay": true,
                      "isSelect": false,
                      "isGroupBy": false,
                      "options": []
                    },
                    {
                      "name": "title",
                      "title": "Title",
                      "isUnique": false,
                      "isRequired": false,
                      "dataType": 7,
                      "value": null,
                      "isDisplay": true,
                      "isSelect": false,
                      "isGroupBy": false,
                      "options": []
                    },
                    {
                      "name": "description",
                      "title": "Description",
                      "isUnique": false,
                      "isRequired": false,
                      "dataType": 9,
                      "value": null,
                      "isDisplay": false,
                      "isSelect": false,
                      "isGroupBy": false,
                      "options": []
                    }
                  ],
                  "jItem": {
                    "image": {
                      "dataType": 16,
                      "value": "/assets/img/Emily.jpg"
                    },
                    "name": {
                      "dataType": 7,
                      "value": "Mila Skylar"
                    },
                    "title": {
                      "dataType": 7,
                      "value": "Architect"
                    },
                    "description": {
                      "dataType": 9,
                      "value": "Love cures people - both the ones who give it and the ones who receive it..."
                    }
                  },
                  "isClone": false,
                  "cultures": null,
                  "priority": 0,
                  "specificulture": "en-us"
                },
                {
                  "id": "f2a12f34-2c86-4869-b5bc-c9880c30a0b9",
                  "moduleId": 1,
                  "articleId": null,
                  "productId": null,
                  "categoryId": null,
                  "createdDateTime": "2019-07-14T06:13:04.367",
                  "updatedDateTime": "2019-07-14T06:13:04.367",
                  "dataProperties": [
                    {
                      "name": "image",
                      "title": "Image",
                      "isUnique": false,
                      "isRequired": true,
                      "dataType": 16,
                      "value": null,
                      "isDisplay": true,
                      "isSelect": false,
                      "isGroupBy": false,
                      "options": []
                    },
                    {
                      "name": "name",
                      "title": "Name",
                      "isUnique": false,
                      "isRequired": false,
                      "dataType": 7,
                      "value": null,
                      "isDisplay": true,
                      "isSelect": false,
                      "isGroupBy": false,
                      "options": []
                    },
                    {
                      "name": "title",
                      "title": "Title",
                      "isUnique": false,
                      "isRequired": false,
                      "dataType": 7,
                      "value": null,
                      "isDisplay": true,
                      "isSelect": false,
                      "isGroupBy": false,
                      "options": []
                    },
                    {
                      "name": "description",
                      "title": "Description",
                      "isUnique": false,
                      "isRequired": false,
                      "dataType": 9,
                      "value": null,
                      "isDisplay": false,
                      "isSelect": false,
                      "isGroupBy": false,
                      "options": []
                    }
                  ],
                  "jItem": {
                    "image": {
                      "dataType": 16,
                      "value": "/assets/img/james.jpg"
                    },
                    "name": {
                      "dataType": 7,
                      "value": "Daniel Carter"
                    },
                    "title": {
                      "dataType": 7,
                      "value": "Aviation Inspector"
                    },
                    "description": {
                      "dataType": 9,
                      "value": "Keep your face always toward the sunshine - and shadows will fall behind you..."
                    }
                  },
                  "isClone": false,
                  "cultures": null,
                  "priority": 0,
                  "specificulture": "en-us"
                }
              ],
              "jsonItems": [
                {
                  "image": {
                    "dataType": 16,
                    "value": "/assets/img/michael.jpg"
                  },
                  "name": {
                    "dataType": 7,
                    "value": "Dylan Wyatt"
                  },
                  "title": {
                    "dataType": 7,
                    "value": "Conservation Scientist"
                  },
                  "description": {
                    "dataType": 9,
                    "value": "There is only one corner of the universe you can be certain of improving, and that's your own self..."
                  }
                },
                {
                  "image": {
                    "dataType": 16,
                    "value": "/assets/img/olivia.jpg"
                  },
                  "name": {
                    "dataType": 7,
                    "value": "Olivia"
                  },
                  "title": {
                    "dataType": 7,
                    "value": "Designer"
                  },
                  "description": {
                    "dataType": 9,
                    "value": "Think in the morning. Act in the noon. Eat in the evening. Sleep in the night......"
                  }
                },
                {
                  "image": {
                    "dataType": 16,
                    "value": "/assets/img/Emily.jpg"
                  },
                  "name": {
                    "dataType": 7,
                    "value": "Mila Skylar"
                  },
                  "title": {
                    "dataType": 7,
                    "value": "Architect"
                  },
                  "description": {
                    "dataType": 9,
                    "value": "Love cures people - both the ones who give it and the ones who receive it..."
                  }
                },
                {
                  "image": {
                    "dataType": 16,
                    "value": "/assets/img/james.jpg"
                  },
                  "name": {
                    "dataType": 7,
                    "value": "Daniel Carter"
                  },
                  "title": {
                    "dataType": 7,
                    "value": "Aviation Inspector"
                  },
                  "description": {
                    "dataType": 9,
                    "value": "Keep your face always toward the sunshine - and shadows will fall behind you..."
                  }
                }
              ],
              "pageIndex": 0,
              "page": 1,
              "pageSize": 4,
              "totalItems": 4,
              "totalPage": 1
            },
            "articleId": null,
            "categoryId": 0,
            "isClone": false,
            "cultures": null,
            "priority": 10,
            "specificulture": "en-us"
          },
          "isClone": false,
          "cultures": null,
          "priority": 6,
          "specificulture": "en-us"
        },
        {
          "moduleId": 2,
          "categoryId": 1,
          "isActived": true,
          "image": null,
          "description": "Get In Touch",
          "module": {
            "id": 2,
            "name": "get_in_touch",
            "image": null,
            "thumbnail": null,
            "template": "Modules/Get_In_Touch.cshtml",
            "formTemplate": "Forms/Get_In_Touch.cshtml",
            "edmTemplate": "Edms/_Default.cshtml",
            "title": "Get In Touch",
            "description": null,
            "fields": "[{\"name\":\"full_name\",\"title\":\"Full Name\",\"defaultValue\":null,\"options\":[],\"priority\":0,\"dataType\":7,\"isUnique\":false,\"isRequired\":false,\"isDisplay\":true,\"isSelect\":false,\"isGroupBy\":false,\"width\":3},{\"name\":\"email\",\"title\":\"Email\",\"defaultValue\":null,\"options\":[],\"priority\":0,\"dataType\":10,\"isUnique\":false,\"isRequired\":false,\"isDisplay\":false,\"isSelect\":false,\"isGroupBy\":false,\"width\":3},{\"name\":\"phone\",\"title\":\"Phone\",\"defaultValue\":null,\"options\":[],\"priority\":0,\"dataType\":10,\"isUnique\":false,\"isRequired\":true,\"isDisplay\":true,\"isSelect\":false,\"isGroupBy\":false,\"width\":3},{\"name\":\"address\",\"title\":\"Address\",\"defaultValue\":null,\"options\":[],\"priority\":0,\"dataType\":7,\"isUnique\":false,\"isRequired\":false,\"isDisplay\":false,\"isSelect\":false,\"isGroupBy\":false,\"width\":3},{\"name\":\"message\",\"title\":\"Message\",\"defaultValue\":null,\"options\":[],\"priority\":0,\"dataType\":9,\"isUnique\":false,\"isRequired\":true,\"isDisplay\":true,\"isSelect\":false,\"isGroupBy\":false,\"width\":3}]",
            "type": 1,
            "status": 2,
            "pageSize": null,
            "lastModified": "2019-07-14T06:13:04.477",
            "createdDateTime": "2019-07-14T06:13:04.477",
            "createdBy": null,
            "modifiedBy": null,
            "data": {
              "items": [],
              "jsonItems": [],
              "pageIndex": 0,
              "page": 1,
              "pageSize": 0,
              "totalItems": 0,
              "totalPage": 1
            },
            "articleId": null,
            "categoryId": 0,
            "isClone": false,
            "cultures": null,
            "priority": 13,
            "specificulture": "en-us"
          },
          "isClone": false,
          "cultures": null,
          "priority": 7,
          "specificulture": "en-us"
        },
        {
          "moduleId": 3,
          "categoryId": 1,
          "isActived": true,
          "image": "assets/img/bg26.jpg",
          "description": "About Us",
          "module": {
            "id": 3,
            "name": "header",
            "image": "assets/img/bg26.jpg",
            "thumbnail": "/assets/img/bg26.jpg",
            "template": "Modules/Header_Small.cshtml",
            "formTemplate": "Forms/_Default.cshtml",
            "edmTemplate": "Edms/_Default.cshtml",
            "title": "About Us",
            "description": "",
            "fields": "[]",
            "type": 0,
            "status": 2,
            "pageSize": null,
            "lastModified": "2019-07-14T06:13:04.517",
            "createdDateTime": "2019-07-14T06:13:04.517",
            "createdBy": null,
            "modifiedBy": null,
            "data": {
              "items": [],
              "jsonItems": [],
              "pageIndex": 0,
              "page": 1,
              "pageSize": 0,
              "totalItems": 0,
              "totalPage": 1
            },
            "articleId": null,
            "categoryId": 0,
            "isClone": false,
            "cultures": null,
            "priority": 14,
            "specificulture": "en-us"
          },
          "isClone": false,
          "cultures": null,
          "priority": 3,
          "specificulture": "en-us"
        },
        {
          "moduleId": 4,
          "categoryId": 1,
          "isActived": true,
          "image": null,
          "description": "Features",
          "module": {
            "id": 4,
            "name": "features",
            "image": null,
            "thumbnail": null,
            "template": "Modules/Feature-3.cshtml",
            "formTemplate": "Forms/_Default.cshtml",
            "edmTemplate": "Edms/_Default.cshtml",
            "title": "Features",
            "description": "",
            "fields": "[{\"name\":\"title\",\"title\":\"Title\",\"defaultValue\":null,\"options\":[],\"priority\":0,\"dataType\":7,\"isUnique\":false,\"isRequired\":true,\"isDisplay\":true,\"isSelect\":false,\"isGroupBy\":false,\"width\":3},{\"name\":\"category\",\"title\":\"Category\",\"defaultValue\":null,\"options\":[],\"priority\":0,\"dataType\":7,\"isUnique\":false,\"isRequired\":false,\"isDisplay\":false,\"isSelect\":false,\"isGroupBy\":false,\"width\":3},{\"name\":\"description\",\"title\":\"Description\",\"defaultValue\":null,\"options\":[],\"priority\":0,\"dataType\":9,\"isUnique\":false,\"isRequired\":false,\"isDisplay\":false,\"isSelect\":false,\"isGroupBy\":false,\"width\":3},{\"name\":\"icon\",\"title\":\"Icon\",\"defaultValue\":null,\"options\":[\"now-ui-icons objects_globe\",\"now-ui-icons education_atom\",\"now-ui-icons tech_watch-time\"],\"priority\":0,\"dataType\":19,\"isUnique\":false,\"isRequired\":false,\"isDisplay\":true,\"isSelect\":true,\"isGroupBy\":false,\"width\":3},{\"name\":\"color\",\"title\":\"Color\",\"defaultValue\":null,\"options\":[\"success\",\"info\",\"warning\",\"danger\"],\"priority\":0,\"dataType\":7,\"isUnique\":false,\"isRequired\":false,\"isDisplay\":true,\"isSelect\":true,\"isGroupBy\":false,\"width\":3}]",
            "type": 1,
            "status": 2,
            "pageSize": null,
            "lastModified": "2019-07-14T06:13:04.553",
            "createdDateTime": "2019-07-14T06:13:04.553",
            "createdBy": null,
            "modifiedBy": null,
            "data": {
              "items": [
                {
                  "id": "3168062a-af74-4318-80bc-9a2d4e90d3a0",
                  "moduleId": 4,
                  "articleId": null,
                  "productId": null,
                  "categoryId": null,
                  "createdDateTime": "2019-07-14T06:13:04.573",
                  "updatedDateTime": "2019-07-14T06:13:04.573",
                  "dataProperties": [
                    {
                      "name": "title",
                      "title": "Title",
                      "isUnique": false,
                      "isRequired": true,
                      "dataType": 7,
                      "value": null,
                      "isDisplay": true,
                      "isSelect": false,
                      "isGroupBy": false,
                      "options": []
                    },
                    {
                      "name": "category",
                      "title": "Category",
                      "isUnique": false,
                      "isRequired": false,
                      "dataType": 7,
                      "value": null,
                      "isDisplay": false,
                      "isSelect": false,
                      "isGroupBy": false,
                      "options": []
                    },
                    {
                      "name": "description",
                      "title": "Description",
                      "isUnique": false,
                      "isRequired": false,
                      "dataType": 9,
                      "value": null,
                      "isDisplay": false,
                      "isSelect": false,
                      "isGroupBy": false,
                      "options": []
                    },
                    {
                      "name": "icon",
                      "title": "Icon",
                      "isUnique": false,
                      "isRequired": false,
                      "dataType": 19,
                      "value": null,
                      "isDisplay": true,
                      "isSelect": true,
                      "isGroupBy": false,
                      "options": [
                        "now-ui-icons objects_globe",
                        "now-ui-icons education_atom",
                        "now-ui-icons tech_watch-time"
                      ]
                    },
                    {
                      "name": "color",
                      "title": "Color",
                      "isUnique": false,
                      "isRequired": false,
                      "dataType": 7,
                      "value": null,
                      "isDisplay": true,
                      "isSelect": true,
                      "isGroupBy": false,
                      "options": [
                        "success",
                        "info",
                        "warning",
                        "danger"
                      ]
                    }
                  ],
                  "jItem": {
                    "title": {
                      "dataType": 7,
                      "value": "Asset Management"
                    },
                    "category": {
                      "dataType": 7,
                      "value": null
                    },
                    "description": {
                      "dataType": 9,
                      "value": "Cross-account dashboards provide sophisticated reporting for enterprise."
                    },
                    "icon": {
                      "dataType": 19,
                      "value": "now-ui-icons objects_globe"
                    },
                    "color": {
                      "dataType": 7,
                      "value": "success"
                    }
                  },
                  "isClone": false,
                  "cultures": null,
                  "priority": 0,
                  "specificulture": "en-us"
                },
                {
                  "id": "9bb6e9f8-1db6-4472-9a81-978c2b8f637c",
                  "moduleId": 4,
                  "articleId": null,
                  "productId": null,
                  "categoryId": null,
                  "createdDateTime": "2019-07-14T06:13:04.61",
                  "updatedDateTime": "2019-07-14T06:13:04.61",
                  "dataProperties": [
                    {
                      "name": "title",
                      "title": "Title",
                      "isUnique": false,
                      "isRequired": true,
                      "dataType": 7,
                      "value": null,
                      "isDisplay": true,
                      "isSelect": false,
                      "isGroupBy": false,
                      "options": []
                    },
                    {
                      "name": "category",
                      "title": "Category",
                      "isUnique": false,
                      "isRequired": false,
                      "dataType": 7,
                      "value": null,
                      "isDisplay": false,
                      "isSelect": false,
                      "isGroupBy": false,
                      "options": []
                    },
                    {
                      "name": "description",
                      "title": "Description",
                      "isUnique": false,
                      "isRequired": false,
                      "dataType": 9,
                      "value": null,
                      "isDisplay": false,
                      "isSelect": false,
                      "isGroupBy": false,
                      "options": []
                    },
                    {
                      "name": "icon",
                      "title": "Icon",
                      "isUnique": false,
                      "isRequired": false,
                      "dataType": 19,
                      "value": null,
                      "isDisplay": true,
                      "isSelect": true,
                      "isGroupBy": false,
                      "options": [
                        "now-ui-icons objects_globe",
                        "now-ui-icons education_atom",
                        "now-ui-icons tech_watch-time"
                      ]
                    },
                    {
                      "name": "color",
                      "title": "Color",
                      "isUnique": false,
                      "isRequired": false,
                      "dataType": 7,
                      "value": null,
                      "isDisplay": true,
                      "isSelect": true,
                      "isGroupBy": false,
                      "options": [
                        "success",
                        "info",
                        "warning",
                        "danger"
                      ]
                    }
                  ],
                  "jItem": {
                    "title": {
                      "dataType": 7,
                      "value": "Resource Utilization"
                    },
                    "category": {
                      "dataType": 7,
                      "value": null
                    },
                    "description": {
                      "dataType": 9,
                      "value": "CloudCheckr provides summary and detailed usage statistics for resources."
                    },
                    "icon": {
                      "dataType": 19,
                      "value": "now-ui-icons education_atom"
                    },
                    "color": {
                      "dataType": 7,
                      "value": "info"
                    }
                  },
                  "isClone": false,
                  "cultures": null,
                  "priority": 0,
                  "specificulture": "en-us"
                },
                {
                  "id": "a91a9f3f-fb9b-4d4e-ba94-25a671550842",
                  "moduleId": 4,
                  "articleId": null,
                  "productId": null,
                  "categoryId": null,
                  "createdDateTime": "2019-07-14T06:13:04.62",
                  "updatedDateTime": "2019-07-14T06:13:04.62",
                  "dataProperties": [
                    {
                      "name": "title",
                      "title": "Title",
                      "isUnique": false,
                      "isRequired": true,
                      "dataType": 7,
                      "value": null,
                      "isDisplay": true,
                      "isSelect": false,
                      "isGroupBy": false,
                      "options": []
                    },
                    {
                      "name": "category",
                      "title": "Category",
                      "isUnique": false,
                      "isRequired": false,
                      "dataType": 7,
                      "value": null,
                      "isDisplay": false,
                      "isSelect": false,
                      "isGroupBy": false,
                      "options": []
                    },
                    {
                      "name": "description",
                      "title": "Description",
                      "isUnique": false,
                      "isRequired": false,
                      "dataType": 9,
                      "value": null,
                      "isDisplay": false,
                      "isSelect": false,
                      "isGroupBy": false,
                      "options": []
                    },
                    {
                      "name": "icon",
                      "title": "Icon",
                      "isUnique": false,
                      "isRequired": false,
                      "dataType": 19,
                      "value": null,
                      "isDisplay": true,
                      "isSelect": true,
                      "isGroupBy": false,
                      "options": [
                        "now-ui-icons objects_globe",
                        "now-ui-icons education_atom",
                        "now-ui-icons tech_watch-time"
                      ]
                    },
                    {
                      "name": "color",
                      "title": "Color",
                      "isUnique": false,
                      "isRequired": false,
                      "dataType": 7,
                      "value": null,
                      "isDisplay": true,
                      "isSelect": true,
                      "isGroupBy": false,
                      "options": [
                        "success",
                        "info",
                        "warning",
                        "danger"
                      ]
                    }
                  ],
                  "jItem": {
                    "title": {
                      "dataType": 7,
                      "value": "Self-Healing"
                    },
                    "category": {
                      "dataType": 7,
                      "value": null
                    },
                    "description": {
                      "dataType": 9,
                      "value": "CloudCheckr enables users to save money, time, and effort."
                    },
                    "icon": {
                      "dataType": 19,
                      "value": "now-ui-icons tech_watch-time"
                    },
                    "color": {
                      "dataType": 7,
                      "value": "danger"
                    }
                  },
                  "isClone": false,
                  "cultures": null,
                  "priority": 0,
                  "specificulture": "en-us"
                }
              ],
              "jsonItems": [
                {
                  "title": {
                    "dataType": 7,
                    "value": "Asset Management"
                  },
                  "category": {
                    "dataType": 7,
                    "value": null
                  },
                  "description": {
                    "dataType": 9,
                    "value": "Cross-account dashboards provide sophisticated reporting for enterprise."
                  },
                  "icon": {
                    "dataType": 19,
                    "value": "now-ui-icons objects_globe"
                  },
                  "color": {
                    "dataType": 7,
                    "value": "success"
                  }
                },
                {
                  "title": {
                    "dataType": 7,
                    "value": "Resource Utilization"
                  },
                  "category": {
                    "dataType": 7,
                    "value": null
                  },
                  "description": {
                    "dataType": 9,
                    "value": "CloudCheckr provides summary and detailed usage statistics for resources."
                  },
                  "icon": {
                    "dataType": 19,
                    "value": "now-ui-icons education_atom"
                  },
                  "color": {
                    "dataType": 7,
                    "value": "info"
                  }
                },
                {
                  "title": {
                    "dataType": 7,
                    "value": "Self-Healing"
                  },
                  "category": {
                    "dataType": 7,
                    "value": null
                  },
                  "description": {
                    "dataType": 9,
                    "value": "CloudCheckr enables users to save money, time, and effort."
                  },
                  "icon": {
                    "dataType": 19,
                    "value": "now-ui-icons tech_watch-time"
                  },
                  "color": {
                    "dataType": 7,
                    "value": "danger"
                  }
                }
              ],
              "pageIndex": 0,
              "page": 1,
              "pageSize": 3,
              "totalItems": 3,
              "totalPage": 1
            },
            "articleId": null,
            "categoryId": 0,
            "isClone": false,
            "cultures": null,
            "priority": 17,
            "specificulture": "en-us"
          },
          "isClone": false,
          "cultures": null,
          "priority": 4,
          "specificulture": "en-us"
        },
        {
          "moduleId": 5,
          "categoryId": 1,
          "isActived": true,
          "image": null,
          "description": "Products",
          "module": {
            "id": 5,
            "name": "products",
            "image": null,
            "thumbnail": null,
            "template": "Modules/Products.cshtml",
            "formTemplate": "Forms/_Default.cshtml",
            "edmTemplate": "Edms/_Default.cshtml",
            "title": "Products",
            "description": "",
            "fields": "[{\"name\":\"title\",\"title\":\"Title\",\"defaultValue\":null,\"options\":[],\"priority\":0,\"dataType\":7,\"isUnique\":false,\"isRequired\":false,\"isDisplay\":true,\"isSelect\":false,\"isGroupBy\":false,\"width\":3},{\"name\":\"category\",\"title\":\"Category\",\"defaultValue\":null,\"options\":[],\"priority\":0,\"dataType\":7,\"isUnique\":false,\"isRequired\":false,\"isDisplay\":true,\"isSelect\":false,\"isGroupBy\":false,\"width\":3},{\"name\":\"image\",\"title\":\"Image\",\"defaultValue\":null,\"options\":[],\"priority\":0,\"dataType\":16,\"isUnique\":false,\"isRequired\":false,\"isDisplay\":true,\"isSelect\":false,\"isGroupBy\":false,\"width\":3},{\"name\":\"excerpt\",\"title\":\"Excerpt\",\"defaultValue\":null,\"options\":[],\"priority\":0,\"dataType\":9,\"isUnique\":false,\"isRequired\":false,\"isDisplay\":false,\"isSelect\":false,\"isGroupBy\":false,\"width\":3},{\"name\":\"body\",\"title\":\"Body\",\"defaultValue\":null,\"options\":[],\"priority\":0,\"dataType\":8,\"isUnique\":false,\"isRequired\":false,\"isDisplay\":false,\"isSelect\":false,\"isGroupBy\":false,\"width\":3}]",
            "type": 1,
            "status": 2,
            "pageSize": null,
            "lastModified": "2019-07-14T06:13:04.673",
            "createdDateTime": "2019-07-14T06:13:04.673",
            "createdBy": null,
            "modifiedBy": null,
            "data": {
              "items": [
                {
                  "id": "b414306e-ebb6-47a4-829c-f41a489ecdf1",
                  "moduleId": 5,
                  "articleId": null,
                  "productId": null,
                  "categoryId": null,
                  "createdDateTime": "2019-07-14T06:13:04.717",
                  "updatedDateTime": "2019-07-14T06:13:04.717",
                  "dataProperties": [
                    {
                      "name": "title",
                      "title": "Title",
                      "isUnique": false,
                      "isRequired": false,
                      "dataType": 7,
                      "value": null,
                      "isDisplay": true,
                      "isSelect": false,
                      "isGroupBy": false,
                      "options": []
                    },
                    {
                      "name": "category",
                      "title": "Category",
                      "isUnique": false,
                      "isRequired": false,
                      "dataType": 7,
                      "value": null,
                      "isDisplay": true,
                      "isSelect": false,
                      "isGroupBy": false,
                      "options": []
                    },
                    {
                      "name": "image",
                      "title": "Image",
                      "isUnique": false,
                      "isRequired": false,
                      "dataType": 16,
                      "value": null,
                      "isDisplay": true,
                      "isSelect": false,
                      "isGroupBy": false,
                      "options": []
                    },
                    {
                      "name": "excerpt",
                      "title": "Excerpt",
                      "isUnique": false,
                      "isRequired": false,
                      "dataType": 9,
                      "value": null,
                      "isDisplay": false,
                      "isSelect": false,
                      "isGroupBy": false,
                      "options": []
                    },
                    {
                      "name": "body",
                      "title": "Body",
                      "isUnique": false,
                      "isRequired": false,
                      "dataType": 8,
                      "value": null,
                      "isDisplay": false,
                      "isSelect": false,
                      "isGroupBy": false,
                      "options": []
                    }
                  ],
                  "jItem": {
                    "title": {
                      "dataType": 7,
                      "value": "Mixcore Cms"
                    },
                    "category": {
                      "dataType": 7,
                      "value": null
                    },
                    "image": {
                      "dataType": 16,
                      "value": "/assets/img/bgs/celebrate.jpg"
                    },
                    "excerpt": {
                      "dataType": 9,
                      "value": "mixcore is a free, open source, community-focused Content Management System (CMS) built on the ASP.NET Core | Dotnet Core platform software you can use to create a beautiful website, blog, forum, or app."
                    },
                    "body": {
                      "dataType": 8,
                      "value": "<p><span style=\"background-color: var(--bg-color,hsla(var(--primary-color-hue,211),var(--primary-color-saturation,100%),100%,1)); color: var(--text-color,#212529); font-size: 1rem;\">Mixcore CMS</span><br></p><p>\n</p><p>Tutorials\n</p><p>Demo: <a href=\"http://dev.mixcore.org\" target=\"_blank\">http://dev.mixcore.org</a>\n</p><p>Docs: <a href=\"https://docs.mixcore.org\" target=\"_blank\">https://docs.mixcore.org</a>\n</p><p>Youtube: <a href=\"https://www.youtube.com/channel/UChqzh6JnC8HBUSQ9AWIcZAw\" target=\"_blank\">https://www.youtube.com/channel/UChqzh6JnC8HBUSQ9AWIcZAw</a>\n</p><p>Twitter: <a href=\"https://twitter.com/mixcore_cms\" target=\"_blank\">https://twitter.com/mixcore_cms</a>\n</p><p>GITs clone\n</p><p>mkdir mixcore\n</p><p>cd mixcore\n</p><p>\n</p><p>git clone https://github.com/mixcore/mix.heart.git\n</p><p>git clone https://github.com/mixcore/mix.identity.git\n</p><p>git clone https://github.com/mixcore/mix.core.git</p>"
                    }
                  },
                  "isClone": false,
                  "cultures": null,
                  "priority": 0,
                  "specificulture": "en-us"
                }
              ],
              "jsonItems": [
                {
                  "title": {
                    "dataType": 7,
                    "value": "Mixcore Cms"
                  },
                  "category": {
                    "dataType": 7,
                    "value": null
                  },
                  "image": {
                    "dataType": 16,
                    "value": "/assets/img/bgs/celebrate.jpg"
                  },
                  "excerpt": {
                    "dataType": 9,
                    "value": "mixcore is a free, open source, community-focused Content Management System (CMS) built on the ASP.NET Core | Dotnet Core platform software you can use to create a beautiful website, blog, forum, or app."
                  },
                  "body": {
                    "dataType": 8,
                    "value": "<p><span style=\"background-color: var(--bg-color,hsla(var(--primary-color-hue,211),var(--primary-color-saturation,100%),100%,1)); color: var(--text-color,#212529); font-size: 1rem;\">Mixcore CMS</span><br></p><p>\n</p><p>Tutorials\n</p><p>Demo: <a href=\"http://dev.mixcore.org\" target=\"_blank\">http://dev.mixcore.org</a>\n</p><p>Docs: <a href=\"https://docs.mixcore.org\" target=\"_blank\">https://docs.mixcore.org</a>\n</p><p>Youtube: <a href=\"https://www.youtube.com/channel/UChqzh6JnC8HBUSQ9AWIcZAw\" target=\"_blank\">https://www.youtube.com/channel/UChqzh6JnC8HBUSQ9AWIcZAw</a>\n</p><p>Twitter: <a href=\"https://twitter.com/mixcore_cms\" target=\"_blank\">https://twitter.com/mixcore_cms</a>\n</p><p>GITs clone\n</p><p>mkdir mixcore\n</p><p>cd mixcore\n</p><p>\n</p><p>git clone https://github.com/mixcore/mix.heart.git\n</p><p>git clone https://github.com/mixcore/mix.identity.git\n</p><p>git clone https://github.com/mixcore/mix.core.git</p>"
                  }
                }
              ],
              "pageIndex": 0,
              "page": 1,
              "pageSize": 1,
              "totalItems": 1,
              "totalPage": 1
            },
            "articleId": null,
            "categoryId": 0,
            "isClone": false,
            "cultures": null,
            "priority": 18,
            "specificulture": "en-us"
          },
          "isClone": false,
          "cultures": null,
          "priority": 5,
          "specificulture": "en-us"
        }
      ],
      "urlAliases": [
        {
          "id": 1,
          "sourceId": "1",
          "type": 0,
          "description": null,
          "status": 2,
          "alias": "home",
          "createdDateTime": "2019-07-14T06:12:01.707",
          "isClone": false,
          "cultures": [
            {
              "id": 1,
              "specificulture": "en-us",
              "lcid": null,
              "alias": null,
              "fullName": "United States - English (Default)",
              "description": "United States - English (Default)",
              "icon": "flag-icon-us",
              "isSupported": true
            }
          ],
          "priority": 0,
          "specificulture": "en-us"
        }
      ],
      "isClone": false,
      "cultures": [
        {
          "id": 1,
          "specificulture": "en-us",
          "lcid": null,
          "alias": null,
          "fullName": "United States - English (Default)",
          "description": "United States - English (Default)",
          "icon": "flag-icon-us",
          "isSupported": true
        }
      ],
      "priority": 0,
      "specificulture": "en-us"
    },
    {
      "id": 2,
      "template": "Pages/_Tag.cshtml",
      "thumbnail": null,
      "image": "assets/img/bgs/tag.jpg",
      "icon": null,
      "cssClass": null,
      "layout": "Masters/_Default",
      "title": "Tag",
      "excerpt": null,
      "content": null,
      "seoName": "tag",
      "seoTitle": "tag",
      "seoDescription": "tag",
      "seoKeywords": "tag",
      "source": null,
      "views": null,
      "type": 8,
      "status": 2,
      "createdDateTime": "2019-07-13T01:09:08.167",
      "updatedDateTime": null,
      "createdBy": "admin",
      "tags": null,
      "staticUrl": null,
      "level": 0,
      "lastModified": "2019-07-13T01:41:55.923",
      "modifiedBy": null,
      "pageSize": null,
      "moduleNavs": [],
      "urlAliases": [
        {
          "id": 2,
          "sourceId": "2",
          "type": 0,
          "description": null,
          "status": 2,
          "alias": "tag",
          "createdDateTime": "2019-07-14T06:12:01.727",
          "isClone": false,
          "cultures": [
            {
              "id": 1,
              "specificulture": "en-us",
              "lcid": null,
              "alias": null,
              "fullName": "United States - English (Default)",
              "description": "United States - English (Default)",
              "icon": "flag-icon-us",
              "isSupported": true
            }
          ],
          "priority": 0,
          "specificulture": "en-us"
        }
      ],
      "isClone": false,
      "cultures": [
        {
          "id": 1,
          "specificulture": "en-us",
          "lcid": null,
          "alias": null,
          "fullName": "United States - English (Default)",
          "description": "United States - English (Default)",
          "icon": "flag-icon-us",
          "isSupported": true
        }
      ],
      "priority": 0,
      "specificulture": "en-us"
    },
    {
      "id": 3,
      "template": "Pages/_Search.cshtml",
      "thumbnail": null,
      "image": "assets/img/bgs/search.jpg",
      "icon": null,
      "cssClass": null,
      "layout": "Masters/_Default",
      "title": "Search",
      "excerpt": null,
      "content": null,
      "seoName": "search",
      "seoTitle": "search",
      "seoDescription": "search",
      "seoKeywords": "search",
      "source": null,
      "views": null,
      "type": 8,
      "status": 2,
      "createdDateTime": "2019-07-13T01:09:08.173",
      "updatedDateTime": null,
      "createdBy": "admin",
      "tags": null,
      "staticUrl": null,
      "level": 0,
      "lastModified": "2019-07-13T01:41:41.72",
      "modifiedBy": null,
      "pageSize": null,
      "moduleNavs": [],
      "urlAliases": [
        {
          "id": 3,
          "sourceId": "3",
          "type": 0,
          "description": null,
          "status": 2,
          "alias": "search",
          "createdDateTime": "2019-07-14T06:12:01.727",
          "isClone": false,
          "cultures": [
            {
              "id": 1,
              "specificulture": "en-us",
              "lcid": null,
              "alias": null,
              "fullName": "United States - English (Default)",
              "description": "United States - English (Default)",
              "icon": "flag-icon-us",
              "isSupported": true
            }
          ],
          "priority": 0,
          "specificulture": "en-us"
        }
      ],
      "isClone": false,
      "cultures": [
        {
          "id": 1,
          "specificulture": "en-us",
          "lcid": null,
          "alias": null,
          "fullName": "United States - English (Default)",
          "description": "United States - English (Default)",
          "icon": "flag-icon-us",
          "isSupported": true
        }
      ],
      "priority": 0,
      "specificulture": "en-us"
    },
    {
      "id": 4,
      "template": "Pages/_Blank.cshtml",
      "thumbnail": null,
      "image": "assets/img/bgs/404.jpg",
      "icon": null,
      "cssClass": null,
      "layout": "Masters/_Blank",
      "title": "404",
      "excerpt": null,
      "content": null,
      "seoName": "404",
      "seoTitle": "404",
      "seoDescription": "404",
      "seoKeywords": "404",
      "source": null,
      "views": null,
      "type": 8,
      "status": 2,
      "createdDateTime": "2019-07-13T01:09:08.177",
      "updatedDateTime": null,
      "createdBy": "admin",
      "tags": null,
      "staticUrl": null,
      "level": 0,
      "lastModified": "2019-07-13T01:43:50.107",
      "modifiedBy": null,
      "pageSize": null,
      "moduleNavs": [],
      "urlAliases": [
        {
          "id": 4,
          "sourceId": "4",
          "type": 0,
          "description": null,
          "status": 2,
          "alias": "404",
          "createdDateTime": "2019-07-14T06:12:01.727",
          "isClone": false,
          "cultures": [
            {
              "id": 1,
              "specificulture": "en-us",
              "lcid": null,
              "alias": null,
              "fullName": "United States - English (Default)",
              "description": "United States - English (Default)",
              "icon": "flag-icon-us",
              "isSupported": true
            }
          ],
          "priority": 0,
          "specificulture": "en-us"
        }
      ],
      "isClone": false,
      "cultures": [
        {
          "id": 1,
          "specificulture": "en-us",
          "lcid": null,
          "alias": null,
          "fullName": "United States - English (Default)",
          "description": "United States - English (Default)",
          "icon": "flag-icon-us",
          "isSupported": true
        }
      ],
      "priority": 0,
      "specificulture": "en-us"
    },
    {
      "id": 5,
      "template": "Pages/_Blank.cshtml",
      "thumbnail": null,
      "image": "assets/img/bgs/403.png",
      "icon": null,
      "cssClass": null,
      "layout": "Masters/_Blank",
      "title": "403",
      "excerpt": null,
      "content": null,
      "seoName": "403",
      "seoTitle": "403",
      "seoDescription": "403",
      "seoKeywords": "403",
      "source": null,
      "views": null,
      "type": 8,
      "status": 2,
      "createdDateTime": "2019-07-13T01:09:08.177",
      "updatedDateTime": null,
      "createdBy": "admin",
      "tags": null,
      "staticUrl": null,
      "level": 0,
      "lastModified": "2019-07-13T01:44:08.35",
      "modifiedBy": null,
      "pageSize": null,
      "moduleNavs": [],
      "urlAliases": [
        {
          "id": 5,
          "sourceId": "5",
          "type": 0,
          "description": null,
          "status": 2,
          "alias": "403",
          "createdDateTime": "2019-07-14T06:12:01.727",
          "isClone": false,
          "cultures": [
            {
              "id": 1,
              "specificulture": "en-us",
              "lcid": null,
              "alias": null,
              "fullName": "United States - English (Default)",
              "description": "United States - English (Default)",
              "icon": "flag-icon-us",
              "isSupported": true
            }
          ],
          "priority": 0,
          "specificulture": "en-us"
        }
      ],
      "isClone": false,
      "cultures": [
        {
          "id": 1,
          "specificulture": "en-us",
          "lcid": null,
          "alias": null,
          "fullName": "United States - English (Default)",
          "description": "United States - English (Default)",
          "icon": "flag-icon-us",
          "isSupported": true
        }
      ],
      "priority": 0,
      "specificulture": "en-us"
    },
    {
      "id": 6,
      "template": "Pages/_Blank.cshtml",
      "thumbnail": null,
      "image": "assets/img/bgs/500.png",
      "icon": null,
      "cssClass": null,
      "layout": "Masters/_Blank",
      "title": "500",
      "excerpt": null,
      "content": null,
      "seoName": "500",
      "seoTitle": "500",
      "seoDescription": "500",
      "seoKeywords": "500",
      "source": null,
      "views": null,
      "type": 8,
      "status": 2,
      "createdDateTime": "2019-07-13T01:09:08.177",
      "updatedDateTime": null,
      "createdBy": "admin",
      "tags": null,
      "staticUrl": null,
      "level": 0,
      "lastModified": "2019-07-13T01:46:15.697",
      "modifiedBy": null,
      "pageSize": null,
      "moduleNavs": [],
      "urlAliases": [
        {
          "id": 6,
          "sourceId": "6",
          "type": 0,
          "description": null,
          "status": 2,
          "alias": "500",
          "createdDateTime": "2019-07-14T06:12:01.727",
          "isClone": false,
          "cultures": [
            {
              "id": 1,
              "specificulture": "en-us",
              "lcid": null,
              "alias": null,
              "fullName": "United States - English (Default)",
              "description": "United States - English (Default)",
              "icon": "flag-icon-us",
              "isSupported": true
            }
          ],
          "priority": 0,
          "specificulture": "en-us"
        }
      ],
      "isClone": false,
      "cultures": [
        {
          "id": 1,
          "specificulture": "en-us",
          "lcid": null,
          "alias": null,
          "fullName": "United States - English (Default)",
          "description": "United States - English (Default)",
          "icon": "flag-icon-us",
          "isSupported": true
        }
      ],
      "priority": 0,
      "specificulture": "en-us"
    },
    {
      "id": 7,
      "template": "Pages/_Blank.cshtml",
      "thumbnail": null,
      "image": "assets/img/bgs/Maintenance.jpg",
      "icon": null,
      "cssClass": null,
      "layout": "Masters/_Blank",
      "title": "Maintenance",
      "excerpt": null,
      "content": null,
      "seoName": "maintenance",
      "seoTitle": "maintenance",
      "seoDescription": "maintenance",
      "seoKeywords": "maintenance",
      "source": null,
      "views": null,
      "type": 8,
      "status": 2,
      "createdDateTime": "2019-07-13T01:09:08.18",
      "updatedDateTime": null,
      "createdBy": "admin",
      "tags": null,
      "staticUrl": null,
      "level": 0,
      "lastModified": "2019-07-13T01:43:34.65",
      "modifiedBy": null,
      "pageSize": null,
      "moduleNavs": [],
      "urlAliases": [
        {
          "id": 7,
          "sourceId": "7",
          "type": 0,
          "description": null,
          "status": 2,
          "alias": "maintenance",
          "createdDateTime": "2019-07-14T06:12:01.727",
          "isClone": false,
          "cultures": [
            {
              "id": 1,
              "specificulture": "en-us",
              "lcid": null,
              "alias": null,
              "fullName": "United States - English (Default)",
              "description": "United States - English (Default)",
              "icon": "flag-icon-us",
              "isSupported": true
            }
          ],
          "priority": 0,
          "specificulture": "en-us"
        }
      ],
      "isClone": false,
      "cultures": [
        {
          "id": 1,
          "specificulture": "en-us",
          "lcid": null,
          "alias": null,
          "fullName": "United States - English (Default)",
          "description": "United States - English (Default)",
          "icon": "flag-icon-us",
          "isSupported": true
        }
      ],
      "priority": 0,
      "specificulture": "en-us"
    }
  ],
  "modules": [
    {
      "id": 6,
      "name": "banners",
      "image": null,
      "thumbnail": null,
      "template": "Modules/Banners.cshtml",
      "formTemplate": "Forms/_Default.cshtml",
      "edmTemplate": "Edms/_Default.cshtml",
      "title": "Banners",
      "description": null,
      "fields": "[{\"name\":\"title\",\"title\":\"Title\",\"defaultValue\":null,\"options\":[],\"priority\":0,\"dataType\":7,\"isUnique\":false,\"isRequired\":false,\"isDisplay\":true,\"isSelect\":false,\"isGroupBy\":false,\"width\":3},{\"name\":\"description\",\"title\":\"Description\",\"defaultValue\":null,\"options\":[],\"priority\":0,\"dataType\":8,\"isUnique\":false,\"isRequired\":false,\"isDisplay\":false,\"isSelect\":false,\"isGroupBy\":false,\"width\":3},{\"name\":\"url\",\"title\":\"Url\",\"defaultValue\":null,\"options\":[],\"priority\":0,\"dataType\":7,\"isUnique\":false,\"isRequired\":false,\"isDisplay\":false,\"isSelect\":false,\"isGroupBy\":false,\"width\":3},{\"name\":\"image\",\"title\":\"Image\",\"defaultValue\":null,\"options\":[],\"priority\":0,\"dataType\":16,\"isUnique\":false,\"isRequired\":false,\"isDisplay\":true,\"isSelect\":false,\"isGroupBy\":false,\"width\":3},{\"name\":\"image_mobile\",\"title\":\"Image Mobile\",\"defaultValue\":null,\"options\":[],\"priority\":0,\"dataType\":16,\"isUnique\":false,\"isRequired\":false,\"isDisplay\":true,\"isSelect\":false,\"isGroupBy\":false,\"width\":3}]",
      "type": 1,
      "status": 2,
      "pageSize": 4,
      "lastModified": "2018-11-25T13:15:53.3",
      "createdDateTime": "2019-07-14T06:13:05.03",
      "createdBy": null,
      "modifiedBy": null,
      "data": {
        "items": [
          {
            "id": "252835da-fb28-43ed-b3fc-16de53fc76be",
            "moduleId": 6,
            "articleId": null,
            "productId": null,
            "categoryId": null,
            "createdDateTime": "2019-07-14T06:13:05.317",
            "updatedDateTime": "2019-07-14T06:13:05.317",
            "dataProperties": [
              {
                "name": "title",
                "title": "Title",
                "isUnique": false,
                "isRequired": false,
                "dataType": 7,
                "value": null,
                "isDisplay": true,
                "isSelect": false,
                "isGroupBy": false,
                "options": []
              },
              {
                "name": "description",
                "title": "Description",
                "isUnique": false,
                "isRequired": false,
                "dataType": 8,
                "value": null,
                "isDisplay": false,
                "isSelect": false,
                "isGroupBy": false,
                "options": []
              },
              {
                "name": "url",
                "title": "Url",
                "isUnique": false,
                "isRequired": false,
                "dataType": 7,
                "value": null,
                "isDisplay": false,
                "isSelect": false,
                "isGroupBy": false,
                "options": []
              },
              {
                "name": "image",
                "title": "Image",
                "isUnique": false,
                "isRequired": false,
                "dataType": 16,
                "value": null,
                "isDisplay": true,
                "isSelect": false,
                "isGroupBy": false,
                "options": []
              },
              {
                "name": "image_mobile",
                "title": "Image Mobile",
                "isUnique": false,
                "isRequired": false,
                "dataType": 16,
                "value": null,
                "isDisplay": true,
                "isSelect": false,
                "isGroupBy": false,
                "options": []
              }
            ],
            "jItem": {
              "title": {
                "dataType": 7,
                "value": null
              },
              "description": {
                "dataType": 8,
                "value": null
              },
              "url": {
                "dataType": 7,
                "value": null
              },
              "image": {
                "dataType": 16,
                "value": "/assets/img/bgs/search.jpg"
              },
              "image_mobile": {
                "dataType": 16,
                "value": "/assets/img/bgs/search.jpg"
              }
            },
            "isClone": false,
            "cultures": null,
            "priority": 0,
            "specificulture": "en-us"
          },
          {
            "id": "3e9e9d63-b1c4-4bd8-9e92-17130c384eef",
            "moduleId": 6,
            "articleId": null,
            "productId": null,
            "categoryId": null,
            "createdDateTime": "2019-07-14T06:13:05.487",
            "updatedDateTime": "2019-07-14T06:13:05.487",
            "dataProperties": [
              {
                "name": "title",
                "title": "Title",
                "isUnique": false,
                "isRequired": false,
                "dataType": 7,
                "value": null,
                "isDisplay": true,
                "isSelect": false,
                "isGroupBy": false,
                "options": []
              },
              {
                "name": "description",
                "title": "Description",
                "isUnique": false,
                "isRequired": false,
                "dataType": 8,
                "value": null,
                "isDisplay": false,
                "isSelect": false,
                "isGroupBy": false,
                "options": []
              },
              {
                "name": "url",
                "title": "Url",
                "isUnique": false,
                "isRequired": false,
                "dataType": 7,
                "value": null,
                "isDisplay": false,
                "isSelect": false,
                "isGroupBy": false,
                "options": []
              },
              {
                "name": "image",
                "title": "Image",
                "isUnique": false,
                "isRequired": false,
                "dataType": 16,
                "value": null,
                "isDisplay": true,
                "isSelect": false,
                "isGroupBy": false,
                "options": []
              },
              {
                "name": "image_mobile",
                "title": "Image Mobile",
                "isUnique": false,
                "isRequired": false,
                "dataType": 16,
                "value": null,
                "isDisplay": true,
                "isSelect": false,
                "isGroupBy": false,
                "options": []
              }
            ],
            "jItem": {
              "title": {
                "dataType": 7,
                "value": null
              },
              "description": {
                "dataType": 8,
                "value": null
              },
              "url": {
                "dataType": 7,
                "value": null
              },
              "image": {
                "dataType": 16,
                "value": "/assets/img/bgs/celebrate.jpg"
              },
              "image_mobile": {
                "dataType": 16,
                "value": "/assets/img/bgs/celebrate.jpg"
              }
            },
            "isClone": false,
            "cultures": null,
            "priority": 0,
            "specificulture": "en-us"
          }
        ],
        "jsonItems": [
          {
            "title": {
              "dataType": 7,
              "value": null
            },
            "description": {
              "dataType": 8,
              "value": null
            },
            "url": {
              "dataType": 7,
              "value": null
            },
            "image": {
              "dataType": 16,
              "value": "/assets/img/bgs/search.jpg"
            },
            "image_mobile": {
              "dataType": 16,
              "value": "/assets/img/bgs/search.jpg"
            }
          },
          {
            "title": {
              "dataType": 7,
              "value": null
            },
            "description": {
              "dataType": 8,
              "value": null
            },
            "url": {
              "dataType": 7,
              "value": null
            },
            "image": {
              "dataType": 16,
              "value": "/assets/img/bgs/celebrate.jpg"
            },
            "image_mobile": {
              "dataType": 16,
              "value": "/assets/img/bgs/celebrate.jpg"
            }
          }
        ],
        "pageIndex": 0,
        "page": 1,
        "pageSize": 2,
        "totalItems": 2,
        "totalPage": 1
      },
      "articleId": null,
      "categoryId": 0,
      "isClone": false,
      "cultures": null,
      "priority": 4,
      "specificulture": "en-us"
    },
    {
      "id": 7,
      "name": "socials",
      "image": null,
      "thumbnail": null,
      "template": "Modules/Socials.cshtml",
      "formTemplate": "Forms/_Default.cshtml",
      "edmTemplate": "Edms/_Default.cshtml",
      "title": "Socials",
      "description": null,
      "fields": "[{\"name\":\"url\",\"title\":\"Url\",\"defaultValue\":null,\"options\":[],\"priority\":0,\"dataType\":7,\"isUnique\":false,\"isRequired\":false,\"isDisplay\":true,\"isSelect\":false,\"isGroupBy\":false,\"width\":3},{\"name\":\"icon\",\"title\":\"Icon\",\"defaultValue\":null,\"options\":[\"fab fa-facebook\",\"fab fa-twitter\",\"fab fa-instagram\",\"fab fa-youtube\"],\"priority\":0,\"dataType\":19,\"isUnique\":false,\"isRequired\":false,\"isDisplay\":true,\"isSelect\":true,\"isGroupBy\":false,\"width\":3},{\"name\":\"title\",\"title\":\"Title\",\"defaultValue\":null,\"options\":[],\"priority\":0,\"dataType\":7,\"isUnique\":false,\"isRequired\":false,\"isDisplay\":true,\"isSelect\":false,\"isGroupBy\":false,\"width\":3},{\"name\":\"description\",\"title\":\"Description\",\"defaultValue\":null,\"options\":[],\"priority\":0,\"dataType\":7,\"isUnique\":false,\"isRequired\":false,\"isDisplay\":false,\"isSelect\":false,\"isGroupBy\":false,\"width\":3}]",
      "type": 1,
      "status": 2,
      "pageSize": null,
      "lastModified": "2018-11-25T13:08:46.607",
      "createdDateTime": "2019-07-14T06:13:05.503",
      "createdBy": null,
      "modifiedBy": null,
      "data": {
        "items": [
          {
            "id": "3f26c36f-d2e2-4c1e-996c-f6cd99e12287",
            "moduleId": 7,
            "articleId": null,
            "productId": null,
            "categoryId": null,
            "createdDateTime": "2019-07-14T06:13:05.523",
            "updatedDateTime": "2019-07-14T06:13:05.523",
            "dataProperties": [
              {
                "name": "url",
                "title": "Url",
                "isUnique": false,
                "isRequired": false,
                "dataType": 7,
                "value": null,
                "isDisplay": true,
                "isSelect": false,
                "isGroupBy": false,
                "options": []
              },
              {
                "name": "icon",
                "title": "Icon",
                "isUnique": false,
                "isRequired": false,
                "dataType": 19,
                "value": null,
                "isDisplay": true,
                "isSelect": true,
                "isGroupBy": false,
                "options": [
                  "fab fa-facebook",
                  "fab fa-twitter",
                  "fab fa-instagram",
                  "fab fa-youtube"
                ]
              },
              {
                "name": "title",
                "title": "Title",
                "isUnique": false,
                "isRequired": false,
                "dataType": 7,
                "value": null,
                "isDisplay": true,
                "isSelect": false,
                "isGroupBy": false,
                "options": []
              },
              {
                "name": "description",
                "title": "Description",
                "isUnique": false,
                "isRequired": false,
                "dataType": 7,
                "value": null,
                "isDisplay": false,
                "isSelect": false,
                "isGroupBy": false,
                "options": []
              }
            ],
            "jItem": {
              "url": {
                "dataType": 7,
                "value": "https://www.youtube.com/channel/UChqzh6JnC8HBUSQ9AWIcZAw"
              },
              "icon": {
                "dataType": 19,
                "value": "fab fa-youtube"
              },
              "title": {
                "dataType": 7,
                "value": "Youtube"
              },
              "description": {
                "dataType": 7,
                "value": "Youtube"
              }
            },
            "isClone": false,
            "cultures": null,
            "priority": 0,
            "specificulture": "en-us"
          },
          {
            "id": "f558a0ad-533d-459c-b0e2-214c6587947e",
            "moduleId": 7,
            "articleId": null,
            "productId": null,
            "categoryId": null,
            "createdDateTime": "2019-07-14T06:13:05.537",
            "updatedDateTime": "2019-07-14T06:13:05.537",
            "dataProperties": [
              {
                "name": "url",
                "title": "Url",
                "isUnique": false,
                "isRequired": false,
                "dataType": 7,
                "value": null,
                "isDisplay": true,
                "isSelect": false,
                "isGroupBy": false,
                "options": []
              },
              {
                "name": "icon",
                "title": "Icon",
                "isUnique": false,
                "isRequired": false,
                "dataType": 19,
                "value": null,
                "isDisplay": true,
                "isSelect": true,
                "isGroupBy": false,
                "options": [
                  "fab fa-facebook",
                  "fab fa-twitter",
                  "fab fa-instagram",
                  "fab fa-youtube"
                ]
              },
              {
                "name": "title",
                "title": "Title",
                "isUnique": false,
                "isRequired": false,
                "dataType": 7,
                "value": null,
                "isDisplay": true,
                "isSelect": false,
                "isGroupBy": false,
                "options": []
              },
              {
                "name": "description",
                "title": "Description",
                "isUnique": false,
                "isRequired": false,
                "dataType": 7,
                "value": null,
                "isDisplay": false,
                "isSelect": false,
                "isGroupBy": false,
                "options": []
              }
            ],
            "jItem": {
              "url": {
                "dataType": 7,
                "value": "https://www.facebook.com/"
              },
              "icon": {
                "dataType": 19,
                "value": "fab fa-facebook"
              },
              "title": {
                "dataType": 7,
                "value": "Facebook"
              },
              "description": {
                "dataType": 7,
                "value": "Facebook"
              }
            },
            "isClone": false,
            "cultures": null,
            "priority": 0,
            "specificulture": "en-us"
          },
          {
            "id": "fecc49c9-84e4-4561-8dc4-4b3e7bf9238c",
            "moduleId": 7,
            "articleId": null,
            "productId": null,
            "categoryId": null,
            "createdDateTime": "2019-07-14T06:13:05.557",
            "updatedDateTime": "2019-07-14T06:13:05.557",
            "dataProperties": [
              {
                "name": "url",
                "title": "Url",
                "isUnique": false,
                "isRequired": false,
                "dataType": 7,
                "value": null,
                "isDisplay": true,
                "isSelect": false,
                "isGroupBy": false,
                "options": []
              },
              {
                "name": "icon",
                "title": "Icon",
                "isUnique": false,
                "isRequired": false,
                "dataType": 19,
                "value": null,
                "isDisplay": true,
                "isSelect": true,
                "isGroupBy": false,
                "options": [
                  "fab fa-facebook",
                  "fab fa-twitter",
                  "fab fa-instagram",
                  "fab fa-youtube"
                ]
              },
              {
                "name": "title",
                "title": "Title",
                "isUnique": false,
                "isRequired": false,
                "dataType": 7,
                "value": null,
                "isDisplay": true,
                "isSelect": false,
                "isGroupBy": false,
                "options": []
              },
              {
                "name": "description",
                "title": "Description",
                "isUnique": false,
                "isRequired": false,
                "dataType": 7,
                "value": null,
                "isDisplay": false,
                "isSelect": false,
                "isGroupBy": false,
                "options": []
              }
            ],
            "jItem": {
              "url": {
                "dataType": 7,
                "value": "https://github.com/mixcore/mix.core"
              },
              "icon": {
                "dataType": 19,
                "value": "fab fa-github"
              },
              "title": {
                "dataType": 7,
                "value": "GitHub"
              },
              "description": {
                "dataType": 7,
                "value": "GitHub"
              }
            },
            "isClone": false,
            "cultures": null,
            "priority": 0,
            "specificulture": "en-us"
          }
        ],
        "jsonItems": [
          {
            "url": {
              "dataType": 7,
              "value": "https://www.youtube.com/channel/UChqzh6JnC8HBUSQ9AWIcZAw"
            },
            "icon": {
              "dataType": 19,
              "value": "fab fa-youtube"
            },
            "title": {
              "dataType": 7,
              "value": "Youtube"
            },
            "description": {
              "dataType": 7,
              "value": "Youtube"
            }
          },
          {
            "url": {
              "dataType": 7,
              "value": "https://www.facebook.com/"
            },
            "icon": {
              "dataType": 19,
              "value": "fab fa-facebook"
            },
            "title": {
              "dataType": 7,
              "value": "Facebook"
            },
            "description": {
              "dataType": 7,
              "value": "Facebook"
            }
          },
          {
            "url": {
              "dataType": 7,
              "value": "https://github.com/mixcore/mix.core"
            },
            "icon": {
              "dataType": 19,
              "value": "fab fa-github"
            },
            "title": {
              "dataType": 7,
              "value": "GitHub"
            },
            "description": {
              "dataType": 7,
              "value": "GitHub"
            }
          }
        ],
        "pageIndex": 0,
        "page": 1,
        "pageSize": 3,
        "totalItems": 3,
        "totalPage": 1
      },
      "articleId": null,
      "categoryId": 0,
      "isClone": false,
      "cultures": null,
      "priority": 2,
      "specificulture": "en-us"
    }
  ],
  "themeName": "hanasaki"
}
