{
  "pages": [
    {
      "id": 1,
      "template": "Pages/_Modules.cshtml",
      "thumbnail": null,
      "image": "assets/img/bgs/home.jpeg",
      "icon": null,
      "cssClass": null,
      "layout": "Masters/_Layout",
      "title": "Home",
      "excerpt": null,
      "content": null,
      "seoName": "home",
      "seoTitle": "home",
      "seoDescription": "home",
      "seoKeywords": "home",
      "source": null,
      "views": null,
      "type": 3,
      "status": 2,
      "createdDateTime": "2019-07-13T01:09:08.05",
      "updatedDateTime": null,
      "createdBy": "admin",
      "tags": null,
      "staticUrl": null,
      "level": 0,
      "lastModified": "2020-01-02T07:20:34.633",
      "modifiedBy": null,
      "pageSize": null,
      "moduleNavs": [
        {
          "moduleId": 1,
          "pageId": 1,
          "isActived": false,
          "image": "assets/img/image_placeholder.jpg",
          "description": "Testimonials",
          "module": {
            "id": 1,
            "name": "testimonials",
            "image": "assets/img/image_placeholder.jpg",
            "thumbnail": "/assets/img/image_placeholder.jpg",
            "template": "Modules/Testimonial-3.cshtml",
            "formTemplate": "Forms/_Default.cshtml",
            "edmTemplate": "Edms/_Default.cshtml",
            "title": "Testimonials",
            "description": null,
            "fields": "[{\"name\":\"image\",\"title\":\"Image\",\"defaultValue\":null,\"options\":[],\"priority\":0,\"dataType\":16,\"isUnique\":false,\"isRequired\":true,\"isDisplay\":true,\"isSelect\":false,\"isGroupBy\":false,\"width\":3},{\"name\":\"name\",\"title\":\"Name\",\"defaultValue\":null,\"options\":[],\"priority\":0,\"dataType\":7,\"isUnique\":false,\"isRequired\":false,\"isDisplay\":true,\"isSelect\":false,\"isGroupBy\":false,\"width\":3},{\"name\":\"title\",\"title\":\"Title\",\"defaultValue\":null,\"options\":[],\"priority\":0,\"dataType\":7,\"isUnique\":false,\"isRequired\":false,\"isDisplay\":true,\"isSelect\":false,\"isGroupBy\":false,\"width\":3},{\"name\":\"description\",\"title\":\"Description\",\"defaultValue\":null,\"options\":[],\"priority\":0,\"dataType\":9,\"isUnique\":false,\"isRequired\":false,\"isDisplay\":false,\"isSelect\":false,\"isGroupBy\":false,\"width\":3}]",
            "type": 1,
            "status": 2,
            "pageSize": 9,
            "lastModified": "2019-12-21T07:13:07.11",
            "createdDateTime": "2019-12-21T07:13:07.11",
            "createdBy": null,
            "modifiedBy": null,
            "data": {
              "items": [],
              "jsonItems": [],
              "pageIndex": 0,
              "page": 1,
              "pageSize": 0,
              "totalItems": 0,
              "totalPage": 1
            },
            "postId": null,
            "pageId": 0,
            "isExportData": true,
            "isClone": false,
            "cultures": null,
            "priority": 10,
            "specificulture": "en-us"
          },
          "isClone": false,
          "cultures": null,
          "priority": 8,
          "specificulture": "en-us"
        },
        {
          "moduleId": 2,
          "pageId": 1,
          "isActived": false,
          "image": "assets/img/image_placeholder.jpg",
          "description": "Get In Touch",
          "module": {
            "id": 2,
            "name": "get_in_touch",
            "image": "assets/img/image_placeholder.jpg",
            "thumbnail": "/assets/img/image_placeholder.jpg",
            "template": "Modules/Get_In_Touch.cshtml",
            "formTemplate": "Forms/Get_In_Touch.cshtml",
            "edmTemplate": "Edms/_Default.cshtml",
            "title": "Get In Touch",
            "description": null,
            "fields": "[{\"name\":\"full_name\",\"title\":\"Full Name\",\"defaultValue\":null,\"options\":[],\"priority\":0,\"dataType\":7,\"isUnique\":false,\"isRequired\":true,\"isDisplay\":true,\"isSelect\":false,\"isGroupBy\":false,\"width\":3},{\"name\":\"email\",\"title\":\"Email\",\"defaultValue\":null,\"options\":[],\"priority\":0,\"dataType\":10,\"isUnique\":false,\"isRequired\":false,\"isDisplay\":false,\"isSelect\":false,\"isGroupBy\":false,\"width\":3},{\"name\":\"phone\",\"title\":\"Phone\",\"defaultValue\":null,\"options\":[],\"priority\":0,\"dataType\":10,\"isUnique\":false,\"isRequired\":false,\"isDisplay\":true,\"isSelect\":false,\"isGroupBy\":false,\"width\":3},{\"name\":\"address\",\"title\":\"Address\",\"defaultValue\":null,\"options\":[],\"priority\":0,\"dataType\":7,\"isUnique\":false,\"isRequired\":false,\"isDisplay\":false,\"isSelect\":false,\"isGroupBy\":false,\"width\":3},{\"name\":\"message\",\"title\":\"Message\",\"defaultValue\":null,\"options\":[],\"priority\":0,\"dataType\":9,\"isUnique\":false,\"isRequired\":true,\"isDisplay\":true,\"isSelect\":false,\"isGroupBy\":false,\"width\":3}]",
            "type": 1,
            "status": 2,
            "pageSize": null,
            "lastModified": "2019-12-21T07:13:07.64",
            "createdDateTime": "2019-12-21T07:13:07.64",
            "createdBy": null,
            "modifiedBy": null,
            "data": {
              "items": [],
              "jsonItems": [],
              "pageIndex": 0,
              "page": 1,
              "pageSize": 0,
              "totalItems": 0,
              "totalPage": 1
            },
            "postId": null,
            "pageId": 0,
            "isExportData": true,
            "isClone": false,
            "cultures": null,
            "priority": 13,
            "specificulture": "en-us"
          },
          "isClone": false,
          "cultures": null,
          "priority": 9,
          "specificulture": "en-us"
        },
        {
          "moduleId": 3,
          "pageId": 1,
          "isActived": false,
          "image": "content/templates/mixcore-demo/assets/images/agency-landing/2927262.jpg",
          "description": "Welcome",
          "module": {
            "id": 3,
            "name": "header",
            "image": "content/templates/mixcore-demo/assets/images/agency-landing/2927262.jpg",
            "thumbnail": "/assets/img/bg26.jpg",
            "template": "Modules/Welcome.cshtml",
            "formTemplate": "Forms/_Default.cshtml",
            "edmTemplate": "Edms/_Default.cshtml",
            "title": "Welcome",
            "description": "",
            "fields": "[]",
            "type": 0,
            "status": 2,
            "pageSize": null,
            "lastModified": "2019-12-21T07:13:07.873",
            "createdDateTime": "2019-12-21T07:13:07.873",
            "createdBy": null,
            "modifiedBy": null,
            "data": {
              "items": [],
              "jsonItems": [],
              "pageIndex": 0,
              "page": 1,
              "pageSize": 0,
              "totalItems": 0,
              "totalPage": 1
            },
            "postId": null,
            "pageId": 0,
            "isExportData": true,
            "isClone": false,
            "cultures": null,
            "priority": 14,
            "specificulture": "en-us"
          },
          "isClone": false,
          "cultures": null,
          "priority": 5,
          "specificulture": "en-us"
        },
        {
          "moduleId": 8,
          "pageId": 1,
          "isActived": false,
          "image": "assets/img/image_placeholder.jpg",
          "description": "Our Services",
          "module": {
            "id": 8,
            "name": "our_services",
            "image": "assets/img/image_placeholder.jpg",
            "thumbnail": "/assets/img/image_placeholder.jpg",
            "template": "Modules/Services.cshtml",
            "formTemplate": "Forms/_Default.cshtml",
            "edmTemplate": "Edms/_Default.cshtml",
            "title": "Our Services",
            "description": null,
            "fields": "[{\"name\":\"title\",\"title\":\"Title\",\"defaultValue\":null,\"options\":[],\"priority\":0,\"dataType\":7,\"isUnique\":false,\"isRequired\":false,\"isDisplay\":true,\"isSelect\":false,\"isGroupBy\":false,\"width\":3},{\"name\":\"description\",\"title\":\"Description\",\"defaultValue\":null,\"options\":[],\"priority\":0,\"dataType\":7,\"isUnique\":false,\"isRequired\":false,\"isDisplay\":true,\"isSelect\":false,\"isGroupBy\":false,\"width\":3},{\"name\":\"icon\",\"title\":\"Icon\",\"defaultValue\":null,\"options\":[],\"priority\":0,\"dataType\":19,\"isUnique\":false,\"isRequired\":false,\"isDisplay\":true,\"isSelect\":false,\"isGroupBy\":false,\"width\":3}]",
            "type": 1,
            "status": 2,
            "pageSize": null,
            "lastModified": "2019-12-22T10:40:20.853",
            "createdDateTime": "2019-12-22T10:40:20.853",
            "createdBy": null,
            "modifiedBy": null,
            "data": {
              "items": [],
              "jsonItems": [],
              "pageIndex": 0,
              "page": 1,
              "pageSize": 0,
              "totalItems": 0,
              "totalPage": 1
            },
            "postId": null,
            "pageId": 0,
            "isExportData": true,
            "isClone": false,
            "cultures": null,
            "priority": 19,
            "specificulture": "en-us"
          },
          "isClone": false,
          "cultures": null,
          "priority": 6,
          "specificulture": "en-us"
        },
        {
          "moduleId": 9,
          "pageId": 1,
          "isActived": false,
          "image": "assets/img/image_placeholder.jpg",
          "description": "Latest Posts",
          "module": {
            "id": 9,
            "name": "latest_posts",
            "image": "assets/img/image_placeholder.jpg",
            "thumbnail": "/assets/img/image_placeholder.jpg",
            "template": "Modules/Latest_Posts.cshtml",
            "formTemplate": "Forms/_Default.cshtml",
            "edmTemplate": "Edms/_Default.cshtml",
            "title": "Latest Posts",
            "description": null,
            "fields": "[]",
            "type": 2,
            "status": 2,
            "pageSize": null,
            "lastModified": "2019-12-23T06:46:27.82",
            "createdDateTime": "2019-12-23T06:46:27.82",
            "createdBy": null,
            "modifiedBy": null,
            "data": {
              "items": [],
              "jsonItems": [],
              "pageIndex": 0,
              "page": 1,
              "pageSize": 0,
              "totalItems": 0,
              "totalPage": 1
            },
            "postId": null,
            "pageId": 0,
            "isExportData": true,
            "isClone": false,
            "cultures": null,
            "priority": 20,
            "specificulture": "en-us"
          },
          "isClone": false,
          "cultures": null,
          "priority": 7,
          "specificulture": "en-us"
        }
      ],
      "urlAliases": [
        {
          "id": 1,
          "sourceId": "1",
          "type": 0,
          "description": null,
          "status": 2,
          "alias": "home",
          "createdDateTime": "2019-12-21T07:12:36.003",
          "isClone": false,
          "cultures": [
            {
              "id": 1,
              "specificulture": "en-us",
              "lcid": null,
              "alias": null,
              "fullName": "United States - English",
              "description": "United States - English",
              "icon": "flag-icon-us",
              "isSupported": true
            }
          ],
          "priority": 0,
          "specificulture": "en-us"
        }
      ],
      "isExportData": true,
      "isClone": false,
      "cultures": [
        {
          "id": 1,
          "specificulture": "en-us",
          "lcid": null,
          "alias": null,
          "fullName": "United States - English",
          "description": "United States - English",
          "icon": "flag-icon-us",
          "isSupported": true
        }
      ],
      "priority": 0,
      "specificulture": "en-us"
    },
    {
      "id": 2,
      "template": "Pages/_Tag.cshtml",
      "thumbnail": null,
      "image": "assets/img/bgs/tag.jpg",
      "icon": null,
      "cssClass": null,
      "layout": "Masters/_Default",
      "title": "Tag",
      "excerpt": null,
      "content": null,
      "seoName": "tag",
      "seoTitle": "tag",
      "seoDescription": "tag",
      "seoKeywords": "tag",
      "source": null,
      "views": null,
      "type": 8,
      "status": 2,
      "createdDateTime": "2019-07-13T01:09:08.167",
      "updatedDateTime": null,
      "createdBy": "admin",
      "tags": null,
      "staticUrl": null,
      "level": 0,
      "lastModified": "2019-07-13T01:41:55.923",
      "modifiedBy": null,
      "pageSize": null,
      "moduleNavs": null,
      "urlAliases": null,
      "isExportData": false,
      "isClone": false,
      "cultures": null,
      "priority": 0,
      "specificulture": "en-us"
    },
    {
      "id": 3,
      "template": "Pages/_Search.cshtml",
      "thumbnail": null,
      "image": "assets/img/bgs/search.jpg",
      "icon": null,
      "cssClass": null,
      "layout": "Masters/_Default",
      "title": "Search",
      "excerpt": null,
      "content": null,
      "seoName": "search",
      "seoTitle": "search",
      "seoDescription": "search",
      "seoKeywords": "search",
      "source": null,
      "views": null,
      "type": 8,
      "status": 2,
      "createdDateTime": "2019-07-13T01:09:08.173",
      "updatedDateTime": null,
      "createdBy": "admin",
      "tags": null,
      "staticUrl": null,
      "level": 0,
      "lastModified": "2019-07-13T01:41:41.72",
      "modifiedBy": null,
      "pageSize": null,
      "moduleNavs": null,
      "urlAliases": null,
      "isExportData": false,
      "isClone": false,
      "cultures": null,
      "priority": 0,
      "specificulture": "en-us"
    },
    {
      "id": 4,
      "template": "Pages/_Blank.cshtml",
      "thumbnail": null,
      "image": "assets/img/bgs/404.jpg",
      "icon": null,
      "cssClass": null,
      "layout": "Masters/_Blank",
      "title": "404",
      "excerpt": null,
      "content": null,
      "seoName": "404",
      "seoTitle": "404",
      "seoDescription": "404",
      "seoKeywords": "404",
      "source": null,
      "views": null,
      "type": 8,
      "status": 2,
      "createdDateTime": "2019-07-13T01:09:08.177",
      "updatedDateTime": null,
      "createdBy": "admin",
      "tags": null,
      "staticUrl": null,
      "level": 0,
      "lastModified": "2019-07-13T01:43:50.107",
      "modifiedBy": null,
      "pageSize": null,
      "moduleNavs": null,
      "urlAliases": null,
      "isExportData": false,
      "isClone": false,
      "cultures": null,
      "priority": 0,
      "specificulture": "en-us"
    },
    {
      "id": 5,
      "template": "Pages/_Blank.cshtml",
      "thumbnail": null,
      "image": "assets/img/bgs/403.png",
      "icon": null,
      "cssClass": null,
      "layout": "Masters/_Blank",
      "title": "403",
      "excerpt": null,
      "content": null,
      "seoName": "403",
      "seoTitle": "403",
      "seoDescription": "403",
      "seoKeywords": "403",
      "source": null,
      "views": null,
      "type": 8,
      "status": 2,
      "createdDateTime": "2019-07-13T01:09:08.177",
      "updatedDateTime": null,
      "createdBy": "admin",
      "tags": null,
      "staticUrl": null,
      "level": 0,
      "lastModified": "2019-07-13T01:44:08.35",
      "modifiedBy": null,
      "pageSize": null,
      "moduleNavs": null,
      "urlAliases": null,
      "isExportData": false,
      "isClone": false,
      "cultures": null,
      "priority": 0,
      "specificulture": "en-us"
    },
    {
      "id": 6,
      "template": "Pages/_Blank.cshtml",
      "thumbnail": null,
      "image": "assets/img/bgs/500.png",
      "icon": null,
      "cssClass": null,
      "layout": "Masters/_Blank",
      "title": "500",
      "excerpt": null,
      "content": null,
      "seoName": "500",
      "seoTitle": "500",
      "seoDescription": "500",
      "seoKeywords": "500",
      "source": null,
      "views": null,
      "type": 8,
      "status": 2,
      "createdDateTime": "2019-07-13T01:09:08.177",
      "updatedDateTime": null,
      "createdBy": "admin",
      "tags": null,
      "staticUrl": null,
      "level": 0,
      "lastModified": "2019-07-13T01:46:15.697",
      "modifiedBy": null,
      "pageSize": null,
      "moduleNavs": null,
      "urlAliases": null,
      "isExportData": false,
      "isClone": false,
      "cultures": null,
      "priority": 0,
      "specificulture": "en-us"
    },
    {
      "id": 7,
      "template": "Pages/_Blank.cshtml",
      "thumbnail": null,
      "image": "assets/img/bgs/Maintenance.jpg",
      "icon": null,
      "cssClass": null,
      "layout": "Masters/_Blank",
      "title": "Maintenance",
      "excerpt": null,
      "content": null,
      "seoName": "maintenance",
      "seoTitle": "maintenance",
      "seoDescription": "maintenance",
      "seoKeywords": "maintenance",
      "source": null,
      "views": null,
      "type": 8,
      "status": 2,
      "createdDateTime": "2019-07-13T01:09:08.18",
      "updatedDateTime": null,
      "createdBy": "admin",
      "tags": null,
      "staticUrl": null,
      "level": 0,
      "lastModified": "2019-07-13T01:43:34.65",
      "modifiedBy": null,
      "pageSize": null,
      "moduleNavs": null,
      "urlAliases": null,
      "isExportData": false,
      "isClone": false,
      "cultures": null,
      "priority": 0,
      "specificulture": "en-us"
    },
    {
      "id": 8,
      "template": "Pages/Blog.cshtml",
      "thumbnail": null,
      "image": null,
      "icon": null,
      "cssClass": null,
      "layout": "Masters/_Layout",
      "title": "Blog",
      "excerpt": null,
      "content": null,
      "seoName": "blog",
      "seoTitle": "Blog",
      "seoDescription": "blog",
      "seoKeywords": "Blog",
      "source": null,
      "views": null,
      "type": 2,
      "status": 2,
      "createdDateTime": "2019-12-24T05:20:10.48",
      "updatedDateTime": null,
      "createdBy": "admin",
      "tags": null,
      "staticUrl": null,
      "level": 0,
      "lastModified": "2019-12-25T03:57:00.893",
      "modifiedBy": null,
      "pageSize": 6,
      "moduleNavs": null,
      "urlAliases": null,
      "isExportData": false,
      "isClone": false,
      "cultures": null,
      "priority": 1,
      "specificulture": "en-us"
    },
    {
      "id": 9,
      "template": "Pages/PWA_Index.cshtml",
      "thumbnail": null,
      "image": null,
      "icon": null,
      "cssClass": "main-content-container container-fluid px-4",
      "layout": "Masters/_Layout_PWA",
      "title": "PWA - Initial Screen",
      "excerpt": null,
      "content": null,
      "seoName": "pwa",
      "seoTitle": "PWA",
      "seoDescription": "pwa",
      "seoKeywords": "PWA",
      "source": null,
      "views": null,
      "type": 0,
      "status": 2,
      "createdDateTime": "2019-12-26T13:10:12.34",
      "updatedDateTime": null,
      "createdBy": "admin",
      "tags": null,
      "staticUrl": null,
      "level": 0,
      "lastModified": "2020-01-02T17:20:52.683",
      "modifiedBy": null,
      "pageSize": 20,
      "moduleNavs": null,
      "urlAliases": null,
      "isExportData": false,
      "isClone": false,
      "cultures": null,
      "priority": 2,
      "specificulture": "en-us"
    },
    {
      "id": 10,
      "template": "Pages/PWA_Google_Map.cshtml",
      "thumbnail": null,
      "image": null,
      "icon": null,
      "cssClass": "main-content-container-fullscreen container-fluid p-0",
      "layout": "Masters/_Layout_PWA",
      "title": "PWA - Google Map",
      "excerpt": null,
      "content": null,
      "seoName": "pwa-google-map",
      "seoTitle": "PWA - Google Map",
      "seoDescription": "pwa--google-map",
      "seoKeywords": "PWA - Google Map",
      "source": null,
      "views": null,
      "type": 0,
      "status": 2,
      "createdDateTime": "2019-12-26T13:29:54.957",
      "updatedDateTime": null,
      "createdBy": "admin",
      "tags": null,
      "staticUrl": null,
      "level": 0,
      "lastModified": "2020-01-02T17:21:07.21",
      "modifiedBy": null,
      "pageSize": 20,
      "moduleNavs": null,
      "urlAliases": null,
      "isExportData": false,
      "isClone": false,
      "cultures": null,
      "priority": 3,
      "specificulture": "en-us"
    }
  ],
  "modules": [
    {
      "id": 1,
      "name": "testimonials",
      "image": "assets/img/image_placeholder.jpg",
      "thumbnail": "/assets/img/image_placeholder.jpg",
      "template": "Modules/Testimonial-3.cshtml",
      "formTemplate": "Forms/_Default.cshtml",
      "edmTemplate": "Edms/_Default.cshtml",
      "title": "Testimonials",
      "description": null,
      "fields": "[{\"name\":\"image\",\"title\":\"Image\",\"defaultValue\":null,\"options\":[],\"priority\":0,\"dataType\":16,\"isUnique\":false,\"isRequired\":true,\"isDisplay\":true,\"isSelect\":false,\"isGroupBy\":false,\"width\":3},{\"name\":\"name\",\"title\":\"Name\",\"defaultValue\":null,\"options\":[],\"priority\":0,\"dataType\":7,\"isUnique\":false,\"isRequired\":false,\"isDisplay\":true,\"isSelect\":false,\"isGroupBy\":false,\"width\":3},{\"name\":\"title\",\"title\":\"Title\",\"defaultValue\":null,\"options\":[],\"priority\":0,\"dataType\":7,\"isUnique\":false,\"isRequired\":false,\"isDisplay\":true,\"isSelect\":false,\"isGroupBy\":false,\"width\":3},{\"name\":\"description\",\"title\":\"Description\",\"defaultValue\":null,\"options\":[],\"priority\":0,\"dataType\":9,\"isUnique\":false,\"isRequired\":false,\"isDisplay\":false,\"isSelect\":false,\"isGroupBy\":false,\"width\":3}]",
      "type": 1,
      "status": 2,
      "pageSize": 9,
      "lastModified": "2019-12-21T07:13:07.11",
      "createdDateTime": "2019-12-21T07:13:07.11",
      "createdBy": null,
      "modifiedBy": null,
      "data": {
        "items": [],
        "jsonItems": [],
        "pageIndex": 0,
        "page": 1,
        "pageSize": 0,
        "totalItems": 0,
        "totalPage": 1
      },
      "postId": null,
      "pageId": 0,
      "isExportData": false,
      "isClone": false,
      "cultures": null,
      "priority": 10,
      "specificulture": "en-us"
    },
    {
      "id": 2,
      "name": "get_in_touch",
      "image": "assets/img/image_placeholder.jpg",
      "thumbnail": "/assets/img/image_placeholder.jpg",
      "template": "Modules/Get_In_Touch.cshtml",
      "formTemplate": "Forms/Get_In_Touch.cshtml",
      "edmTemplate": "Edms/_Default.cshtml",
      "title": "Get In Touch",
      "description": null,
      "fields": "[{\"name\":\"full_name\",\"title\":\"Full Name\",\"defaultValue\":null,\"options\":[],\"priority\":0,\"dataType\":7,\"isUnique\":false,\"isRequired\":true,\"isDisplay\":true,\"isSelect\":false,\"isGroupBy\":false,\"width\":3},{\"name\":\"email\",\"title\":\"Email\",\"defaultValue\":null,\"options\":[],\"priority\":0,\"dataType\":10,\"isUnique\":false,\"isRequired\":false,\"isDisplay\":false,\"isSelect\":false,\"isGroupBy\":false,\"width\":3},{\"name\":\"phone\",\"title\":\"Phone\",\"defaultValue\":null,\"options\":[],\"priority\":0,\"dataType\":10,\"isUnique\":false,\"isRequired\":false,\"isDisplay\":true,\"isSelect\":false,\"isGroupBy\":false,\"width\":3},{\"name\":\"address\",\"title\":\"Address\",\"defaultValue\":null,\"options\":[],\"priority\":0,\"dataType\":7,\"isUnique\":false,\"isRequired\":false,\"isDisplay\":false,\"isSelect\":false,\"isGroupBy\":false,\"width\":3},{\"name\":\"message\",\"title\":\"Message\",\"defaultValue\":null,\"options\":[],\"priority\":0,\"dataType\":9,\"isUnique\":false,\"isRequired\":true,\"isDisplay\":true,\"isSelect\":false,\"isGroupBy\":false,\"width\":3}]",
      "type": 1,
      "status": 2,
      "pageSize": null,
      "lastModified": "2019-12-21T07:13:07.64",
      "createdDateTime": "2019-12-21T07:13:07.64",
      "createdBy": null,
      "modifiedBy": null,
      "data": {
        "items": [],
        "jsonItems": [],
        "pageIndex": 0,
        "page": 1,
        "pageSize": 0,
        "totalItems": 0,
        "totalPage": 1
      },
      "postId": null,
      "pageId": 0,
      "isExportData": false,
      "isClone": false,
      "cultures": null,
      "priority": 13,
      "specificulture": "en-us"
    },
    {
      "id": 3,
      "name": "header",
      "image": "content/templates/mixcore-demo/assets/images/agency-landing/2927262.jpg",
      "thumbnail": "/assets/img/bg26.jpg",
      "template": "Modules/Welcome.cshtml",
      "formTemplate": "Forms/_Default.cshtml",
      "edmTemplate": "Edms/_Default.cshtml",
      "title": "Welcome",
      "description": "",
      "fields": "[]",
      "type": 0,
      "status": 2,
      "pageSize": null,
      "lastModified": "2019-12-21T07:13:07.873",
      "createdDateTime": "2019-12-21T07:13:07.873",
      "createdBy": null,
      "modifiedBy": null,
      "data": {
        "items": [],
        "jsonItems": [],
        "pageIndex": 0,
        "page": 1,
        "pageSize": 0,
        "totalItems": 0,
        "totalPage": 1
      },
      "postId": null,
      "pageId": 0,
      "isExportData": false,
      "isClone": false,
      "cultures": null,
      "priority": 14,
      "specificulture": "en-us"
    },
    {
      "id": 4,
      "name": "features",
      "image": null,
      "thumbnail": null,
      "template": "Modules/Feature-3.cshtml",
      "formTemplate": "Forms/_Default.cshtml",
      "edmTemplate": "Edms/_Default.cshtml",
      "title": "Features",
      "description": "",
      "fields": "[{\"name\":\"title\",\"title\":\"Title\",\"defaultValue\":null,\"options\":[],\"priority\":0,\"dataType\":7,\"isUnique\":false,\"isRequired\":true,\"isDisplay\":true,\"isSelect\":false,\"isGroupBy\":false,\"width\":3},{\"name\":\"category\",\"title\":\"Category\",\"defaultValue\":null,\"options\":[],\"priority\":0,\"dataType\":7,\"isUnique\":false,\"isRequired\":false,\"isDisplay\":false,\"isSelect\":false,\"isGroupBy\":false,\"width\":3},{\"name\":\"description\",\"title\":\"Description\",\"defaultValue\":null,\"options\":[],\"priority\":0,\"dataType\":9,\"isUnique\":false,\"isRequired\":false,\"isDisplay\":false,\"isSelect\":false,\"isGroupBy\":false,\"width\":3},{\"name\":\"icon\",\"title\":\"Icon\",\"defaultValue\":null,\"options\":[\"now-ui-icons objects_globe\",\"now-ui-icons education_atom\",\"now-ui-icons tech_watch-time\"],\"priority\":0,\"dataType\":19,\"isUnique\":false,\"isRequired\":false,\"isDisplay\":true,\"isSelect\":true,\"isGroupBy\":false,\"width\":3},{\"name\":\"color\",\"title\":\"Color\",\"defaultValue\":null,\"options\":[\"success\",\"info\",\"warning\",\"danger\"],\"priority\":0,\"dataType\":7,\"isUnique\":false,\"isRequired\":false,\"isDisplay\":true,\"isSelect\":true,\"isGroupBy\":false,\"width\":3}]",
      "type": 1,
      "status": 2,
      "pageSize": null,
      "lastModified": "2019-12-21T07:13:08.303",
      "createdDateTime": "2019-12-21T07:13:08.303",
      "createdBy": null,
      "modifiedBy": null,
      "data": {
        "items": [],
        "jsonItems": [],
        "pageIndex": 0,
        "page": 1,
        "pageSize": 0,
        "totalItems": 0,
        "totalPage": 1
      },
      "postId": null,
      "pageId": 0,
      "isExportData": false,
      "isClone": false,
      "cultures": null,
      "priority": 17,
      "specificulture": "en-us"
    },
    {
      "id": 5,
      "name": "products",
      "image": null,
      "thumbnail": null,
      "template": "Modules/Products.cshtml",
      "formTemplate": "Forms/_Default.cshtml",
      "edmTemplate": "Edms/_Default.cshtml",
      "title": "Products",
      "description": "",
      "fields": "[{\"name\":\"title\",\"title\":\"Title\",\"defaultValue\":null,\"options\":[],\"priority\":0,\"dataType\":7,\"isUnique\":false,\"isRequired\":false,\"isDisplay\":true,\"isSelect\":false,\"isGroupBy\":false,\"width\":3},{\"name\":\"category\",\"title\":\"Category\",\"defaultValue\":null,\"options\":[],\"priority\":0,\"dataType\":7,\"isUnique\":false,\"isRequired\":false,\"isDisplay\":true,\"isSelect\":false,\"isGroupBy\":false,\"width\":3},{\"name\":\"image\",\"title\":\"Image\",\"defaultValue\":null,\"options\":[],\"priority\":0,\"dataType\":16,\"isUnique\":false,\"isRequired\":false,\"isDisplay\":true,\"isSelect\":false,\"isGroupBy\":false,\"width\":3},{\"name\":\"excerpt\",\"title\":\"Excerpt\",\"defaultValue\":null,\"options\":[],\"priority\":0,\"dataType\":9,\"isUnique\":false,\"isRequired\":false,\"isDisplay\":false,\"isSelect\":false,\"isGroupBy\":false,\"width\":3},{\"name\":\"body\",\"title\":\"Body\",\"defaultValue\":null,\"options\":[],\"priority\":0,\"dataType\":8,\"isUnique\":false,\"isRequired\":false,\"isDisplay\":false,\"isSelect\":false,\"isGroupBy\":false,\"width\":3}]",
      "type": 1,
      "status": 2,
      "pageSize": null,
      "lastModified": "2019-12-21T07:13:09.06",
      "createdDateTime": "2019-12-21T07:13:09.06",
      "createdBy": null,
      "modifiedBy": null,
      "data": {
        "items": [],
        "jsonItems": [],
        "pageIndex": 0,
        "page": 1,
        "pageSize": 0,
        "totalItems": 0,
        "totalPage": 1
      },
      "postId": null,
      "pageId": 0,
      "isExportData": false,
      "isClone": false,
      "cultures": null,
      "priority": 18,
      "specificulture": "en-us"
    },
    {
      "id": 6,
      "name": "banners",
      "image": null,
      "thumbnail": null,
      "template": "Modules/Banners.cshtml",
      "formTemplate": "Forms/_Default.cshtml",
      "edmTemplate": "Edms/_Default.cshtml",
      "title": "Banners",
      "description": null,
      "fields": "[{\"name\":\"title\",\"title\":\"Title\",\"defaultValue\":null,\"options\":[],\"priority\":0,\"dataType\":7,\"isUnique\":false,\"isRequired\":false,\"isDisplay\":true,\"isSelect\":false,\"isGroupBy\":false,\"width\":3},{\"name\":\"description\",\"title\":\"Description\",\"defaultValue\":null,\"options\":[],\"priority\":0,\"dataType\":8,\"isUnique\":false,\"isRequired\":false,\"isDisplay\":false,\"isSelect\":false,\"isGroupBy\":false,\"width\":3},{\"name\":\"url\",\"title\":\"Url\",\"defaultValue\":null,\"options\":[],\"priority\":0,\"dataType\":7,\"isUnique\":false,\"isRequired\":false,\"isDisplay\":false,\"isSelect\":false,\"isGroupBy\":false,\"width\":3},{\"name\":\"image\",\"title\":\"Image\",\"defaultValue\":null,\"options\":[],\"priority\":0,\"dataType\":16,\"isUnique\":false,\"isRequired\":false,\"isDisplay\":true,\"isSelect\":false,\"isGroupBy\":false,\"width\":3},{\"name\":\"image_mobile\",\"title\":\"Image Mobile\",\"defaultValue\":null,\"options\":[],\"priority\":0,\"dataType\":16,\"isUnique\":false,\"isRequired\":false,\"isDisplay\":true,\"isSelect\":false,\"isGroupBy\":false,\"width\":3}]",
      "type": 1,
      "status": 2,
      "pageSize": 4,
      "lastModified": "2018-11-25T13:15:53.3",
      "createdDateTime": "2019-12-21T07:13:11.107",
      "createdBy": null,
      "modifiedBy": null,
      "data": {
        "items": [],
        "jsonItems": [],
        "pageIndex": 0,
        "page": 1,
        "pageSize": 0,
        "totalItems": 0,
        "totalPage": 1
      },
      "postId": null,
      "pageId": 0,
      "isExportData": false,
      "isClone": false,
      "cultures": null,
      "priority": 4,
      "specificulture": "en-us"
    },
    {
      "id": 7,
      "name": "social",
      "image": "assets/img/image_placeholder.jpg",
      "thumbnail": "/assets/img/image_placeholder.jpg",
      "template": "Modules/Socials.cshtml",
      "formTemplate": "Forms/_Default.cshtml",
      "edmTemplate": "Edms/_Default.cshtml",
      "title": "Social",
      "description": null,
      "fields": "[{\"name\":\"uri\",\"title\":\"Uri\",\"defaultValue\":null,\"options\":[],\"priority\":0,\"dataType\":7,\"isUnique\":false,\"isRequired\":false,\"isDisplay\":true,\"isSelect\":false,\"isGroupBy\":false,\"width\":3},{\"name\":\"icon\",\"title\":\"Icon\",\"defaultValue\":null,\"options\":[\"fab fa-facebook\",\"fab fa-twitter\",\"fab fa-instagram\",\"fab fa-youtube\",\"fab fa-dribbble\"],\"priority\":0,\"dataType\":19,\"isUnique\":false,\"isRequired\":false,\"isDisplay\":true,\"isSelect\":true,\"isGroupBy\":false,\"width\":3},{\"name\":\"title\",\"title\":\"Title\",\"defaultValue\":null,\"options\":[],\"priority\":0,\"dataType\":7,\"isUnique\":false,\"isRequired\":false,\"isDisplay\":true,\"isSelect\":false,\"isGroupBy\":false,\"width\":3},{\"name\":\"description\",\"title\":\"Description\",\"defaultValue\":null,\"options\":[],\"priority\":0,\"dataType\":7,\"isUnique\":false,\"isRequired\":false,\"isDisplay\":false,\"isSelect\":false,\"isGroupBy\":false,\"width\":3}]",
      "type": 1,
      "status": 2,
      "pageSize": null,
      "lastModified": "2018-11-25T13:08:46.607",
      "createdDateTime": "2019-12-21T07:13:11.393",
      "createdBy": null,
      "modifiedBy": null,
      "data": {
        "items": [],
        "jsonItems": [],
        "pageIndex": 0,
        "page": 1,
        "pageSize": 0,
        "totalItems": 0,
        "totalPage": 1
      },
      "postId": null,
      "pageId": 0,
      "isExportData": false,
      "isClone": false,
      "cultures": null,
      "priority": 2,
      "specificulture": "en-us"
    },
    {
      "id": 8,
      "name": "our_services",
      "image": "assets/img/image_placeholder.jpg",
      "thumbnail": "/assets/img/image_placeholder.jpg",
      "template": "Modules/Services.cshtml",
      "formTemplate": "Forms/_Default.cshtml",
      "edmTemplate": "Edms/_Default.cshtml",
      "title": "Our Services",
      "description": null,
      "fields": "[{\"name\":\"title\",\"title\":\"Title\",\"defaultValue\":null,\"options\":[],\"priority\":0,\"dataType\":7,\"isUnique\":false,\"isRequired\":false,\"isDisplay\":true,\"isSelect\":false,\"isGroupBy\":false,\"width\":3},{\"name\":\"description\",\"title\":\"Description\",\"defaultValue\":null,\"options\":[],\"priority\":0,\"dataType\":7,\"isUnique\":false,\"isRequired\":false,\"isDisplay\":true,\"isSelect\":false,\"isGroupBy\":false,\"width\":3},{\"name\":\"icon\",\"title\":\"Icon\",\"defaultValue\":null,\"options\":[],\"priority\":0,\"dataType\":19,\"isUnique\":false,\"isRequired\":false,\"isDisplay\":true,\"isSelect\":false,\"isGroupBy\":false,\"width\":3}]",
      "type": 1,
      "status": 2,
      "pageSize": null,
      "lastModified": "2019-12-22T10:40:20.853",
      "createdDateTime": "2019-12-22T10:40:20.853",
      "createdBy": null,
      "modifiedBy": null,
      "data": {
        "items": [],
        "jsonItems": [],
        "pageIndex": 0,
        "page": 1,
        "pageSize": 0,
        "totalItems": 0,
        "totalPage": 1
      },
      "postId": null,
      "pageId": 0,
      "isExportData": false,
      "isClone": false,
      "cultures": null,
      "priority": 19,
      "specificulture": "en-us"
    },
    {
      "id": 9,
      "name": "latest_posts",
      "image": "assets/img/image_placeholder.jpg",
      "thumbnail": "/assets/img/image_placeholder.jpg",
      "template": "Modules/Latest_Posts.cshtml",
      "formTemplate": "Forms/_Default.cshtml",
      "edmTemplate": "Edms/_Default.cshtml",
      "title": "Latest Posts",
      "description": null,
      "fields": "[]",
      "type": 2,
      "status": 2,
      "pageSize": null,
      "lastModified": "2019-12-23T06:46:27.82",
      "createdDateTime": "2019-12-23T06:46:27.82",
      "createdBy": null,
      "modifiedBy": null,
      "data": {
        "items": [],
        "jsonItems": [],
        "pageIndex": 0,
        "page": 1,
        "pageSize": 0,
        "totalItems": 0,
        "totalPage": 1
      },
      "postId": null,
      "pageId": 0,
      "isExportData": false,
      "isClone": false,
      "cultures": null,
      "priority": 20,
      "specificulture": "en-us"
    }
  ],
  "attributeSets": [
    {
      "id": 1,
      "ReferenceId": null,
      "type": 0,
      "title": "Menu Item",
      "name": "sys_menu_item",
      "description": null,
      "formTemplate": "Forms/Get_In_Touch.cshtml",
      "edmTemplate": "Edms/_Default.cshtml",
      "edmSubject": null,
      "edmFrom": null,
      "edmAutoSend": null,
      "createdDateTime": "2019-12-21T07:12:38.373",
      "status": 2,
      "fields": [
        {
          "id": 1,
          "attributeSetId": 1,
          "attributeSetName": "sys_menu_item",
          "referenceId": null,
          "regex": null,
          "title": "Title",
          "dataType": 7,
          "defaultValue": null,
          "options": null,
          "name": "title",
          "isRequire": true,
          "isEncrypt": false,
          "isSelect": false,
          "isUnique": false,
          "status": 2,
          "createdDateTime": "2019-11-02T04:54:35.07",
          "isClone": false,
          "cultures": null,
          "priority": 0,
          "specificulture": null
        },
        {
          "id": 2,
          "attributeSetId": 1,
          "attributeSetName": "sys_menu_item",
          "referenceId": null,
          "regex": null,
          "title": "Uri",
          "dataType": 7,
          "defaultValue": null,
          "options": null,
          "name": "uri",
          "isRequire": true,
          "isEncrypt": false,
          "isSelect": false,
          "isUnique": false,
          "status": 2,
          "createdDateTime": "2019-11-02T04:54:35.24",
          "isClone": false,
          "cultures": null,
          "priority": 1,
          "specificulture": null
        },
        {
          "id": 27,
          "attributeSetId": 1,
          "attributeSetName": "sys_menu_item",
          "referenceId": null,
          "regex": null,
          "title": "Icon",
          "dataType": 19,
          "defaultValue": null,
          "options": [],
          "name": "icon",
          "isRequire": false,
          "isEncrypt": false,
          "isSelect": false,
          "isUnique": false,
          "status": 2,
          "createdDateTime": "2019-12-21T08:18:12.13",
          "isClone": false,
          "cultures": null,
          "priority": 2,
          "specificulture": null
        },
        {
          "id": 13,
          "attributeSetId": 1,
          "attributeSetName": "sys_menu_item",
          "referenceId": null,
          "regex": null,
          "title": "Type",
          "dataType": 7,
          "defaultValue": "Uri",
          "options": [
            {
              "value": "Uri",
              "dataType": 7
            },
            {
              "value": "Page",
              "dataType": 7
            },
            {
              "value": "Post",
              "dataType": 7
            }
          ],
          "name": "type",
          "isRequire": false,
          "isEncrypt": false,
          "isSelect": true,
          "isUnique": false,
          "status": 2,
          "createdDateTime": "2019-11-09T05:56:45.447",
          "isClone": false,
          "cultures": null,
          "priority": 3,
          "specificulture": null
        },
        {
          "id": 10,
          "attributeSetId": 1,
          "attributeSetName": "sys_menu_item",
          "referenceId": null,
          "regex": null,
          "title": "Target",
          "dataType": 7,
          "defaultValue": "_top",
          "options": [
            {
              "value": "_blank",
              "dataType": 7
            },
            {
              "value": "_self",
              "dataType": 7
            },
            {
              "value": "_parent",
              "dataType": 7
            },
            {
              "value": "_top",
              "dataType": 7
            },
            {
              "value": "framename",
              "dataType": 7
            }
          ],
          "name": "target",
          "isRequire": false,
          "isEncrypt": false,
          "isSelect": true,
          "isUnique": false,
          "status": 2,
          "createdDateTime": "2019-11-09T04:59:07.743",
          "isClone": false,
          "cultures": null,
          "priority": 4,
          "specificulture": null
        },
        {
          "id": 11,
          "attributeSetId": 1,
          "attributeSetName": "sys_menu_item",
          "referenceId": null,
          "regex": null,
          "title": "Classes",
          "dataType": 7,
          "defaultValue": null,
          "options": null,
          "name": "classes",
          "isRequire": false,
          "isEncrypt": false,
          "isSelect": false,
          "isUnique": false,
          "status": 2,
          "createdDateTime": "2019-11-09T04:59:07.793",
          "isClone": false,
          "cultures": null,
          "priority": 5,
          "specificulture": null
        },
        {
          "id": 12,
          "attributeSetId": 1,
          "attributeSetName": "sys_menu_item",
          "referenceId": null,
          "regex": null,
          "title": "Description",
          "dataType": 9,
          "defaultValue": null,
          "options": null,
          "name": "description",
          "isRequire": false,
          "isEncrypt": false,
          "isSelect": false,
          "isUnique": false,
          "status": 2,
          "createdDateTime": "2019-11-09T04:59:07.83",
          "isClone": false,
          "cultures": null,
          "priority": 6,
          "specificulture": null
        },
        {
          "id": 24,
          "attributeSetId": 1,
          "attributeSetName": "sys_menu_item",
          "referenceId": 1,
          "regex": null,
          "title": "Menu Items",
          "dataType": 23,
          "defaultValue": null,
          "options": null,
          "name": "menu_items",
          "isRequire": false,
          "isEncrypt": false,
          "isSelect": false,
          "isUnique": false,
          "status": 2,
          "createdDateTime": "2019-12-17T13:29:02.05",
          "isClone": false,
          "cultures": null,
          "priority": 7,
          "specificulture": null
        },
        {
          "id": 37,
          "attributeSetId": 1,
          "attributeSetName": null,
          "referenceId": null,
          "regex": null,
          "title": "Alt",
          "dataType": 7,
          "defaultValue": null,
          "options": [],
          "name": "alt",
          "isRequire": false,
          "isEncrypt": false,
          "isSelect": false,
          "isUnique": false,
          "status": 2,
          "createdDateTime": "2020-01-02T11:47:33.04",
          "isClone": false,
          "cultures": null,
          "priority": 9,
          "specificulture": null
        },
        {
          "id": 38,
          "attributeSetId": 1,
          "attributeSetName": null,
          "referenceId": null,
          "regex": null,
          "title": "Hreflang",
          "dataType": 7,
          "defaultValue": null,
          "options": [],
          "name": "hreflang",
          "isRequire": false,
          "isEncrypt": false,
          "isSelect": false,
          "isUnique": false,
          "status": 2,
          "createdDateTime": "2020-01-02T11:47:33.09",
          "isClone": false,
          "cultures": null,
          "priority": 10,
          "specificulture": null
        },
        {
          "id": 41,
          "attributeSetId": 1,
          "attributeSetName": null,
          "referenceId": null,
          "regex": null,
          "title": "Rel",
          "dataType": 7,
          "defaultValue": null,
          "options": [
            {
              "value": "next",
              "dataType": 7
            },
            {
              "value": "nofollow",
              "dataType": 7
            },
            {
              "value": "noreferrer",
              "dataType": 7
            },
            {
              "value": "prev",
              "dataType": 7
            }
          ],
          "name": "rel",
          "isRequire": false,
          "isEncrypt": false,
          "isSelect": true,
          "isUnique": false,
          "status": 2,
          "createdDateTime": "2020-01-02T13:07:26.583",
          "isClone": false,
          "cultures": null,
          "priority": 10,
          "specificulture": null
        }
      ],
      "data": [
        {
          "id": "0dc7931e-dae7-41b3-9346-77e07fb1fc84",
          "attributeSetId": 1,
          "attributeSetName": "sys_menu_item",
          "createdDateTime": "2019-12-27T13:52:32.837",
          "createdBy": "admin",
          "status": 0,
          "RefData": [],
          "data": {
            "id": "0dc7931e-dae7-41b3-9346-77e07fb1fc84",
            "createdDateTime": "2019-12-27T13:52:32.837",
            "details": "/api/v1/odata/en-us/attribute-set-data/mobile/0dc7931e-dae7-41b3-9346-77e07fb1fc84",
            "title": "PWA - Google Map",
            "uri": "/en-us/pwa-google-map",
            "icon": "mi mi-MapDirections",
            "type": "Page",
            "target": "_top",
            "classes": null,
            "description": null,
            "menu_items": []
          },
          "relatedData": [],
          "isClone": false,
          "cultures": null,
          "priority": 0,
          "specificulture": "en-us"
        },
        {
          "id": "2e654fb3-eab6-490b-a318-f9cda4a1cd08",
          "attributeSetId": 1,
          "attributeSetName": "sys_menu_item",
          "createdDateTime": "2019-12-25T10:39:53.393",
          "createdBy": "admin",
          "status": 0,
          "RefData": [],
          "data": {
            "id": "2e654fb3-eab6-490b-a318-f9cda4a1cd08",
            "createdDateTime": "2019-12-25T10:39:53.393",
            "details": "/api/v1/odata/en-us/attribute-set-data/mobile/2e654fb3-eab6-490b-a318-f9cda4a1cd08",
            "title": "Home",
            "uri": "/en-us/home",
            "icon": null,
            "type": "Page",
            "target": "_top",
            "classes": null,
            "description": null,
            "menu_items": []
          },
          "relatedData": [],
          "isClone": false,
          "cultures": null,
          "priority": 0,
          "specificulture": "en-us"
        },
        {
          "id": "8b66160c-52e2-477a-8df0-0c17aa2fc542",
          "attributeSetId": 1,
          "attributeSetName": "sys_menu_item",
          "createdDateTime": "2019-12-25T10:49:41.657",
          "createdBy": "admin",
          "status": 0,
          "RefData": [],
          "data": {
            "id": "8b66160c-52e2-477a-8df0-0c17aa2fc542",
            "createdDateTime": "2019-12-25T10:49:41.657",
            "details": "/api/v1/odata/en-us/attribute-set-data/mobile/8b66160c-52e2-477a-8df0-0c17aa2fc542",
            "title": "Document",
            "uri": "https://docs.mixcore.org/",
            "icon": "mi mi-dochub",
            "type": "Uri",
            "target": "_blank",
            "classes": null,
            "description": null,
            "menu_items": [],
            "alt": null,
            "rel": "noreferrer",
            "hreflang": null
          },
          "relatedData": [],
          "isClone": false,
          "cultures": null,
          "priority": 0,
          "specificulture": "en-us"
        },
        {
          "id": "8d693fa7-dee0-4d0d-b621-d8a8076611e5",
          "attributeSetId": 1,
          "attributeSetName": "sys_menu_item",
          "createdDateTime": "2019-12-30T14:19:12.767",
          "createdBy": "admin",
          "status": 0,
          "RefData": [],
          "data": {
            "id": "8d693fa7-dee0-4d0d-b621-d8a8076611e5",
            "createdDateTime": "2019-12-30T14:19:12.767",
            "details": "/api/v1/odata/en-us/attribute-set-data/mobile/8d693fa7-dee0-4d0d-b621-d8a8076611e5",
            "title": "Login",
            "uri": "/security/login?ReturnUrl=%2Fportal",
            "icon": "mi mi-PassiveAuthentication",
            "type": "Uri",
            "target": "_top",
            "classes": null,
            "description": null,
            "menu_items": []
          },
          "relatedData": [],
          "isClone": false,
          "cultures": null,
          "priority": 0,
          "specificulture": "en-us"
        },
        {
          "id": "cddb4d1a-7acd-435a-b19a-f9c8949b6b5e",
          "attributeSetId": 1,
          "attributeSetName": "sys_menu_item",
          "createdDateTime": "2019-12-25T10:33:14.313",
          "createdBy": "admin",
          "status": 0,
          "RefData": [],
          "data": {
            "id": "cddb4d1a-7acd-435a-b19a-f9c8949b6b5e",
            "createdDateTime": "2019-12-25T10:33:14.313",
            "details": "/api/v1/odata/en-us/attribute-set-data/mobile/cddb4d1a-7acd-435a-b19a-f9c8949b6b5e",
            "title": "Blog",
            "uri": "/en-us/blog",
            "icon": null,
            "type": "Page",
            "target": "_top",
            "classes": null,
            "description": null,
            "menu_items": []
          },
          "relatedData": [],
          "isClone": false,
          "cultures": null,
          "priority": 0,
          "specificulture": "en-us"
        },
        {
          "id": "d8a8f17c-2ba9-4912-a27e-1f8b67ced10e",
          "attributeSetId": 1,
          "attributeSetName": "sys_menu_item",
          "createdDateTime": "2019-12-27T13:55:58.977",
          "createdBy": "admin",
          "status": 0,
          "RefData": [],
          "data": {
            "id": "d8a8f17c-2ba9-4912-a27e-1f8b67ced10e",
            "createdDateTime": "2019-12-27T13:55:58.977",
            "details": "/api/v1/odata/en-us/attribute-set-data/mobile/d8a8f17c-2ba9-4912-a27e-1f8b67ced10e",
            "title": "PWA - Initial Screen",
            "uri": "/en-us/pwa",
            "icon": null,
            "type": "Page",
            "target": "_top",
            "classes": null,
            "description": null,
            "menu_items": []
          },
          "relatedData": [],
          "isClone": false,
          "cultures": null,
          "priority": 0,
          "specificulture": "en-us"
        }
      ],
      "isExportData": true,
      "isClone": false,
      "cultures": null,
      "priority": 0,
      "specificulture": null
    },
    {
      "id": 2,
      "ReferenceId": null,
      "type": 0,
      "title": "Navigation",
      "name": "sys_navigation",
      "description": null,
      "formTemplate": "Forms/Get_In_Touch.cshtml",
      "edmTemplate": "Edms/_Default.cshtml",
      "edmSubject": null,
      "edmFrom": null,
      "edmAutoSend": null,
      "createdDateTime": "2019-12-21T07:12:39.187",
      "status": 0,
      "fields": [
        {
          "id": 25,
          "attributeSetId": 2,
          "attributeSetName": "sys_navigation",
          "referenceId": null,
          "regex": null,
          "title": "Title",
          "dataType": 7,
          "defaultValue": null,
          "options": [],
          "name": "title",
          "isRequire": true,
          "isEncrypt": false,
          "isSelect": false,
          "isUnique": false,
          "status": 2,
          "createdDateTime": "2019-12-21T07:12:39.303",
          "isClone": false,
          "cultures": null,
          "priority": 0,
          "specificulture": null
        },
        {
          "id": 23,
          "attributeSetId": 2,
          "attributeSetName": "sys_navigation",
          "referenceId": null,
          "regex": null,
          "title": "Name",
          "dataType": 7,
          "defaultValue": null,
          "options": null,
          "name": "name",
          "isRequire": true,
          "isEncrypt": false,
          "isSelect": false,
          "isUnique": false,
          "status": 2,
          "createdDateTime": "2019-12-17T13:19:42.663",
          "isClone": false,
          "cultures": null,
          "priority": 1,
          "specificulture": null
        },
        {
          "id": 26,
          "attributeSetId": 2,
          "attributeSetName": "sys_navigation",
          "referenceId": 1,
          "regex": null,
          "title": "Menu Items",
          "dataType": 23,
          "defaultValue": null,
          "options": [],
          "name": "menu_items",
          "isRequire": false,
          "isEncrypt": false,
          "isSelect": false,
          "isUnique": false,
          "status": 2,
          "createdDateTime": "2019-12-21T07:12:39.407",
          "isClone": false,
          "cultures": null,
          "priority": 2,
          "specificulture": null
        }
      ],
      "data": [
        {
          "id": "99d04780-c848-43e8-bac5-e3600bdb96db",
          "attributeSetId": 2,
          "attributeSetName": "sys_navigation",
          "createdDateTime": "2019-12-25T10:32:50.707",
          "createdBy": "admin",
          "status": 0,
          "RefData": [],
          "data": {
            "id": "99d04780-c848-43e8-bac5-e3600bdb96db",
            "createdDateTime": "2019-12-25T10:32:50.707",
            "details": "/api/v1/odata/en-us/attribute-set-data/mobile/99d04780-c848-43e8-bac5-e3600bdb96db",
            "title": "Top",
            "name": "top",
            "menu_items": []
          },
          "relatedData": [],
          "isClone": false,
          "cultures": null,
          "priority": 0,
          "specificulture": "en-us"
        }
      ],
      "isExportData": true,
      "isClone": false,
      "cultures": null,
      "priority": 0,
      "specificulture": null
    },
    {
      "id": 3,
      "ReferenceId": null,
      "type": 0,
      "title": "Page",
      "name": "sys_additional_field_page",
      "description": null,
      "formTemplate": "Forms/Get_In_Touch.cshtml",
      "edmTemplate": "Edms/_Default.cshtml",
      "edmSubject": null,
      "edmFrom": null,
      "edmAutoSend": null,
      "createdDateTime": "2019-12-21T07:12:39.437",
      "status": 0,
      "fields": [],
      "data": null,
      "isExportData": false,
      "isClone": false,
      "cultures": null,
      "priority": 0,
      "specificulture": null
    },
    {
      "id": 4,
      "ReferenceId": null,
      "type": 0,
      "title": "Module",
      "name": "sys_additional_field_module",
      "description": null,
      "formTemplate": "Forms/Get_In_Touch.cshtml",
      "edmTemplate": "Edms/_Default.cshtml",
      "edmSubject": null,
      "edmFrom": null,
      "edmAutoSend": null,
      "createdDateTime": "2019-12-21T07:12:39.467",
      "status": 0,
      "fields": [],
      "data": null,
      "isExportData": false,
      "isClone": false,
      "cultures": null,
      "priority": 0,
      "specificulture": null
    },
    {
      "id": 5,
      "ReferenceId": null,
      "type": 0,
      "title": "Post",
      "name": "sys_additional_field_post",
      "description": null,
      "formTemplate": "Forms/Get_In_Touch.cshtml",
      "edmTemplate": "Edms/_Default.cshtml",
      "edmSubject": null,
      "edmFrom": null,
      "edmAutoSend": null,
      "createdDateTime": "2019-12-21T07:12:39.503",
      "status": 0,
      "fields": [],
      "data": null,
      "isExportData": false,
      "isClone": false,
      "cultures": null,
      "priority": 0,
      "specificulture": null
    },
    {
      "id": 6,
      "ReferenceId": null,
      "type": 0,
      "title": "Additional Field",
      "name": "sys_additional_field",
      "description": null,
      "formTemplate": "Forms/Get_In_Touch.cshtml",
      "edmTemplate": "Edms/_Default.cshtml",
      "edmSubject": null,
      "edmFrom": null,
      "edmAutoSend": null,
      "createdDateTime": "2019-12-22T02:27:18.56",
      "status": 0,
      "fields": [
        {
          "id": 28,
          "attributeSetId": 6,
          "attributeSetName": "addictional_field",
          "referenceId": null,
          "regex": null,
          "title": "Title",
          "dataType": 7,
          "defaultValue": null,
          "options": null,
          "name": "title",
          "isRequire": false,
          "isEncrypt": false,
          "isSelect": false,
          "isUnique": false,
          "status": 0,
          "createdDateTime": "2019-12-22T04:30:27.533",
          "isClone": false,
          "cultures": null,
          "priority": 1,
          "specificulture": null
        },
        {
          "id": 32,
          "attributeSetId": 6,
          "attributeSetName": "additional_field",
          "referenceId": null,
          "regex": null,
          "title": "Title",
          "dataType": 7,
          "defaultValue": null,
          "options": null,
          "name": "title",
          "isRequire": false,
          "isEncrypt": false,
          "isSelect": false,
          "isUnique": false,
          "status": 0,
          "createdDateTime": "2019-12-24T05:35:37.3",
          "isClone": false,
          "cultures": null,
          "priority": 1,
          "specificulture": null
        },
        {
          "id": 34,
          "attributeSetId": 6,
          "attributeSetName": "sys_additional_field",
          "referenceId": null,
          "regex": null,
          "title": "Title",
          "dataType": 7,
          "defaultValue": null,
          "options": null,
          "name": "title",
          "isRequire": false,
          "isEncrypt": false,
          "isSelect": false,
          "isUnique": false,
          "status": 0,
          "createdDateTime": "2019-12-25T11:18:35.473",
          "isClone": false,
          "cultures": null,
          "priority": 1,
          "specificulture": null
        },
        {
          "id": 29,
          "attributeSetId": 6,
          "attributeSetName": "addictional_field",
          "referenceId": null,
          "regex": null,
          "title": "Excerpt",
          "dataType": 9,
          "defaultValue": null,
          "options": null,
          "name": "excerpt",
          "isRequire": false,
          "isEncrypt": false,
          "isSelect": false,
          "isUnique": false,
          "status": 0,
          "createdDateTime": "2019-12-22T04:30:27.637",
          "isClone": false,
          "cultures": null,
          "priority": 2,
          "specificulture": null
        },
        {
          "id": 33,
          "attributeSetId": 6,
          "attributeSetName": "additional_field",
          "referenceId": null,
          "regex": null,
          "title": "Excerpt",
          "dataType": 9,
          "defaultValue": null,
          "options": null,
          "name": "excerpt",
          "isRequire": false,
          "isEncrypt": false,
          "isSelect": false,
          "isUnique": false,
          "status": 0,
          "createdDateTime": "2019-12-24T05:35:37.467",
          "isClone": false,
          "cultures": null,
          "priority": 2,
          "specificulture": null
        },
        {
          "id": 35,
          "attributeSetId": 6,
          "attributeSetName": "sys_additional_field",
          "referenceId": null,
          "regex": null,
          "title": "Excerpt",
          "dataType": 9,
          "defaultValue": null,
          "options": null,
          "name": "excerpt",
          "isRequire": false,
          "isEncrypt": false,
          "isSelect": false,
          "isUnique": false,
          "status": 0,
          "createdDateTime": "2019-12-25T11:18:35.697",
          "isClone": false,
          "cultures": null,
          "priority": 2,
          "specificulture": null
        },
        {
          "id": 30,
          "attributeSetId": 6,
          "attributeSetName": "addictional_field",
          "referenceId": null,
          "regex": null,
          "title": "Uri",
          "dataType": 7,
          "defaultValue": null,
          "options": null,
          "name": "uri",
          "isRequire": false,
          "isEncrypt": false,
          "isSelect": false,
          "isUnique": false,
          "status": 0,
          "createdDateTime": "2019-12-22T04:30:27.713",
          "isClone": false,
          "cultures": null,
          "priority": 3,
          "specificulture": null
        },
        {
          "id": 31,
          "attributeSetId": 6,
          "attributeSetName": "addictional_field",
          "referenceId": null,
          "regex": null,
          "title": null,
          "dataType": 7,
          "defaultValue": null,
          "options": null,
          "name": "uri",
          "isRequire": false,
          "isEncrypt": false,
          "isSelect": false,
          "isUnique": false,
          "status": 0,
          "createdDateTime": "2019-12-22T04:34:56.697",
          "isClone": false,
          "cultures": null,
          "priority": 3,
          "specificulture": null
        },
        {
          "id": 36,
          "attributeSetId": 6,
          "attributeSetName": "sys_additional_field",
          "referenceId": null,
          "regex": null,
          "title": "Uri",
          "dataType": 7,
          "defaultValue": null,
          "options": null,
          "name": "uri",
          "isRequire": false,
          "isEncrypt": false,
          "isSelect": false,
          "isUnique": false,
          "status": 0,
          "createdDateTime": "2019-12-25T11:18:35.84",
          "isClone": false,
          "cultures": null,
          "priority": 3,
          "specificulture": null
        }
      ],
      "data": null,
      "isExportData": false,
      "isClone": false,
      "cultures": null,
      "priority": 1,
      "specificulture": null
    }
  ],
  "configurations": [
    {
      "keyword": "ContactAddress",
      "category": "Site_Common",
      "value": "",
      "dataType": 7,
      "status": 2,
      "description": "Address",
      "createdDateTime": "2019-12-21T07:12:37.417",
      "isClone": false,
      "cultures": null,
      "priority": 0,
      "specificulture": "en-us"
    },
    {
      "keyword": "ContactEmail",
      "category": "Site_Common",
      "value": "",
      "dataType": 10,
      "status": 2,
      "description": "Email",
      "createdDateTime": "2019-12-21T07:12:37.457",
      "isClone": false,
      "cultures": null,
      "priority": 0,
      "specificulture": "en-us"
    },
    {
      "keyword": "ContactPhone",
      "category": "Site_Common",
      "value": "",
      "dataType": 7,
      "status": 2,
      "description": "Hotline",
      "createdDateTime": "2019-12-21T07:12:37.49",
      "isClone": false,
      "cultures": null,
      "priority": 0,
      "specificulture": "en-us"
    },
    {
      "keyword": "DateTimeFormat",
      "category": "System",
      "value": "dd-MM-yyyy HH:mm:ss",
      "dataType": 7,
      "status": 2,
      "description": "Date Time Format",
      "createdDateTime": "2019-12-21T07:12:38.203",
      "isClone": false,
      "cultures": null,
      "priority": 0,
      "specificulture": "en-us"
    },
    {
      "keyword": "Domain",
      "category": "Site",
      "value": "/",
      "dataType": 7,
      "status": 2,
      "description": "Domain",
      "createdDateTime": "2019-12-21T07:12:37.033",
      "isClone": false,
      "cultures": null,
      "priority": 0,
      "specificulture": "en-us"
    },
    {
      "keyword": "Facebook_Page_Id",
      "category": "Social_Facebook",
      "value": "",
      "dataType": 7,
      "status": 2,
      "description": "Facebook Page Id",
      "createdDateTime": "2019-12-21T07:12:37.583",
      "isClone": false,
      "cultures": null,
      "priority": 0,
      "specificulture": "en-us"
    },
    {
      "keyword": "Facebook_Token",
      "category": "Social_Facebook",
      "value": "",
      "dataType": 9,
      "status": 2,
      "description": "Facebook Access Token",
      "createdDateTime": "2019-12-21T07:12:37.52",
      "isClone": false,
      "cultures": null,
      "priority": 0,
      "specificulture": "en-us"
    },
    {
      "keyword": "FacebookAppId",
      "category": "Social_Facebook",
      "value": "",
      "dataType": 7,
      "status": 2,
      "description": "Facebook App Id",
      "createdDateTime": "2019-12-21T07:12:37.553",
      "isClone": false,
      "cultures": null,
      "priority": 0,
      "specificulture": "en-us"
    },
    {
      "keyword": "Favicon",
      "category": "Site_Common",
      "value": "/css/portal/img/mixcore-logo-green-16x16.png",
      "dataType": 16,
      "status": 2,
      "description": "Favicon",
      "createdDateTime": "2019-12-21T07:12:37.867",
      "isClone": false,
      "cultures": null,
      "priority": 0,
      "specificulture": "en-us"
    },
    {
      "keyword": "Google_Analytic_Ids",
      "category": "Social_Google",
      "value": "",
      "dataType": 7,
      "status": 2,
      "description": "Google Analytic Id",
      "createdDateTime": "2019-12-21T07:12:37.667",
      "isClone": false,
      "cultures": null,
      "priority": 0,
      "specificulture": "en-us"
    },
    {
      "keyword": "Google_Analytic_Key",
      "category": "Social_Google",
      "value": "",
      "dataType": 7,
      "status": 2,
      "description": "Google Analytic Key",
      "createdDateTime": "2019-12-21T07:12:37.623",
      "isClone": false,
      "cultures": null,
      "priority": 0,
      "specificulture": "en-us"
    },
    {
      "keyword": "Google_Client_Id",
      "category": "Social_Google",
      "value": "",
      "dataType": 7,
      "status": 2,
      "description": "Google Client Id",
      "createdDateTime": "2019-12-21T07:12:37.72",
      "isClone": false,
      "cultures": null,
      "priority": 0,
      "specificulture": "en-us"
    },
    {
      "keyword": "LanguageVersion",
      "category": "System",
      "value": "1",
      "dataType": 7,
      "status": 2,
      "description": "Language Version",
      "createdDateTime": "2019-12-21T07:12:37.307",
      "isClone": false,
      "cultures": null,
      "priority": 0,
      "specificulture": "en-us"
    },
    {
      "keyword": "Logo",
      "category": "Site_Common",
      "value": "/css/portal/img/mixcore-logo-green.png",
      "dataType": 16,
      "status": 2,
      "description": "Logo",
      "createdDateTime": "2019-12-21T07:12:37.92",
      "isClone": false,
      "cultures": null,
      "priority": 0,
      "specificulture": "en-us"
    },
    {
      "keyword": "LogoBlack",
      "category": "Site_Common",
      "value": "",
      "dataType": 16,
      "status": 2,
      "description": "Logo Black",
      "createdDateTime": "2019-12-21T07:12:38.017",
      "isClone": false,
      "cultures": null,
      "priority": 0,
      "specificulture": "en-us"
    },
    {
      "keyword": "LogoWhite",
      "category": "Site_Common",
      "value": "",
      "dataType": 16,
      "status": 2,
      "description": "Logo White",
      "createdDateTime": "2019-12-21T07:12:37.97",
      "isClone": false,
      "cultures": null,
      "priority": 0,
      "specificulture": "en-us"
    },
    {
      "keyword": "Recaptcha_Key",
      "category": "Social_Google",
      "value": "",
      "dataType": 7,
      "status": 2,
      "description": "Recaptcha Key",
      "createdDateTime": "2019-12-21T07:12:37.77",
      "isClone": false,
      "cultures": null,
      "priority": 0,
      "specificulture": "en-us"
    },
    {
      "keyword": "Recaptcha_Secret",
      "category": "Social_Google",
      "value": "",
      "dataType": 7,
      "status": 2,
      "description": "Recaptcha Secret",
      "createdDateTime": "2019-12-21T07:12:37.817",
      "isClone": false,
      "cultures": null,
      "priority": 0,
      "specificulture": "en-us"
    },
    {
      "keyword": "SettingVersion",
      "category": "System",
      "value": "1",
      "dataType": 7,
      "status": 2,
      "description": "Settings Version",
      "createdDateTime": "2019-12-21T07:12:37.363",
      "isClone": false,
      "cultures": null,
      "priority": 0,
      "specificulture": "en-us"
    },
    {
      "keyword": "SiteName",
      "category": "Site",
      "value": "Mixcore Default Theme",
      "dataType": 7,
      "status": 2,
      "description": "Site Name",
      "createdDateTime": "2019-12-21T07:12:37.25",
      "isClone": false,
      "cultures": null,
      "priority": 0,
      "specificulture": "en-us"
    },
    {
      "keyword": "StartWeekOn",
      "category": "System",
      "value": "Monday",
      "dataType": 7,
      "status": 2,
      "description": "Day",
      "createdDateTime": "2019-12-21T07:12:38.25",
      "isClone": false,
      "cultures": null,
      "priority": 0,
      "specificulture": "en-us"
    },
    {
      "keyword": "ThemeFolder",
      "category": "Site_Settings",
      "value": "mixcore-demo",
      "dataType": 7,
      "status": 2,
      "description": "Theme Folder",
      "createdDateTime": "2019-12-21T07:12:38.107",
      "isClone": false,
      "cultures": null,
      "priority": 0,
      "specificulture": "en-us"
    },
    {
      "keyword": "ThemeId",
      "category": "Site_Settings",
      "value": "2",
      "dataType": 7,
      "status": 2,
      "description": "Theme Id",
      "createdDateTime": "2019-12-21T07:12:38.157",
      "isClone": false,
      "cultures": null,
      "priority": 0,
      "specificulture": "en-us"
    },
    {
      "keyword": "ThemeName",
      "category": "Site",
      "value": "mixcore-demo",
      "dataType": 7,
      "status": 2,
      "description": "Theme Name",
      "createdDateTime": "2019-12-21T07:12:38.063",
      "isClone": false,
      "cultures": null,
      "priority": 0,
      "specificulture": "en-us"
    }
  ],
  "relatedData": [
    {
      "id": "0dc7931e-dae7-41b3-9346-77e07fb1fc84",
      "parentId": "99d04780-c848-43e8-bac5-e3600bdb96db",
      "parentType": 1,
      "attributeSetId": 1,
      "createdDateTime": "2019-12-28T02:31:46.723",
      "status": 0,
      "description": null,
      "isClone": false,
      "cultures": null,
      "priority": 4,
      "specificulture": "en-us"
    },
    {
      "id": "2e654fb3-eab6-490b-a318-f9cda4a1cd08",
      "parentId": "99d04780-c848-43e8-bac5-e3600bdb96db",
      "parentType": 1,
      "attributeSetId": 1,
      "createdDateTime": "2019-12-28T02:30:58.397",
      "status": 0,
      "description": null,
      "isClone": false,
      "cultures": null,
      "priority": 3,
      "specificulture": "en-us"
    },
    {
      "id": "8b66160c-52e2-477a-8df0-0c17aa2fc542",
      "parentId": "99d04780-c848-43e8-bac5-e3600bdb96db",
      "parentType": 1,
      "attributeSetId": 1,
      "createdDateTime": "2020-01-02T13:20:46.757",
      "status": 0,
      "description": null,
      "isClone": false,
      "cultures": null,
      "priority": 3,
      "specificulture": "en-us"
    },
    {
      "id": "8d693fa7-dee0-4d0d-b621-d8a8076611e5",
      "parentId": "99d04780-c848-43e8-bac5-e3600bdb96db",
      "parentType": 1,
      "attributeSetId": 1,
      "createdDateTime": "2019-12-30T14:19:13.78",
      "status": 0,
      "description": null,
      "isClone": false,
      "cultures": null,
      "priority": 7,
      "specificulture": "en-us"
    },
    {
      "id": "cddb4d1a-7acd-435a-b19a-f9c8949b6b5e",
      "parentId": "99d04780-c848-43e8-bac5-e3600bdb96db",
      "parentType": 1,
      "attributeSetId": 1,
      "createdDateTime": "2019-12-25T10:33:15.483",
      "status": 0,
      "description": null,
      "isClone": false,
      "cultures": null,
      "priority": 5,
      "specificulture": "en-us"
    }
  ],
  "specificulture": "en-us",
  "themeName": "mixcore-demo"
}
