{
  "pages": [
    {
      "id": 1,
      "template": "Pages/_Modules.cshtml",
      "thumbnail": null,
      "image": "https://dev.mixcore.org/assets/img/bgs/home.jpeg",
      "icon": null,
      "cssClass": null,
      "layout": "Masters/_Layout",
      "title": "Home",
      "excerpt": null,
      "content": null,
      "seoName": "home",
      "seoTitle": "home",
      "seoDescription": "home",
      "seoKeywords": "home",
      "source": null,
      "views": null,
      "type": 3,
      "status": 2,
      "createdDateTime": "2019-07-13T01:09:08.05",
      "updatedDateTime": null,
      "createdBy": "admin",
      "tags": null,
      "staticUrl": null,
      "level": 0,
      "lastModified": "2020-01-24T02:34:28.697",
      "modifiedBy": null,
      "pageSize": null,
      "moduleNavs": [
        {
          "moduleId": 1,
          "pageId": 1,
          "isActived": false,
          "image": "assets/img/image_placeholder.jpg",
          "description": "Testimonials",
          "module": {
            "id": 1,
            "name": "testimonials",
            "image": "assets/img/image_placeholder.jpg",
            "thumbnail": "/assets/img/image_placeholder.jpg",
            "template": "Modules/Testimonial-3.cshtml",
            "formTemplate": "Forms/_Default.cshtml",
            "edmTemplate": "Edms/_Default.cshtml",
            "title": "Testimonials",
            "description": null,
            "fields": "[{\"name\":\"image\",\"title\":\"Image\",\"defaultValue\":null,\"options\":[],\"priority\":0,\"dataType\":16,\"isUnique\":false,\"isRequired\":true,\"isDisplay\":true,\"isSelect\":false,\"isGroupBy\":false,\"width\":3},{\"name\":\"name\",\"title\":\"Name\",\"defaultValue\":null,\"options\":[],\"priority\":0,\"dataType\":7,\"isUnique\":false,\"isRequired\":false,\"isDisplay\":true,\"isSelect\":false,\"isGroupBy\":false,\"width\":3},{\"name\":\"title\",\"title\":\"Title\",\"defaultValue\":null,\"options\":[],\"priority\":0,\"dataType\":7,\"isUnique\":false,\"isRequired\":false,\"isDisplay\":true,\"isSelect\":false,\"isGroupBy\":false,\"width\":3},{\"name\":\"description\",\"title\":\"Description\",\"defaultValue\":null,\"options\":[],\"priority\":0,\"dataType\":9,\"isUnique\":false,\"isRequired\":false,\"isDisplay\":false,\"isSelect\":false,\"isGroupBy\":false,\"width\":3}]",
            "type": 1,
            "status": 2,
            "pageSize": 9,
            "lastModified": "2019-12-21T07:13:07.11",
            "createdDateTime": "2019-12-21T07:13:07.11",
            "createdBy": null,
            "modifiedBy": null,
            "data": {
              "items": [
                {
                  "id": "378be2f6-60f9-4e17-9208-1f9e77061fd0",
                  "moduleId": 1,
                  "postId": null,
                  "productId": null,
                  "pageId": null,
                  "createdDateTime": "2019-12-21T07:13:07.253",
                  "updatedDateTime": "2019-12-21T07:13:07.26",
                  "dataProperties": [
                    {
                      "name": "image",
                      "title": "Image",
                      "isUnique": false,
                      "isRequired": true,
                      "dataType": 16,
                      "value": null,
                      "isDisplay": true,
                      "isSelect": false,
                      "isGroupBy": false,
                      "options": []
                    },
                    {
                      "name": "name",
                      "title": "Name",
                      "isUnique": false,
                      "isRequired": false,
                      "dataType": 7,
                      "value": null,
                      "isDisplay": true,
                      "isSelect": false,
                      "isGroupBy": false,
                      "options": []
                    },
                    {
                      "name": "title",
                      "title": "Title",
                      "isUnique": false,
                      "isRequired": false,
                      "dataType": 7,
                      "value": null,
                      "isDisplay": true,
                      "isSelect": false,
                      "isGroupBy": false,
                      "options": []
                    },
                    {
                      "name": "description",
                      "title": "Description",
                      "isUnique": false,
                      "isRequired": false,
                      "dataType": 9,
                      "value": null,
                      "isDisplay": false,
                      "isSelect": false,
                      "isGroupBy": false,
                      "options": []
                    }
                  ],
                  "jItem": {
                    "image": {
                      "dataType": 16,
                      "value": "/assets/img/michael.jpg"
                    },
                    "name": {
                      "dataType": 7,
                      "value": "Dylan Wyatt"
                    },
                    "title": {
                      "dataType": 7,
                      "value": "Conservation Scientist"
                    },
                    "description": {
                      "dataType": 9,
                      "value": "There is only one corner of the universe you can be certain of improving, and that's your own self..."
                    }
                  },
                  "isClone": false,
                  "cultures": null,
                  "priority": 0,
                  "specificulture": "en-us"
                },
                {
                  "id": "deb9a776-145b-4add-b868-c4ee0bf9722a",
                  "moduleId": 1,
                  "postId": null,
                  "productId": null,
                  "pageId": null,
                  "createdDateTime": "2019-12-21T07:13:07.387",
                  "updatedDateTime": "2019-12-21T07:13:07.387",
                  "dataProperties": [
                    {
                      "name": "image",
                      "title": "Image",
                      "isUnique": false,
                      "isRequired": true,
                      "dataType": 16,
                      "value": null,
                      "isDisplay": true,
                      "isSelect": false,
                      "isGroupBy": false,
                      "options": []
                    },
                    {
                      "name": "name",
                      "title": "Name",
                      "isUnique": false,
                      "isRequired": false,
                      "dataType": 7,
                      "value": null,
                      "isDisplay": true,
                      "isSelect": false,
                      "isGroupBy": false,
                      "options": []
                    },
                    {
                      "name": "title",
                      "title": "Title",
                      "isUnique": false,
                      "isRequired": false,
                      "dataType": 7,
                      "value": null,
                      "isDisplay": true,
                      "isSelect": false,
                      "isGroupBy": false,
                      "options": []
                    },
                    {
                      "name": "description",
                      "title": "Description",
                      "isUnique": false,
                      "isRequired": false,
                      "dataType": 9,
                      "value": null,
                      "isDisplay": false,
                      "isSelect": false,
                      "isGroupBy": false,
                      "options": []
                    }
                  ],
                  "jItem": {
                    "image": {
                      "dataType": 16,
                      "value": "/assets/img/olivia.jpg"
                    },
                    "name": {
                      "dataType": 7,
                      "value": "Olivia"
                    },
                    "title": {
                      "dataType": 7,
                      "value": "Designer"
                    },
                    "description": {
                      "dataType": 9,
                      "value": "Think in the morning. Act in the noon. Eat in the evening. Sleep in the night......"
                    }
                  },
                  "isClone": false,
                  "cultures": null,
                  "priority": 0,
                  "specificulture": "en-us"
                },
                {
                  "id": "ecf9885d-9b64-4057-a53d-74846870eb01",
                  "moduleId": 1,
                  "postId": null,
                  "productId": null,
                  "pageId": null,
                  "createdDateTime": "2019-12-21T07:13:07.42",
                  "updatedDateTime": "2019-12-21T07:13:07.42",
                  "dataProperties": [
                    {
                      "name": "image",
                      "title": "Image",
                      "isUnique": false,
                      "isRequired": true,
                      "dataType": 16,
                      "value": null,
                      "isDisplay": true,
                      "isSelect": false,
                      "isGroupBy": false,
                      "options": []
                    },
                    {
                      "name": "name",
                      "title": "Name",
                      "isUnique": false,
                      "isRequired": false,
                      "dataType": 7,
                      "value": null,
                      "isDisplay": true,
                      "isSelect": false,
                      "isGroupBy": false,
                      "options": []
                    },
                    {
                      "name": "title",
                      "title": "Title",
                      "isUnique": false,
                      "isRequired": false,
                      "dataType": 7,
                      "value": null,
                      "isDisplay": true,
                      "isSelect": false,
                      "isGroupBy": false,
                      "options": []
                    },
                    {
                      "name": "description",
                      "title": "Description",
                      "isUnique": false,
                      "isRequired": false,
                      "dataType": 9,
                      "value": null,
                      "isDisplay": false,
                      "isSelect": false,
                      "isGroupBy": false,
                      "options": []
                    }
                  ],
                  "jItem": {
                    "image": {
                      "dataType": 16,
                      "value": "/assets/img/Emily.jpg"
                    },
                    "name": {
                      "dataType": 7,
                      "value": "Mila Skylar"
                    },
                    "title": {
                      "dataType": 7,
                      "value": "Architect"
                    },
                    "description": {
                      "dataType": 9,
                      "value": "Love cures people - both the ones who give it and the ones who receive it..."
                    }
                  },
                  "isClone": false,
                  "cultures": null,
                  "priority": 0,
                  "specificulture": "en-us"
                },
                {
                  "id": "f2a12f34-2c86-4869-b5bc-c9880c30a0b9",
                  "moduleId": 1,
                  "postId": null,
                  "productId": null,
                  "pageId": null,
                  "createdDateTime": "2019-12-21T07:13:07.457",
                  "updatedDateTime": "2019-12-21T07:13:07.457",
                  "dataProperties": [
                    {
                      "name": "image",
                      "title": "Image",
                      "isUnique": false,
                      "isRequired": true,
                      "dataType": 16,
                      "value": null,
                      "isDisplay": true,
                      "isSelect": false,
                      "isGroupBy": false,
                      "options": []
                    },
                    {
                      "name": "name",
                      "title": "Name",
                      "isUnique": false,
                      "isRequired": false,
                      "dataType": 7,
                      "value": null,
                      "isDisplay": true,
                      "isSelect": false,
                      "isGroupBy": false,
                      "options": []
                    },
                    {
                      "name": "title",
                      "title": "Title",
                      "isUnique": false,
                      "isRequired": false,
                      "dataType": 7,
                      "value": null,
                      "isDisplay": true,
                      "isSelect": false,
                      "isGroupBy": false,
                      "options": []
                    },
                    {
                      "name": "description",
                      "title": "Description",
                      "isUnique": false,
                      "isRequired": false,
                      "dataType": 9,
                      "value": null,
                      "isDisplay": false,
                      "isSelect": false,
                      "isGroupBy": false,
                      "options": []
                    }
                  ],
                  "jItem": {
                    "image": {
                      "dataType": 16,
                      "value": "/assets/img/james.jpg"
                    },
                    "name": {
                      "dataType": 7,
                      "value": "Daniel Carter"
                    },
                    "title": {
                      "dataType": 7,
                      "value": "Aviation Inspector"
                    },
                    "description": {
                      "dataType": 9,
                      "value": "Keep your face always toward the sunshine - and shadows will fall behind you..."
                    }
                  },
                  "isClone": false,
                  "cultures": null,
                  "priority": 0,
                  "specificulture": "en-us"
                }
              ],
              "jsonItems": [
                {
                  "image": {
                    "dataType": 16,
                    "value": "/assets/img/michael.jpg"
                  },
                  "name": {
                    "dataType": 7,
                    "value": "Dylan Wyatt"
                  },
                  "title": {
                    "dataType": 7,
                    "value": "Conservation Scientist"
                  },
                  "description": {
                    "dataType": 9,
                    "value": "There is only one corner of the universe you can be certain of improving, and that's your own self..."
                  }
                },
                {
                  "image": {
                    "dataType": 16,
                    "value": "/assets/img/olivia.jpg"
                  },
                  "name": {
                    "dataType": 7,
                    "value": "Olivia"
                  },
                  "title": {
                    "dataType": 7,
                    "value": "Designer"
                  },
                  "description": {
                    "dataType": 9,
                    "value": "Think in the morning. Act in the noon. Eat in the evening. Sleep in the night......"
                  }
                },
                {
                  "image": {
                    "dataType": 16,
                    "value": "/assets/img/Emily.jpg"
                  },
                  "name": {
                    "dataType": 7,
                    "value": "Mila Skylar"
                  },
                  "title": {
                    "dataType": 7,
                    "value": "Architect"
                  },
                  "description": {
                    "dataType": 9,
                    "value": "Love cures people - both the ones who give it and the ones who receive it..."
                  }
                },
                {
                  "image": {
                    "dataType": 16,
                    "value": "/assets/img/james.jpg"
                  },
                  "name": {
                    "dataType": 7,
                    "value": "Daniel Carter"
                  },
                  "title": {
                    "dataType": 7,
                    "value": "Aviation Inspector"
                  },
                  "description": {
                    "dataType": 9,
                    "value": "Keep your face always toward the sunshine - and shadows will fall behind you..."
                  }
                }
              ],
              "pageIndex": 0,
              "page": 1,
              "pageSize": 4,
              "totalItems": 4,
              "totalPage": 1
            },
            "postId": null,
            "pageId": 0,
            "isExportData": true,
            "isClone": false,
            "cultures": null,
            "priority": 10,
            "specificulture": "en-us"
          },
          "isClone": false,
          "cultures": null,
          "priority": 8,
          "specificulture": "en-us"
        },
        {
          "moduleId": 2,
          "pageId": 1,
          "isActived": false,
          "image": "assets/img/image_placeholder.jpg",
          "description": "Get In Touch",
          "module": {
            "id": 2,
            "name": "get_in_touch",
            "image": "assets/img/image_placeholder.jpg",
            "thumbnail": "/assets/img/image_placeholder.jpg",
            "template": "Modules/Get_In_Touch.cshtml",
            "formTemplate": "Forms/Get_In_Touch.cshtml",
            "edmTemplate": "Edms/_Default.cshtml",
            "title": "Get In Touch",
            "description": null,
            "fields": "[{\"name\":\"full_name\",\"title\":\"Full Name\",\"defaultValue\":null,\"options\":[],\"priority\":0,\"dataType\":7,\"isUnique\":false,\"isRequired\":true,\"isDisplay\":true,\"isSelect\":false,\"isGroupBy\":false,\"width\":3},{\"name\":\"email\",\"title\":\"Email\",\"defaultValue\":null,\"options\":[],\"priority\":0,\"dataType\":10,\"isUnique\":false,\"isRequired\":false,\"isDisplay\":false,\"isSelect\":false,\"isGroupBy\":false,\"width\":3},{\"name\":\"phone\",\"title\":\"Phone\",\"defaultValue\":null,\"options\":[],\"priority\":0,\"dataType\":10,\"isUnique\":false,\"isRequired\":false,\"isDisplay\":true,\"isSelect\":false,\"isGroupBy\":false,\"width\":3},{\"name\":\"address\",\"title\":\"Address\",\"defaultValue\":null,\"options\":[],\"priority\":0,\"dataType\":7,\"isUnique\":false,\"isRequired\":false,\"isDisplay\":false,\"isSelect\":false,\"isGroupBy\":false,\"width\":3},{\"name\":\"message\",\"title\":\"Message\",\"defaultValue\":null,\"options\":[],\"priority\":0,\"dataType\":9,\"isUnique\":false,\"isRequired\":true,\"isDisplay\":true,\"isSelect\":false,\"isGroupBy\":false,\"width\":3}]",
            "type": 1,
            "status": 2,
            "pageSize": null,
            "lastModified": "2019-12-21T07:13:07.64",
            "createdDateTime": "2019-12-21T07:13:07.64",
            "createdBy": null,
            "modifiedBy": null,
            "data": {
              "items": [],
              "jsonItems": [],
              "pageIndex": 0,
              "page": 1,
              "pageSize": 0,
              "totalItems": 0,
              "totalPage": 1
            },
            "postId": null,
            "pageId": 0,
            "isExportData": false,
            "isClone": false,
            "cultures": null,
            "priority": 13,
            "specificulture": "en-us"
          },
          "isClone": false,
          "cultures": null,
          "priority": 9,
          "specificulture": "en-us"
        },
        {
          "moduleId": 3,
          "pageId": 1,
          "isActived": false,
          "image": "content/templates/mixcore-demo/assets/images/agency-landing/2927262.jpg",
          "description": "Welcome",
          "module": {
            "id": 3,
            "name": "header",
            "image": "content/templates/mixcore-demo/assets/images/agency-landing/2927262.jpg",
            "thumbnail": "/assets/img/bg26.jpg",
            "template": "Modules/Welcome.cshtml",
            "formTemplate": "Forms/_Default.cshtml",
            "edmTemplate": "Edms/_Default.cshtml",
            "title": "Welcome",
            "description": "",
            "fields": "[]",
            "type": 0,
            "status": 2,
            "pageSize": null,
            "lastModified": "2019-12-21T07:13:07.873",
            "createdDateTime": "2019-12-21T07:13:07.873",
            "createdBy": null,
            "modifiedBy": null,
            "data": {
              "items": [],
              "jsonItems": [],
              "pageIndex": 0,
              "page": 1,
              "pageSize": 0,
              "totalItems": 0,
              "totalPage": 1
            },
            "postId": null,
            "pageId": 0,
            "isExportData": false,
            "isClone": false,
            "cultures": null,
            "priority": 14,
            "specificulture": "en-us"
          },
          "isClone": false,
          "cultures": null,
          "priority": 5,
          "specificulture": "en-us"
        },
        {
          "moduleId": 8,
          "pageId": 1,
          "isActived": false,
          "image": "assets/img/image_placeholder.jpg",
          "description": "Our Services",
          "module": {
            "id": 8,
            "name": "our_services",
            "image": "assets/img/image_placeholder.jpg",
            "thumbnail": "/assets/img/image_placeholder.jpg",
            "template": "Modules/Services.cshtml",
            "formTemplate": "Forms/_Default.cshtml",
            "edmTemplate": "Edms/_Default.cshtml",
            "title": "Our Services",
            "description": null,
            "fields": "[{\"name\":\"title\",\"title\":\"Title\",\"defaultValue\":null,\"options\":[],\"priority\":0,\"dataType\":7,\"isUnique\":false,\"isRequired\":false,\"isDisplay\":true,\"isSelect\":false,\"isGroupBy\":false,\"width\":3},{\"name\":\"description\",\"title\":\"Description\",\"defaultValue\":null,\"options\":[],\"priority\":0,\"dataType\":7,\"isUnique\":false,\"isRequired\":false,\"isDisplay\":true,\"isSelect\":false,\"isGroupBy\":false,\"width\":3},{\"name\":\"icon\",\"title\":\"Icon\",\"defaultValue\":null,\"options\":[],\"priority\":0,\"dataType\":19,\"isUnique\":false,\"isRequired\":false,\"isDisplay\":true,\"isSelect\":false,\"isGroupBy\":false,\"width\":3}]",
            "type": 1,
            "status": 2,
            "pageSize": null,
            "lastModified": "2019-12-22T10:40:20.853",
            "createdDateTime": "2019-12-22T10:40:20.853",
            "createdBy": null,
            "modifiedBy": null,
            "data": {
              "items": [],
              "jsonItems": [],
              "pageIndex": 0,
              "page": 1,
              "pageSize": 0,
              "totalItems": 0,
              "totalPage": 1
            },
            "postId": null,
            "pageId": 0,
            "isExportData": false,
            "isClone": false,
            "cultures": null,
            "priority": 19,
            "specificulture": "en-us"
          },
          "isClone": false,
          "cultures": null,
          "priority": 6,
          "specificulture": "en-us"
        },
        {
          "moduleId": 9,
          "pageId": 1,
          "isActived": false,
          "image": "assets/img/image_placeholder.jpg",
          "description": "Latest Posts",
          "module": {
            "id": 9,
            "name": "latest_posts",
            "image": "assets/img/image_placeholder.jpg",
            "thumbnail": "/assets/img/image_placeholder.jpg",
            "template": "Modules/Latest_Posts.cshtml",
            "formTemplate": "Forms/_Default.cshtml",
            "edmTemplate": "Edms/_Default.cshtml",
            "title": "Latest Posts",
            "description": null,
            "fields": "[]",
            "type": 2,
            "status": 2,
            "pageSize": null,
            "lastModified": "2019-12-23T06:46:27.82",
            "createdDateTime": "2019-12-23T06:46:27.82",
            "createdBy": null,
            "modifiedBy": null,
            "data": {
              "items": [],
              "jsonItems": [],
              "pageIndex": 0,
              "page": 1,
              "pageSize": 0,
              "totalItems": 0,
              "totalPage": 1
            },
            "postId": null,
            "pageId": 0,
            "isExportData": false,
            "isClone": false,
            "cultures": null,
            "priority": 20,
            "specificulture": "en-us"
          },
          "isClone": false,
          "cultures": null,
          "priority": 7,
          "specificulture": "en-us"
        }
      ],
      "urlAliases": null,
      "isExportData": true,
      "themeName": "default",
      "isClone": false,
      "cultures": [
        {
          "id": 1,
          "specificulture": "en-us",
          "lcid": null,
          "alias": null,
          "fullName": "United States - English",
          "description": "United States - English",
          "icon": "flag-icon-us",
          "isSupported": true
        }
      ],
      "priority": 0,
      "specificulture": "en-us"
    },
    {
      "id": 2,
      "template": "Pages/_Search.cshtml",
      "thumbnail": null,
      "image": "https://dev.mixcore.org/assets/img/bgs/tag.jpg",
      "icon": null,
      "cssClass": null,
      "layout": "Masters/_Layout",
      "title": "Tag",
      "excerpt": null,
      "content": null,
      "seoName": "tag",
      "seoTitle": "tag",
      "seoDescription": "tag",
      "seoKeywords": "tag",
      "source": null,
      "views": null,
      "type": 8,
      "status": 2,
      "createdDateTime": "2019-07-13T01:09:08.167",
      "updatedDateTime": null,
      "createdBy": "admin",
      "tags": null,
      "staticUrl": null,
      "level": 0,
      "lastModified": "2020-01-21T08:26:06.317",
      "modifiedBy": null,
      "pageSize": null,
      "moduleNavs": null,
      "urlAliases": null,
      "isExportData": true,
      "themeName": "default",
      "isClone": false,
      "cultures": null,
      "priority": 0,
      "specificulture": "en-us"
    },
    {
      "id": 3,
      "template": "Pages/_Search.cshtml",
      "thumbnail": null,
      "image": "assets/img/bgs/search.jpg",
      "icon": null,
      "cssClass": null,
      "layout": "Masters/_Default",
      "title": "Search",
      "excerpt": null,
      "content": null,
      "seoName": "search",
      "seoTitle": "search",
      "seoDescription": "search",
      "seoKeywords": "search",
      "source": null,
      "views": null,
      "type": 8,
      "status": 2,
      "createdDateTime": "2019-07-13T01:09:08.173",
      "updatedDateTime": null,
      "createdBy": "admin",
      "tags": null,
      "staticUrl": null,
      "level": 0,
      "lastModified": "2019-07-13T01:41:41.72",
      "modifiedBy": null,
      "pageSize": null,
      "moduleNavs": null,
      "urlAliases": null,
      "isExportData": true,
      "themeName": "default",
      "isClone": false,
      "cultures": null,
      "priority": 0,
      "specificulture": "en-us"
    },
    {
      "id": 4,
      "template": "Pages/_Blank.cshtml",
      "thumbnail": null,
      "image": "assets/img/bgs/404.jpg",
      "icon": null,
      "cssClass": null,
      "layout": "Masters/_Blank",
      "title": "404",
      "excerpt": null,
      "content": null,
      "seoName": "404",
      "seoTitle": "404",
      "seoDescription": "404",
      "seoKeywords": "404",
      "source": null,
      "views": null,
      "type": 8,
      "status": 2,
      "createdDateTime": "2019-07-13T01:09:08.177",
      "updatedDateTime": null,
      "createdBy": "admin",
      "tags": null,
      "staticUrl": null,
      "level": 0,
      "lastModified": "2019-07-13T01:43:50.107",
      "modifiedBy": null,
      "pageSize": null,
      "moduleNavs": null,
      "urlAliases": null,
      "isExportData": true,
      "themeName": "default",
      "isClone": false,
      "cultures": null,
      "priority": 0,
      "specificulture": "en-us"
    },
    {
      "id": 5,
      "template": "Pages/_Blank.cshtml",
      "thumbnail": null,
      "image": "assets/img/bgs/403.png",
      "icon": null,
      "cssClass": null,
      "layout": "Masters/_Blank",
      "title": "403",
      "excerpt": null,
      "content": null,
      "seoName": "403",
      "seoTitle": "403",
      "seoDescription": "403",
      "seoKeywords": "403",
      "source": null,
      "views": null,
      "type": 8,
      "status": 2,
      "createdDateTime": "2019-07-13T01:09:08.177",
      "updatedDateTime": null,
      "createdBy": "admin",
      "tags": null,
      "staticUrl": null,
      "level": 0,
      "lastModified": "2019-07-13T01:44:08.35",
      "modifiedBy": null,
      "pageSize": null,
      "moduleNavs": null,
      "urlAliases": null,
      "isExportData": true,
      "themeName": "default",
      "isClone": false,
      "cultures": null,
      "priority": 0,
      "specificulture": "en-us"
    },
    {
      "id": 6,
      "template": "Pages/_Blank.cshtml",
      "thumbnail": null,
      "image": "assets/img/bgs/500.png",
      "icon": null,
      "cssClass": null,
      "layout": "Masters/_Blank",
      "title": "500",
      "excerpt": null,
      "content": null,
      "seoName": "500",
      "seoTitle": "500",
      "seoDescription": "500",
      "seoKeywords": "500",
      "source": null,
      "views": null,
      "type": 8,
      "status": 2,
      "createdDateTime": "2019-07-13T01:09:08.177",
      "updatedDateTime": null,
      "createdBy": "admin",
      "tags": null,
      "staticUrl": null,
      "level": 0,
      "lastModified": "2019-07-13T01:46:15.697",
      "modifiedBy": null,
      "pageSize": null,
      "moduleNavs": null,
      "urlAliases": null,
      "isExportData": true,
      "themeName": "default",
      "isClone": false,
      "cultures": null,
      "priority": 0,
      "specificulture": "en-us"
    },
    {
      "id": 7,
      "template": "Pages/_Blank.cshtml",
      "thumbnail": null,
      "image": "assets/img/bgs/Maintenance.jpg",
      "icon": null,
      "cssClass": null,
      "layout": "Masters/_Blank",
      "title": "Maintenance",
      "excerpt": null,
      "content": null,
      "seoName": "maintenance",
      "seoTitle": "maintenance",
      "seoDescription": "maintenance",
      "seoKeywords": "maintenance",
      "source": null,
      "views": null,
      "type": 8,
      "status": 2,
      "createdDateTime": "2019-07-13T01:09:08.18",
      "updatedDateTime": null,
      "createdBy": "admin",
      "tags": null,
      "staticUrl": null,
      "level": 0,
      "lastModified": "2019-07-13T01:43:34.65",
      "modifiedBy": null,
      "pageSize": null,
      "moduleNavs": null,
      "urlAliases": null,
      "isExportData": true,
      "themeName": "default",
      "isClone": false,
      "cultures": null,
      "priority": 0,
      "specificulture": "en-us"
    },
    {
      "id": 8,
      "template": "Pages/Blog.cshtml",
      "thumbnail": null,
      "image": null,
      "icon": null,
      "cssClass": null,
      "layout": "Masters/_Layout",
      "title": "Blog",
      "excerpt": "Hello to my blog!",
      "content": "This is main blog page",
      "seoName": "blog",
      "seoTitle": "Blog",
      "seoDescription": "blog",
      "seoKeywords": "Blog",
      "source": null,
      "views": null,
      "type": 2,
      "status": 2,
      "createdDateTime": "2019-12-24T05:20:10.48",
      "updatedDateTime": null,
      "createdBy": "admin",
      "tags": null,
      "staticUrl": null,
      "level": 0,
      "lastModified": "2020-01-31T09:11:12.273",
      "modifiedBy": null,
      "pageSize": 6,
      "moduleNavs": null,
      "urlAliases": null,
      "isExportData": true,
      "themeName": "default",
      "isClone": false,
      "cultures": null,
      "priority": 1,
      "specificulture": "en-us"
    },
    {
      "id": 9,
      "template": "Pages/PWA_Index.cshtml",
      "thumbnail": null,
      "image": null,
      "icon": null,
      "cssClass": "main-content-container container-fluid px-4",
      "layout": "Masters/_Layout_PWA",
      "title": "PWA - Initial Screen",
      "excerpt": null,
      "content": null,
      "seoName": "pwa",
      "seoTitle": "PWA",
      "seoDescription": "pwa",
      "seoKeywords": "PWA",
      "source": null,
      "views": null,
      "type": 0,
      "status": 2,
      "createdDateTime": "2019-12-26T13:10:12.34",
      "updatedDateTime": null,
      "createdBy": "admin",
      "tags": null,
      "staticUrl": null,
      "level": 0,
      "lastModified": "2020-01-24T04:16:51.887",
      "modifiedBy": null,
      "pageSize": 20,
      "moduleNavs": null,
      "urlAliases": null,
      "isExportData": true,
      "themeName": "default",
      "isClone": false,
      "cultures": null,
      "priority": 2,
      "specificulture": "en-us"
    },
    {
      "id": 10,
      "template": "Pages/PWA_Google_Map.cshtml",
      "thumbnail": null,
      "image": null,
      "icon": null,
      "cssClass": "main-content-container-fullscreen container-fluid p-0",
      "layout": "Masters/_Layout_PWA",
      "title": "PWA - Google Map",
      "excerpt": null,
      "content": null,
      "seoName": "pwa-google-map",
      "seoTitle": "PWA - Google Map",
      "seoDescription": "pwa--google-map",
      "seoKeywords": "PWA - Google Map",
      "source": null,
      "views": null,
      "type": 0,
      "status": 2,
      "createdDateTime": "2019-12-26T13:29:54.957",
      "updatedDateTime": null,
      "createdBy": "admin",
      "tags": null,
      "staticUrl": null,
      "level": 0,
      "lastModified": "2020-01-31T09:03:57.177",
      "modifiedBy": null,
      "pageSize": 20,
      "moduleNavs": null,
      "urlAliases": null,
      "isExportData": true,
      "themeName": "default",
      "isClone": false,
      "cultures": null,
      "priority": 3,
      "specificulture": "en-us"
    },
    {
      "id": 11,
      "template": "Pages/Vue_Home.cshtml",
      "thumbnail": null,
      "image": null,
      "icon": null,
      "cssClass": null,
      "layout": "Masters/_Layout_Vue",
      "title": "Vue - Initial Screen",
      "excerpt": "Test VueJS + Quasar",
      "content": null,
      "seoName": "vue-initial-screen",
      "seoTitle": "Home Vue",
      "seoDescription": "home-vue",
      "seoKeywords": "Home Vue",
      "source": null,
      "views": null,
      "type": 0,
      "status": 2,
      "createdDateTime": "2020-01-10T09:56:21.4",
      "updatedDateTime": null,
      "createdBy": "admin",
      "tags": null,
      "staticUrl": null,
      "level": 0,
      "lastModified": "2020-02-01T12:57:34.04",
      "modifiedBy": null,
      "pageSize": 20,
      "moduleNavs": null,
      "urlAliases": null,
      "isExportData": true,
      "themeName": "default",
      "isClone": false,
      "cultures": null,
      "priority": 4,
      "specificulture": "en-us"
    },
    {
      "id": 12,
      "template": "Pages/vue-google-map.cshtml",
      "thumbnail": null,
      "image": null,
      "icon": null,
      "cssClass": null,
      "layout": "Masters/_Blank",
      "title": "Vue - Google Map",
      "excerpt": null,
      "content": null,
      "seoName": "vue-google-map.vue",
      "seoTitle": "Vue - Google Map",
      "seoDescription": "vue--google-map",
      "seoKeywords": "Vue - Google Map",
      "source": null,
      "views": null,
      "type": 0,
      "status": 2,
      "createdDateTime": "2020-01-10T13:31:56.55",
      "updatedDateTime": null,
      "createdBy": "admin",
      "tags": null,
      "staticUrl": null,
      "level": 0,
      "lastModified": "2020-01-15T05:17:55.083",
      "modifiedBy": null,
      "pageSize": 20,
      "moduleNavs": null,
      "urlAliases": null,
      "isExportData": true,
      "themeName": "default",
      "isClone": false,
      "cultures": null,
      "priority": 5,
      "specificulture": "en-us"
    },
    {
      "id": 13,
      "template": "Pages/quasar-home.cshtml",
      "thumbnail": null,
      "image": null,
      "icon": null,
      "cssClass": null,
      "layout": "Masters/_Quasar",
      "title": "Quasar - Initial Screen",
      "excerpt": null,
      "content": null,
      "seoName": "quasar-initial-screen",
      "seoTitle": "Quasar - Initial Screen",
      "seoDescription": "quasar--initial-screen",
      "seoKeywords": "Quasar - Initial Screen",
      "source": null,
      "views": null,
      "type": 0,
      "status": 2,
      "createdDateTime": "2020-01-14T12:51:48.337",
      "updatedDateTime": null,
      "createdBy": "admin",
      "tags": null,
      "staticUrl": null,
      "level": 0,
      "lastModified": "2020-02-01T12:59:21.75",
      "modifiedBy": null,
      "pageSize": 20,
      "moduleNavs": null,
      "urlAliases": null,
      "isExportData": true,
      "themeName": "default",
      "isClone": false,
      "cultures": null,
      "priority": 6,
      "specificulture": "en-us"
    },
    {
      "id": 14,
      "template": "Pages/quasarvue-home.cshtml",
      "thumbnail": null,
      "image": null,
      "icon": null,
      "cssClass": null,
      "layout": "Masters/_Quasar",
      "title": "SPA - Quasar-Vue",
      "excerpt": null,
      "content": null,
      "seoName": "spa-quasar-vue",
      "seoTitle": "SPA - Quasar-Vue",
      "seoDescription": "spa--quasarvue",
      "seoKeywords": "SPA - Quasar-Vue",
      "source": null,
      "views": null,
      "type": 0,
      "status": 2,
      "createdDateTime": "2020-01-17T09:08:04.697",
      "updatedDateTime": null,
      "createdBy": "admin",
      "tags": null,
      "staticUrl": null,
      "level": 0,
      "lastModified": "2020-01-24T04:04:54.077",
      "modifiedBy": null,
      "pageSize": 20,
      "moduleNavs": null,
      "urlAliases": null,
      "isExportData": true,
      "themeName": "default",
      "isClone": false,
      "cultures": null,
      "priority": 7,
      "specificulture": "en-us"
    },
    {
      "id": 15,
      "template": "Pages/vue-google-map.cshtml",
      "thumbnail": null,
      "image": null,
      "icon": null,
      "cssClass": null,
      "layout": "Masters/_Layout",
      "title": "teat alias",
      "excerpt": null,
      "content": null,
      "seoName": "teat-alias",
      "seoTitle": "teat alias",
      "seoDescription": "teat-alias",
      "seoKeywords": "teat alias",
      "source": null,
      "views": null,
      "type": 0,
      "status": 2,
      "createdDateTime": "2020-01-24T03:12:24.217",
      "updatedDateTime": null,
      "createdBy": "admin",
      "tags": null,
      "staticUrl": null,
      "level": 0,
      "lastModified": "2020-01-24T03:12:24.217",
      "modifiedBy": null,
      "pageSize": 20,
      "moduleNavs": null,
      "urlAliases": null,
      "isExportData": true,
      "themeName": "default",
      "isClone": false,
      "cultures": null,
      "priority": 8,
      "specificulture": "en-us"
    }
  ],
  "modules": [
    {
      "id": 1,
      "name": "testimonials",
      "image": "assets/img/image_placeholder.jpg",
      "thumbnail": "/assets/img/image_placeholder.jpg",
      "template": "Modules/Testimonial-3.cshtml",
      "formTemplate": "Forms/_Default.cshtml",
      "edmTemplate": "Edms/_Default.cshtml",
      "title": "Testimonials",
      "description": null,
      "fields": "[{\"name\":\"image\",\"title\":\"Image\",\"defaultValue\":null,\"options\":[],\"priority\":0,\"dataType\":16,\"isUnique\":false,\"isRequired\":true,\"isDisplay\":true,\"isSelect\":false,\"isGroupBy\":false,\"width\":3},{\"name\":\"name\",\"title\":\"Name\",\"defaultValue\":null,\"options\":[],\"priority\":0,\"dataType\":7,\"isUnique\":false,\"isRequired\":false,\"isDisplay\":true,\"isSelect\":false,\"isGroupBy\":false,\"width\":3},{\"name\":\"title\",\"title\":\"Title\",\"defaultValue\":null,\"options\":[],\"priority\":0,\"dataType\":7,\"isUnique\":false,\"isRequired\":false,\"isDisplay\":true,\"isSelect\":false,\"isGroupBy\":false,\"width\":3},{\"name\":\"description\",\"title\":\"Description\",\"defaultValue\":null,\"options\":[],\"priority\":0,\"dataType\":9,\"isUnique\":false,\"isRequired\":false,\"isDisplay\":false,\"isSelect\":false,\"isGroupBy\":false,\"width\":3}]",
      "type": 1,
      "status": 2,
      "pageSize": 9,
      "lastModified": "2019-12-21T07:13:07.11",
      "createdDateTime": "2019-12-21T07:13:07.11",
      "createdBy": null,
      "modifiedBy": null,
      "data": {
        "items": [],
        "jsonItems": [],
        "pageIndex": 0,
        "page": 1,
        "pageSize": 0,
        "totalItems": 0,
        "totalPage": 1
      },
      "postId": null,
      "pageId": 0,
      "isExportData": true,
      "isClone": false,
      "cultures": null,
      "priority": 10,
      "specificulture": "en-us"
    },
    {
      "id": 2,
      "name": "get_in_touch",
      "image": "assets/img/image_placeholder.jpg",
      "thumbnail": "/assets/img/image_placeholder.jpg",
      "template": "Modules/Get_In_Touch.cshtml",
      "formTemplate": "Forms/Get_In_Touch.cshtml",
      "edmTemplate": "Edms/_Default.cshtml",
      "title": "Get In Touch",
      "description": null,
      "fields": "[{\"name\":\"full_name\",\"title\":\"Full Name\",\"defaultValue\":null,\"options\":[],\"priority\":0,\"dataType\":7,\"isUnique\":false,\"isRequired\":true,\"isDisplay\":true,\"isSelect\":false,\"isGroupBy\":false,\"width\":3},{\"name\":\"email\",\"title\":\"Email\",\"defaultValue\":null,\"options\":[],\"priority\":0,\"dataType\":10,\"isUnique\":false,\"isRequired\":false,\"isDisplay\":false,\"isSelect\":false,\"isGroupBy\":false,\"width\":3},{\"name\":\"phone\",\"title\":\"Phone\",\"defaultValue\":null,\"options\":[],\"priority\":0,\"dataType\":10,\"isUnique\":false,\"isRequired\":false,\"isDisplay\":true,\"isSelect\":false,\"isGroupBy\":false,\"width\":3},{\"name\":\"address\",\"title\":\"Address\",\"defaultValue\":null,\"options\":[],\"priority\":0,\"dataType\":7,\"isUnique\":false,\"isRequired\":false,\"isDisplay\":false,\"isSelect\":false,\"isGroupBy\":false,\"width\":3},{\"name\":\"message\",\"title\":\"Message\",\"defaultValue\":null,\"options\":[],\"priority\":0,\"dataType\":9,\"isUnique\":false,\"isRequired\":true,\"isDisplay\":true,\"isSelect\":false,\"isGroupBy\":false,\"width\":3}]",
      "type": 1,
      "status": 2,
      "pageSize": null,
      "lastModified": "2019-12-21T07:13:07.64",
      "createdDateTime": "2019-12-21T07:13:07.64",
      "createdBy": null,
      "modifiedBy": null,
      "data": {
        "items": [],
        "jsonItems": [],
        "pageIndex": 0,
        "page": 1,
        "pageSize": 0,
        "totalItems": 0,
        "totalPage": 1
      },
      "postId": null,
      "pageId": 0,
      "isExportData": true,
      "isClone": false,
      "cultures": null,
      "priority": 13,
      "specificulture": "en-us"
    },
    {
      "id": 3,
      "name": "header",
      "image": "content/templates/mixcore-demo/assets/images/agency-landing/2927262.jpg",
      "thumbnail": "/assets/img/bg26.jpg",
      "template": "Modules/Welcome.cshtml",
      "formTemplate": "Forms/_Default.cshtml",
      "edmTemplate": "Edms/_Default.cshtml",
      "title": "Welcome",
      "description": "",
      "fields": "[]",
      "type": 0,
      "status": 2,
      "pageSize": null,
      "lastModified": "2019-12-21T07:13:07.873",
      "createdDateTime": "2019-12-21T07:13:07.873",
      "createdBy": null,
      "modifiedBy": null,
      "data": {
        "items": [],
        "jsonItems": [],
        "pageIndex": 0,
        "page": 1,
        "pageSize": 0,
        "totalItems": 0,
        "totalPage": 1
      },
      "postId": null,
      "pageId": 0,
      "isExportData": true,
      "isClone": false,
      "cultures": null,
      "priority": 14,
      "specificulture": "en-us"
    },
    {
      "id": 4,
      "name": "features",
      "image": null,
      "thumbnail": null,
      "template": "Modules/Feature-3.cshtml",
      "formTemplate": "Forms/_Default.cshtml",
      "edmTemplate": "Edms/_Default.cshtml",
      "title": "Features",
      "description": "",
      "fields": "[{\"name\":\"title\",\"title\":\"Title\",\"defaultValue\":null,\"options\":[],\"priority\":0,\"dataType\":7,\"isUnique\":false,\"isRequired\":true,\"isDisplay\":true,\"isSelect\":false,\"isGroupBy\":false,\"width\":3},{\"name\":\"category\",\"title\":\"Category\",\"defaultValue\":null,\"options\":[],\"priority\":0,\"dataType\":7,\"isUnique\":false,\"isRequired\":false,\"isDisplay\":false,\"isSelect\":false,\"isGroupBy\":false,\"width\":3},{\"name\":\"description\",\"title\":\"Description\",\"defaultValue\":null,\"options\":[],\"priority\":0,\"dataType\":9,\"isUnique\":false,\"isRequired\":false,\"isDisplay\":false,\"isSelect\":false,\"isGroupBy\":false,\"width\":3},{\"name\":\"icon\",\"title\":\"Icon\",\"defaultValue\":null,\"options\":[\"now-ui-icons objects_globe\",\"now-ui-icons education_atom\",\"now-ui-icons tech_watch-time\"],\"priority\":0,\"dataType\":19,\"isUnique\":false,\"isRequired\":false,\"isDisplay\":true,\"isSelect\":true,\"isGroupBy\":false,\"width\":3},{\"name\":\"color\",\"title\":\"Color\",\"defaultValue\":null,\"options\":[\"success\",\"info\",\"warning\",\"danger\"],\"priority\":0,\"dataType\":7,\"isUnique\":false,\"isRequired\":false,\"isDisplay\":true,\"isSelect\":true,\"isGroupBy\":false,\"width\":3}]",
      "type": 1,
      "status": 2,
      "pageSize": null,
      "lastModified": "2019-12-21T07:13:08.303",
      "createdDateTime": "2019-12-21T07:13:08.303",
      "createdBy": null,
      "modifiedBy": null,
      "data": {
        "items": [],
        "jsonItems": [],
        "pageIndex": 0,
        "page": 1,
        "pageSize": 0,
        "totalItems": 0,
        "totalPage": 1
      },
      "postId": null,
      "pageId": 0,
      "isExportData": true,
      "isClone": false,
      "cultures": null,
      "priority": 17,
      "specificulture": "en-us"
    },
    {
      "id": 5,
      "name": "products",
      "image": null,
      "thumbnail": null,
      "template": "Modules/Products.cshtml",
      "formTemplate": "Forms/_Default.cshtml",
      "edmTemplate": "Edms/_Default.cshtml",
      "title": "Products",
      "description": "",
      "fields": "[{\"name\":\"title\",\"title\":\"Title\",\"defaultValue\":null,\"options\":[],\"priority\":0,\"dataType\":7,\"isUnique\":false,\"isRequired\":false,\"isDisplay\":true,\"isSelect\":false,\"isGroupBy\":false,\"width\":3},{\"name\":\"category\",\"title\":\"Category\",\"defaultValue\":null,\"options\":[],\"priority\":0,\"dataType\":7,\"isUnique\":false,\"isRequired\":false,\"isDisplay\":true,\"isSelect\":false,\"isGroupBy\":false,\"width\":3},{\"name\":\"image\",\"title\":\"Image\",\"defaultValue\":null,\"options\":[],\"priority\":0,\"dataType\":16,\"isUnique\":false,\"isRequired\":false,\"isDisplay\":true,\"isSelect\":false,\"isGroupBy\":false,\"width\":3},{\"name\":\"excerpt\",\"title\":\"Excerpt\",\"defaultValue\":null,\"options\":[],\"priority\":0,\"dataType\":9,\"isUnique\":false,\"isRequired\":false,\"isDisplay\":false,\"isSelect\":false,\"isGroupBy\":false,\"width\":3},{\"name\":\"body\",\"title\":\"Body\",\"defaultValue\":null,\"options\":[],\"priority\":0,\"dataType\":8,\"isUnique\":false,\"isRequired\":false,\"isDisplay\":false,\"isSelect\":false,\"isGroupBy\":false,\"width\":3}]",
      "type": 1,
      "status": 2,
      "pageSize": null,
      "lastModified": "2019-12-21T07:13:09.06",
      "createdDateTime": "2019-12-21T07:13:09.06",
      "createdBy": null,
      "modifiedBy": null,
      "data": {
        "items": [],
        "jsonItems": [],
        "pageIndex": 0,
        "page": 1,
        "pageSize": 0,
        "totalItems": 0,
        "totalPage": 1
      },
      "postId": null,
      "pageId": 0,
      "isExportData": true,
      "isClone": false,
      "cultures": null,
      "priority": 18,
      "specificulture": "en-us"
    },
    {
      "id": 6,
      "name": "banners",
      "image": null,
      "thumbnail": null,
      "template": "Modules/Banners.cshtml",
      "formTemplate": "Forms/_Default.cshtml",
      "edmTemplate": "Edms/_Default.cshtml",
      "title": "Banners",
      "description": null,
      "fields": "[{\"name\":\"title\",\"title\":\"Title\",\"defaultValue\":null,\"options\":[],\"priority\":0,\"dataType\":7,\"isUnique\":false,\"isRequired\":false,\"isDisplay\":true,\"isSelect\":false,\"isGroupBy\":false,\"width\":3},{\"name\":\"description\",\"title\":\"Description\",\"defaultValue\":null,\"options\":[],\"priority\":0,\"dataType\":8,\"isUnique\":false,\"isRequired\":false,\"isDisplay\":false,\"isSelect\":false,\"isGroupBy\":false,\"width\":3},{\"name\":\"url\",\"title\":\"Url\",\"defaultValue\":null,\"options\":[],\"priority\":0,\"dataType\":7,\"isUnique\":false,\"isRequired\":false,\"isDisplay\":false,\"isSelect\":false,\"isGroupBy\":false,\"width\":3},{\"name\":\"image\",\"title\":\"Image\",\"defaultValue\":null,\"options\":[],\"priority\":0,\"dataType\":16,\"isUnique\":false,\"isRequired\":false,\"isDisplay\":true,\"isSelect\":false,\"isGroupBy\":false,\"width\":3},{\"name\":\"image_mobile\",\"title\":\"Image Mobile\",\"defaultValue\":null,\"options\":[],\"priority\":0,\"dataType\":16,\"isUnique\":false,\"isRequired\":false,\"isDisplay\":true,\"isSelect\":false,\"isGroupBy\":false,\"width\":3}]",
      "type": 1,
      "status": 2,
      "pageSize": 4,
      "lastModified": "2018-11-25T13:15:53.3",
      "createdDateTime": "2019-12-21T07:13:11.107",
      "createdBy": null,
      "modifiedBy": null,
      "data": {
        "items": [],
        "jsonItems": [],
        "pageIndex": 0,
        "page": 1,
        "pageSize": 0,
        "totalItems": 0,
        "totalPage": 1
      },
      "postId": null,
      "pageId": 0,
      "isExportData": true,
      "isClone": false,
      "cultures": null,
      "priority": 4,
      "specificulture": "en-us"
    },
    {
      "id": 7,
      "name": "social",
      "image": "assets/img/image_placeholder.jpg",
      "thumbnail": "/assets/img/image_placeholder.jpg",
      "template": "Modules/Socials.cshtml",
      "formTemplate": "Forms/_Default.cshtml",
      "edmTemplate": "Edms/_Default.cshtml",
      "title": "Social",
      "description": null,
      "fields": "[{\"name\":\"uri\",\"title\":\"Uri\",\"defaultValue\":null,\"options\":[],\"priority\":0,\"dataType\":7,\"isUnique\":false,\"isRequired\":false,\"isDisplay\":true,\"isSelect\":false,\"isGroupBy\":false,\"width\":3},{\"name\":\"icon\",\"title\":\"Icon\",\"defaultValue\":null,\"options\":[\"fab fa-facebook\",\"fab fa-twitter\",\"fab fa-instagram\",\"fab fa-youtube\",\"fab fa-dribbble\"],\"priority\":0,\"dataType\":19,\"isUnique\":false,\"isRequired\":false,\"isDisplay\":true,\"isSelect\":true,\"isGroupBy\":false,\"width\":3},{\"name\":\"title\",\"title\":\"Title\",\"defaultValue\":null,\"options\":[],\"priority\":0,\"dataType\":7,\"isUnique\":false,\"isRequired\":false,\"isDisplay\":true,\"isSelect\":false,\"isGroupBy\":false,\"width\":3},{\"name\":\"description\",\"title\":\"Description\",\"defaultValue\":null,\"options\":[],\"priority\":0,\"dataType\":7,\"isUnique\":false,\"isRequired\":false,\"isDisplay\":false,\"isSelect\":false,\"isGroupBy\":false,\"width\":3}]",
      "type": 1,
      "status": 2,
      "pageSize": null,
      "lastModified": "2018-11-25T13:08:46.607",
      "createdDateTime": "2019-12-21T07:13:11.393",
      "createdBy": null,
      "modifiedBy": null,
      "data": {
        "items": [],
        "jsonItems": [],
        "pageIndex": 0,
        "page": 1,
        "pageSize": 0,
        "totalItems": 0,
        "totalPage": 1
      },
      "postId": null,
      "pageId": 0,
      "isExportData": true,
      "isClone": false,
      "cultures": null,
      "priority": 2,
      "specificulture": "en-us"
    },
    {
      "id": 8,
      "name": "our_services",
      "image": "assets/img/image_placeholder.jpg",
      "thumbnail": "/assets/img/image_placeholder.jpg",
      "template": "Modules/Services.cshtml",
      "formTemplate": "Forms/_Default.cshtml",
      "edmTemplate": "Edms/_Default.cshtml",
      "title": "Our Services",
      "description": null,
      "fields": "[{\"name\":\"title\",\"title\":\"Title\",\"defaultValue\":null,\"options\":[],\"priority\":0,\"dataType\":7,\"isUnique\":false,\"isRequired\":false,\"isDisplay\":true,\"isSelect\":false,\"isGroupBy\":false,\"width\":3},{\"name\":\"description\",\"title\":\"Description\",\"defaultValue\":null,\"options\":[],\"priority\":0,\"dataType\":7,\"isUnique\":false,\"isRequired\":false,\"isDisplay\":true,\"isSelect\":false,\"isGroupBy\":false,\"width\":3},{\"name\":\"icon\",\"title\":\"Icon\",\"defaultValue\":null,\"options\":[],\"priority\":0,\"dataType\":19,\"isUnique\":false,\"isRequired\":false,\"isDisplay\":true,\"isSelect\":false,\"isGroupBy\":false,\"width\":3}]",
      "type": 1,
      "status": 2,
      "pageSize": null,
      "lastModified": "2019-12-22T10:40:20.853",
      "createdDateTime": "2019-12-22T10:40:20.853",
      "createdBy": null,
      "modifiedBy": null,
      "data": {
        "items": [],
        "jsonItems": [],
        "pageIndex": 0,
        "page": 1,
        "pageSize": 0,
        "totalItems": 0,
        "totalPage": 1
      },
      "postId": null,
      "pageId": 0,
      "isExportData": true,
      "isClone": false,
      "cultures": null,
      "priority": 19,
      "specificulture": "en-us"
    },
    {
      "id": 9,
      "name": "latest_posts",
      "image": "assets/img/image_placeholder.jpg",
      "thumbnail": "/assets/img/image_placeholder.jpg",
      "template": "Modules/Latest_Posts.cshtml",
      "formTemplate": "Forms/_Default.cshtml",
      "edmTemplate": "Edms/_Default.cshtml",
      "title": "Latest Posts",
      "description": null,
      "fields": "[]",
      "type": 2,
      "status": 2,
      "pageSize": null,
      "lastModified": "2019-12-23T06:46:27.82",
      "createdDateTime": "2019-12-23T06:46:27.82",
      "createdBy": null,
      "modifiedBy": null,
      "data": {
        "items": [],
        "jsonItems": [],
        "pageIndex": 0,
        "page": 1,
        "pageSize": 0,
        "totalItems": 0,
        "totalPage": 1
      },
      "postId": null,
      "pageId": 0,
      "isExportData": true,
      "isClone": false,
      "cultures": null,
      "priority": 20,
      "specificulture": "en-us"
    },
    {
      "id": 10,
      "name": "vue_hello_world",
      "image": "assets/img/image_placeholder.jpg",
      "thumbnail": "/assets/img/image_placeholder.jpg",
      "template": "Modules/vue-hello-world.cshtml",
      "formTemplate": "Forms/_Default.cshtml",
      "edmTemplate": "Edms/_Default.cshtml",
      "title": "Vue - Hello world",
      "description": null,
      "fields": "[]",
      "type": 0,
      "status": 2,
      "pageSize": null,
      "lastModified": "2020-01-10T12:56:00.197",
      "createdDateTime": "2020-01-10T12:56:00.197",
      "createdBy": null,
      "modifiedBy": null,
      "data": {
        "items": [],
        "jsonItems": [],
        "pageIndex": 0,
        "page": 1,
        "pageSize": 0,
        "totalItems": 0,
        "totalPage": 1
      },
      "postId": null,
      "pageId": 0,
      "isExportData": true,
      "isClone": false,
      "cultures": null,
      "priority": 21,
      "specificulture": "en-us"
    },
    {
      "id": 11,
      "name": "vue_google_map",
      "image": "assets/img/image_placeholder.jpg",
      "thumbnail": "/assets/img/image_placeholder.jpg",
      "template": "Modules/vue-google-map.cshtml",
      "formTemplate": "Forms/_Default.cshtml",
      "edmTemplate": "Edms/_Default.cshtml",
      "title": "Vue - Google Map",
      "description": null,
      "fields": "[]",
      "type": 0,
      "status": 2,
      "pageSize": null,
      "lastModified": "2020-01-14T13:58:09.74",
      "createdDateTime": "2020-01-14T13:58:09.74",
      "createdBy": null,
      "modifiedBy": null,
      "data": {
        "items": [],
        "jsonItems": [],
        "pageIndex": 0,
        "page": 1,
        "pageSize": 0,
        "totalItems": 0,
        "totalPage": 1
      },
      "postId": null,
      "pageId": 0,
      "isExportData": true,
      "isClone": false,
      "cultures": null,
      "priority": 22,
      "specificulture": "en-us"
    }
  ],
  "attributeSets": [
    {
      "id": 1,
      "ReferenceId": null,
      "type": 0,
      "title": "Menu Item",
      "name": "sys_menu_item",
      "description": null,
      "formTemplate": "Forms/Get_In_Touch.cshtml",
      "edmTemplate": "Edms/_Default.cshtml",
      "edmSubject": null,
      "edmFrom": null,
      "edmAutoSend": null,
      "createdDateTime": "2019-12-21T07:12:38.373",
      "status": 2,
      "fields": null,
      "isExportData": true,
      "isClone": false,
      "cultures": null,
      "priority": 0,
      "specificulture": null
    },
    {
      "id": 2,
      "ReferenceId": null,
      "type": 0,
      "title": "Navigation",
      "name": "sys_navigation",
      "description": null,
      "formTemplate": "Forms/Get_In_Touch.cshtml",
      "edmTemplate": "Edms/_Default.cshtml",
      "edmSubject": null,
      "edmFrom": null,
      "edmAutoSend": null,
      "createdDateTime": "2019-12-21T07:12:39.187",
      "status": 0,
      "fields": null,
      "isExportData": true,
      "isClone": false,
      "cultures": null,
      "priority": 0,
      "specificulture": null
    },
    {
      "id": 3,
      "ReferenceId": null,
      "type": 0,
      "title": "Page",
      "name": "sys_additional_field_page",
      "description": null,
      "formTemplate": "Forms/Get_In_Touch.cshtml",
      "edmTemplate": "Edms/_Default.cshtml",
      "edmSubject": null,
      "edmFrom": null,
      "edmAutoSend": null,
      "createdDateTime": "2019-12-21T07:12:39.437",
      "status": 0,
      "fields": null,
      "isExportData": true,
      "isClone": false,
      "cultures": null,
      "priority": 0,
      "specificulture": null
    },
    {
      "id": 4,
      "ReferenceId": null,
      "type": 0,
      "title": "Module",
      "name": "sys_additional_field_module",
      "description": null,
      "formTemplate": "Forms/Get_In_Touch.cshtml",
      "edmTemplate": "Edms/_Default.cshtml",
      "edmSubject": null,
      "edmFrom": null,
      "edmAutoSend": null,
      "createdDateTime": "2019-12-21T07:12:39.467",
      "status": 0,
      "fields": null,
      "isExportData": true,
      "isClone": false,
      "cultures": null,
      "priority": 0,
      "specificulture": null
    },
    {
      "id": 5,
      "ReferenceId": null,
      "type": 0,
      "title": "Post",
      "name": "sys_additional_field_post",
      "description": null,
      "formTemplate": "Forms/Get_In_Touch.cshtml",
      "edmTemplate": "Edms/_Default.cshtml",
      "edmSubject": null,
      "edmFrom": null,
      "edmAutoSend": null,
      "createdDateTime": "2019-12-21T07:12:39.503",
      "status": 0,
      "fields": null,
      "isExportData": true,
      "isClone": false,
      "cultures": null,
      "priority": 0,
      "specificulture": null
    },
    {
      "id": 6,
      "ReferenceId": null,
      "type": 0,
      "title": "Additional Field",
      "name": "sys_additional_field",
      "description": null,
      "formTemplate": "Forms/Get_In_Touch.cshtml",
      "edmTemplate": "Edms/_Default.cshtml",
      "edmSubject": null,
      "edmFrom": null,
      "edmAutoSend": null,
      "createdDateTime": "2019-12-22T02:27:18.56",
      "status": 0,
      "fields": null,
      "isExportData": true,
      "isClone": false,
      "cultures": null,
      "priority": 1,
      "specificulture": null
    },
    {
      "id": 7,
      "ReferenceId": null,
      "type": 0,
      "title": "Category",
      "name": "sys_category",
      "description": null,
      "formTemplate": null,
      "edmTemplate": null,
      "edmSubject": null,
      "edmFrom": null,
      "edmAutoSend": null,
      "createdDateTime": "2020-01-09T08:45:16.957",
      "status": 0,
      "fields": null,
      "isExportData": true,
      "isClone": false,
      "cultures": null,
      "priority": 2,
      "specificulture": null
    },
    {
      "id": 8,
      "ReferenceId": null,
      "type": 0,
      "title": "Tag",
      "name": "sys_tag",
      "description": null,
      "formTemplate": "Forms/Get_In_Touch.cshtml",
      "edmTemplate": "Edms/_Default.cshtml",
      "edmSubject": null,
      "edmFrom": null,
      "edmAutoSend": null,
      "createdDateTime": "2020-01-09T08:50:56.447",
      "status": 0,
      "fields": null,
      "isExportData": true,
      "isClone": false,
      "cultures": null,
      "priority": 3,
      "specificulture": null
    }
  ],
  "configurations": null,
  "relatedData": [
    {
      "id": "da076aca-975e-4a89-ae8b-47c7ec26f859",
      "parentId": "1",
      "parentType": 4,
      "attributeSetId": 4,
      "createdDateTime": "2019-12-27T12:31:44.53",
      "status": 0,
      "description": null,
      "isClone": false,
      "cultures": null,
      "priority": 0,
      "specificulture": "en-us"
    }
  ],
  "attributeSetDatas": [],
  "specificulture": "en-us",
  "themeName": "mixcore-demo"
}
