﻿{
    "Account": "", // https://localhost:5002
    "Common": "", // https://localhost:5004
    "Portal": "", // https://localhost:5006
    "Theme": "", // https://localhost:5008
    "Mixcore": "", // 
    "Messenger": "", // https://localhost:5012
    "Scheduler": "", // https://localhost:5014
    "Grpc": "", // https://localhost:5016
    "Storage": "", // https://localhost:5018
    "Store": "https://store.mixcore.org",
    "UniversalPortal": "https://universal.mixcore.net",
    "UniversalPortalDev": "https://mix-portal-angular.vercel.app",
    "LocalPortalDev": "http://localhost:4200"
}