{
  "items": [
    {
      "path": "/admin",
      "icon": "mi mi-Tiles",
      "svg": "tabler-icon-smart-home.svg",
      "title": "Dashboard",
      "subMenus": []
    },
    {
      "path": "/admin/scheduler",
      "icon": "mi mi-Tiles",
      "svg": "tabler-icon-smart-home.svg",
      "title": "Scheduler",
      "subMenus": []
    },
    {
      "title": "Tenants",
      "path": "#",
      "icon": "mi mi-ReadingList",
      "svg": "tabler-icon-notebook.svg",
      "subMenus": [
        {
          "title": "Create Tenant",
          "icon": "mi mi-Add",
          "path": "/admin/tenant/create"
        },
        {
          "path": "/admin/tenant/list",
          "title": "List Tenant",
          "icon": "mi mi-List"
        },
        {
          "path": "/admin/domain/list",
          "title": "List Domain",
          "icon": "mi mi-List"
        }
      ]
    },
    {
      "title": "Applications",
      "path": "#",
      "icon": "mi mi-ReadingList",
      "svg": "tabler-icon-notebook.svg",
      "subMenus": [
        {
          "title": "Create Applications",
          "icon": "mi mi-Add",
          "path": "/admin/mix-application/create"
        },
        {
          "path": "/admin/mix-application/list",
          "title": "List Applications",
          "icon": "mi mi-List"
        }
      ]
    },
    {
      "title": "Posts",
      "path": "#",
      "icon": "mi mi-ReadingList",
      "svg": "tabler-icon-notebook.svg",
      "subMenus": [
        {
          "title": "Create Post",
          "icon": "mi mi-Add",
          "path": "/admin/post/create"
        },
        {
          "path": "/admin/post/list",
          "title": "List Post",
          "icon": "mi mi-List"
        }
      ]
    },
    {
      "title": "Pages",
      "path": "#",
      "icon": "mi mi-Page",
      "svg": "tabler-icon-file-horizontal.svg",
      "subMenus": [
        {
          "title": "Create",
          "icon": "mi mi-Add",
          "path": "/admin/page/create"
        },
        {
          "path": "/admin/page/list",
          "title": "List Page",
          "icon": "mi mi-List"
        }
      ]
    },
    {
      "title": "Metadata",
      "path": "#",
      "icon": "mi mi-Tag",
      "svg": "tabler-icon-tag.svg",
      "subMenus": [
        {
          "title": "Create New",
          "icon": "mi mi-Add",
          "path": "/admin/mix-database-data/create?mixDatabaseName=metadata&mixDatabaseTitle=Metadata"
        },
        {
          "path": "/admin/mix-database-data/list?mixDatabaseName=Metadata&mixDatabaseTitle=Metadata&isGroup=true",
          "title": "List",
          "icon": "mi mi-List"
        }
      ]
    },
    {
      "title": "Media",
      "path": "#",
      "icon": "mi mi-Media",
      "svg": "tabler-icon-photo.svg",
      "subMenus": [
        {
          "title": "Create New",
          "icon": "mi mi-Add",
          "path": "/admin/media/create"
        },
        {
          "path": "/admin/media/list",
          "title": "List",
          "icon": "mi mi-List"
        }
      ]
    },
    {
      "title": "Modules",
      "path": "#",
      "icon": "mi mi-Puzzle",
      "svg": "tabler-icon-layout-grid-add.svg",
      "isHiden": true,
      "subMenus": [
        {
          "title": "Create new",
          "icon": "mi mi-Add",
          "path": "/admin/module/create"
        },
        {
          "path": "/admin/module/list",
          "title": "List Module",
          "icon": "mi mi-List"
        }
      ]
    },
    {
      "title": "Services",
      "isHiden": true,
      "path": "#",
      "icon": "mi mi-AdjustHologram",
      "subMenus": [
        {
          "title": "Create New",
          "icon": "mi mi-Add",
          "path": "/admin/service/create"
        },
        {
          "path": "/admin/service/list",
          "title": "List",
          "icon": "mi mi-List"
        }
      ]
    },
    {
      "title": "MixDb Context",
      "path": "#",
      "icon": "mi mi-ResolutionLegacy",
      "svg": "tabler-icon-table.svg",
      "isHiden": true,
      "subMenus": [
        {
          "title": "Create New",
          "icon": "mi mi-Add",
          "path": "/admin/mixdb-context/create"
        },
        {
          "path": "/admin/mixdb-context/list",
          "title": "List",
          "icon": "mi mi-List"
        }
      ]
    },
    {
      "title": "Databases",
      "path": "#",
      "icon": "mi mi-ResolutionLegacy",
      "svg": "tabler-icon-table.svg",
      "isHiden": true,
      "subMenus": [
        {
          "title": "Create New",
          "icon": "mi mi-Add",
          "path": "/admin/mix-database/create"
        },
        {
          "path": "/admin/mix-database/list",
          "title": "List",
          "icon": "mi mi-List"
        }
      ]
    },
    {
      "title": "Navigations",
      "path": "#",
      "icon": "mi mi-Relationship",
      "svg": "tabler-icon-directions.svg",
      "isHiden": true,
      "subMenus": [
        {
          "title": "Create New",
          "icon": "mi mi-Add",
          "path": "/admin/mix-database-data/create?mixDatabaseId=2&mixDatabaseName=sysNavigation&mixDatabaseTitle=Navigation&dataId=default"
        },
        {
          "path": "/admin/mix-database-data/list?mixDatabaseId=2&mixDatabaseName=sysNavigation&mixDatabaseTitle=Navigation",

          "title": "List",
          "icon": "mi mi-List"
        }
      ]
    },
    {
      "title": "Files",
      "path": "#",
      "icon": "mi mi-FileExplorer",
      "svg": "tabler-icon-file.svg",
      "isHiden": true,
      "subMenus": [
        {
          "path": "/admin/file/list",
          "title": "List",
          "icon": "mi mi-List"
        },
        {
          "path": "/admin/file/list?folder=logs",
          "title": "Logs",
          "icon": "mi mi-Error"
        }
      ]
    },
    {
      "title": "Users",
      "path": "#",
      "icon": "mi mi-Emoji",
      "svg": "tabler-icon-users.svg",
      "subMenus": [
        {
          "title": "Create",
          "icon": "mi mi-Add",
          "path": "/admin/user/create"
        },
        {
          "path": "/admin/user/list",
          "title": "List",
          "icon": "mi mi-List"
        },
        {
          "path": "/admin/role/list",
          "title": "Roles",
          "icon": "mi mi-GuestUser"
        },
        {
          "path": "/admin/permission/list",
          "title": "Permission",
          "icon": "mi mi-Permissions"
        }
      ]
    },
    {
      "title": "Localize",
      "path": "#",
      "icon": "mi mi-Characters",
      "isHiden": true,
      "subMenus": [
        {
          "title": "Create New",
          "icon": "mi mi-Add",
          "path": "/admin/localize/create"
        },
        {
          "path": "/admin/localize/list",
          "title": "List",
          "icon": "mi mi-List"
        }
      ]
    },
    {
      "title": "Permission",
      "path": "#",
      "icon": "mi mi-LockscreenDesktop",
      "isHiden": true,
      "subMenus": [
        {
          "title": "Create New",
          "icon": "mi mi-Add",
          "path": "/admin/permission/create"
        },
        {
          "path": "/admin/permission/list",
          "title": "List",
          "icon": "mi mi-List"
        }
      ]
    },
    {
      "title": "Themes",
      "path": "#",
      "icon": "mi mi-Layout",
      "svg": "tabler-icon-template.svg",
      "subMenus": [
        {
          "title": "Create Theme",
          "icon": "mi mi-Add",
          "path": "/admin/theme/create"
        },
        {
          "path": "/admin/theme/list",
          "title": "Theme List",
          "icon": "mi mi-List"
        },
        {
          "title": "Store",
          "icon": "mi mi-ShoppingCart",
          "path": "/admin/store/list"
        },
        {
          "path": "/admin/mix-database-data/list?mixDatabaseId=2&mixDatabaseName=sysNavigation&mixDatabaseTitle=Navigation",

          "title": "Navigations",
          "icon": "mi mi-ButtonMenu"
        },
        {
          "path": "/admin/module/list",
          "title": "Modules",
          "icon": "mi mi-Apps"
        },
        {
          "path": "/admin/mixdb-context/list",
          "title": "MixDb Context",
          "icon": "mi mi-Wheel"
        },
        {
          "path": "/admin/mix-database/list",
          "title": "Databases",
          "icon": "mi mi-Wheel"
        }
      ]
    },
    {
      "title": "Mix Store",
      "path": "#",
      "icon": "mi mi-Shop",
      "svg": "tabler-icon-building-store.svg",
      "isHiden": true,
      "subMenus": [
        {
          "title": "List Online",
          "icon": "mi mi-Cloud",
          "path": "/admin/store/list"
        }
      ]
    },
    {
      "title": "Settings",
      "path": "#",
      "icon": "mi mi-Settings  mi-spin",
      "svg": "tabler-icon-settings.svg",
      "subMenus": [
        {
          "title": "Global Settings",
          "icon": "mi mi-Equalizer",
          "path": "/admin/app-settings/details"
        },
        {
          "path": "/admin/configuration/list",
          "title": "Local settings",
          "icon": "mi mi-Repair"
        },
        {
          "path": "/admin/language/list",
          "title": "Languages",
          "icon": "mi mi-World"
        },
        {
          "path": "/admin/localize/list",
          "title": "Localization",
          "icon": "mi mi-TimeLanguage"
        },
        {
          "path": "/admin/file/list",
          "title": "Files",
          "icon": "mi mi-FileExplorer"
        },
        {
          "path": "/admin/file/list?folder=logs",
          "title": "Logs",
          "icon": "mi mi-Error"
        },
        {
          "path": "/admin/audit-log/list",
          "title": "Audit Logs",
          "icon": "mi mi-Error"
        },
        {
          "path": "/admin/queue-log/list",
          "title": "Queue Logs",
          "icon": "mi mi-FileExplorer"
        }
      ]
    }
  ],
  "routes": [
    {
      "cate": "common",
      "items": [
        {
          "path": "/admin",
          "templatePath": "/mix-app/views/app-portal/pages/dashboard/dashboard.html",
          "controller": "DashboardController"
        },
        {
          "path": "/admin/scheduler",
          "templatePath": "/mix-app/views/app-portal/pages/scheduler/list.html",
          "controller": "SchedulerController"
        },
        {
          "path": "/admin/scheduler/create",
          "templatePath": "/mix-app/views/app-portal/pages/scheduler/details.html",
          "controller": "SchedulerController"
        },
        {
          "path": "/admin/scheduler/details/:name",
          "templatePath": "/mix-app/views/app-portal/pages/scheduler/details.html",
          "controller": "SchedulerController"
        },
        {
          "path": "/admin/import",
          "templatePath": "/mix-app/views/app-portal/pages/import/details.html",
          "controller": "ImportFileController"
        },
        {
          "path": "/admin/app-settings/details",
          "templatePath": "/mix-app/views/app-portal/pages/app-settings/details.html",
          "controller": "AppSettingsController"
        },
        {
          "path": "/admin/messenger",
          "templatePath": "/mix-app/views/app-portal/pages/messenger/index.html",
          "controller": "MessengerController"
        },
        {
          "path": "/admin/social-feed",
          "templatePath": "/mix-app/views/app-portal/pages/social-feed/index.html",
          "controller": "SocialFeedController"
        },
        {
          "path": "/admin/json-data/list",
          "templatePath": "/mix-app/views/app-portal/pages/json-data/list.html",
          "controller": "JsonDataController"
        },
        {
          "path": "/admin/json-data/details",
          "templatePath": "/mix-app/views/app-portal/pages/json-data/details.html",
          "controller": "JsonDataController"
        },
        {
          "path": "/admin/json-data/create",
          "templatePath": "/mix-app/views/app-portal/pages/json-data/details.html",
          "controller": "JsonDataController"
        },
        {
          "path": "/admin/floralpunk/membership/list",
          "templatePath": "/mix-app/views/app-portal/pages/floralpunk/membership/list.html",
          "controller": "FloralpunkMembershipController"
        },
        {
          "path": "/admin/floralpunk/membership/create",
          "templatePath": "/mix-app/views/app-portal/pages/floralpunk/membership/details.html",
          "controller": "FloralpunkMembershipController"
        },
        {
          "path": "/admin/floralpunk/membership/details/:id",
          "templatePath": "/mix-app/views/app-portal/pages/floralpunk/membership/details.html",
          "controller": "FloralpunkMembershipController"
        },
        {
          "path": "/admin/floralpunk/coupon/list",
          "templatePath": "/mix-app/views/app-portal/pages/floralpunk/coupon/list.html",
          "controller": "FloralpunkCouponController"
        },
        {
          "path": "/admin/floralpunk/coupon/create",
          "templatePath": "/mix-app/views/app-portal/pages/floralpunk/coupon/details.html",
          "controller": "FloralpunkCouponController"
        },
        {
          "path": "/admin/floralpunk/coupon/details/:id",
          "templatePath": "/mix-app/views/app-portal/pages/floralpunk/coupon/details.html",
          "controller": "FloralpunkCouponController"
        },
        {
          "path": "/admin/floralpunk/coupon-rule/create",
          "templatePath": "/mix-app/views/app-portal/pages/floralpunk/coupon-rule/details.html",
          "controller": "FloralpunkCouponRuleController"
        },
        {
          "path": "/admin/floralpunk/coupon-rule/details/:id",
          "templatePath": "/mix-app/views/app-portal/pages/floralpunk/coupon-rule/details.html",
          "controller": "FloralpunkCouponRuleController"
        }
      ]
    },
    {
      "cate": "tenant",
      "items": [
        {
          "path": "/admin/tenant/create",
          "templatePath": "/mix-app/views/app-portal/pages/tenant/details.html",
          "controller": "TenantController"
        },
        {
          "path": "/admin/tenant/list",
          "templatePath": "/mix-app/views/app-portal/pages/tenant/list.html",
          "controller": "TenantController"
        },
        {
          "path": "/admin/tenant/details/:id",
          "templatePath": "/mix-app/views/app-portal/pages/tenant/details.html",
          "controller": "TenantController"
        }
      ]
    },
    {
      "cate": "application",
      "items": [
        {
          "path": "/admin/mix-application/create",
          "templatePath": "/mix-app/views/app-portal/pages/application/details.html",
          "controller": "MixApplicationController"
        },
        {
          "path": "/admin/mix-application/list",
          "templatePath": "/mix-app/views/app-portal/pages/application/list.html",
          "controller": "MixApplicationController"
        },
        {
          "path": "/admin/mix-application/details/:id",
          "templatePath": "/mix-app/views/app-portal/pages/application/details.html",
          "controller": "MixApplicationController"
        }
      ]
    },
    {
      "cate": "domain",
      "items": [
        {
          "path": "/admin/domain/create",
          "templatePath": "/mix-app/views/app-portal/pages/domain/details.html",
          "controller": "DomainController"
        },
        {
          "path": "/admin/domain/list",
          "templatePath": "/mix-app/views/app-portal/pages/domain/list.html",
          "controller": "DomainController"
        },
        {
          "path": "/admin/domain/details/:id",
          "templatePath": "/mix-app/views/app-portal/pages/domain/details.html",
          "controller": "DomainController"
        }
      ]
    },
    {
      "cate": "audit-log",
      "items": [
        {
          "path": "/admin/audit-log/list",
          "templatePath": "/mix-app/views/app-portal/pages/audit-log/list.html",
          "controller": "AuditLogController"
        },
        {
          "path": "/admin/audit-log/stream",
          "templatePath": "/mix-app/views/app-portal/pages/audit-log/stream.html",
          "controller": "AuditLogController"
        }
      ]
    },
    {
      "cate": "queue-log",
      "items": [
        {
          "path": "/admin/queue-log/list",
          "templatePath": "/mix-app/views/app-portal/pages/queue-log/list.html",
          "controller": "QueueLogController"
        }
      ]
    },
    {
      "cate": "post",
      "items": [
        {
          "path": "/admin/post/create",
          "templatePath": "/mix-app/views/app-portal/pages/post/details.html",
          "controller": "PostController"
        },
        {
          "path": "/admin/post/list",
          "templatePath": "/mix-app/views/app-portal/pages/post/list.html",
          "controller": "PostController"
        },
        {
          "path": "/admin/post/details/:id",
          "templatePath": "/mix-app/views/app-portal/pages/post/details.html",
          "controller": "PostController"
        },
        {
          "path": "/admin/post/gallery-list",
          "templatePath": "/mix-app/views/app-portal/pages/post/gallery-list.html",
          "controller": "PostController"
        },
        {
          "path": "/admin/post/gallery-details/:id",
          "templatePath": "/mix-app/views/app-portal/pages/post/gallery-details.html",
          "controller": "PostController"
        },
        {
          "path": "/admin/post/create-gallery",
          "templatePath": "/mix-app/views/app-portal/pages/post/gallery-details.html",
          "controller": "PostController"
        }
      ]
    },
    {
      "cate": "page",
      "items": [
        {
          "path": "/admin/page/create",
          "templatePath": "/mix-app/views/app-portal/pages/page/details.html",
          "controller": "PageController"
        },
        {
          "path": "/admin/page/list",
          "templatePath": "/mix-app/views/app-portal/pages/page/list.html",
          "controller": "PageController"
        },
        {
          "path": "/admin/page/details/:id",
          "templatePath": "/mix-app/views/app-portal/pages/page/details.html",
          "controller": "PageController"
        },
        {
          "path": "/admin/page/page-post/list/:id",
          "templatePath": "/mix-app/views/app-portal/pages/page-post/list.html",
          "controller": "PagePostController"
        },
        {
          "path": "/admin/page/page-gallery/list/:id",
          "templatePath": "/mix-app/views/app-portal/pages/page-gallery/list.html",
          "controller": "PageGalleryController"
        }
      ]
    },
    {
      "cate": "module",
      "items": [
        {
          "path": "/admin/module/create",
          "templatePath": "/mix-app/views/app-portal/pages/module/details.html",
          "controller": "ModuleController"
        },
        {
          "path": "/admin/module/list",
          "templatePath": "/mix-app/views/app-portal/pages/module/list.html",
          "controller": "ModuleController"
        },
        {
          "path": "/admin/module/details/:id",
          "templatePath": "/mix-app/views/app-portal/pages/module/details.html",
          "controller": "ModuleController"
        },
        {
          "path": "/admin/module/data/:id",
          "templatePath": "/mix-app/views/app-portal/pages/module/data.html",
          "controller": "ModuleController"
        },
        {
          "path": "/admin/module-post/list/:id",
          "templatePath": "/mix-app/views/app-portal/pages/module-post/list.html",
          "controller": "ModulePostController"
        },
        {
          "path": "/admin/module-gallery/list/:id",
          "templatePath": "/mix-app/views/app-portal/pages/module-gallery/list.html",
          "controller": "ModuleGalleryController"
        },
        {
          "path": "/admin/module-data/details/:moduleContentId",
          "templatePath": "/mix-app/views/app-portal/pages/module-data/details.html",
          "controller": "ModuleDataController"
        },
        {
          "path": "/admin/module-data/details/:moduleContentId/:id",
          "templatePath": "/mix-app/views/app-portal/pages/module-data/details.html",
          "controller": "ModuleDataController"
        },
        {
          "path": "/admin/module-data/list/:moduleContentId",
          "templatePath": "/mix-app/views/app-portal/pages/module-data/list.html",
          "controller": "ModuleDataController"
        }
      ]
    },
    {
      "cate": "theme",
      "items": [
        {
          "path": "/admin/theme/create",
          "templatePath": "/mix-app/views/app-portal/pages/theme/details.html",
          "controller": "ThemeController"
        },
        {
          "path": "/admin/theme/list",
          "templatePath": "/mix-app/views/app-portal/pages/theme/list.html",
          "controller": "ThemeController"
        },
        {
          "path": "/admin/theme/details/:id",
          "templatePath": "/mix-app/views/app-portal/pages/theme/details.html",
          "controller": "ThemeController"
        },
        {
          "path": "/admin/theme/export/:id",
          "templatePath": "/mix-app/views/app-portal/pages/theme/export.html",
          "controller": "ThemeController"
        },
        {
          "path": "/admin/theme/import/:id",
          "templatePath": "/mix-app/views/app-portal/pages/theme-import/import.html",
          "controller": "ThemeImportController"
        }
      ]
    },
    {
      "cate": "template",
      "items": [
        {
          "path": "/admin/template/list/:themeId/:folderType",
          "templatePath": "/mix-app/views/app-portal/pages/template/list.html",
          "controller": "TemplateController"
        },
        {
          "path": "/admin/template/details/:themeId/:folderType/:id",
          "templatePath": "/mix-app/views/app-portal/pages/template/details.html",
          "controller": "TemplateController"
        },
        {
          "path": "/admin/template/create/:themeId/:folderType",
          "templatePath": "/mix-app/views/app-portal/pages/template/details.html",
          "controller": "TemplateController"
        },
        {
          "path": "/admin/template/list/:themeId",
          "templatePath": "/mix-app/views/app-portal/pages/template/list.html",
          "controller": "TemplateController"
        }
      ]
    },
    {
      "cate": "role",
      "items": [
        {
          "path": "/admin/role/create",
          "templatePath": "/mix-app/views/app-portal/pages/role/details.html",
          "controller": "RoleController"
        },
        {
          "path": "/admin/role/list",
          "templatePath": "/mix-app/views/app-portal/pages/role/list.html",
          "controller": "RoleController"
        },
        {
          "path": "/admin/role/details/:id",
          "templatePath": "/mix-app/views/app-portal/pages/role/details.html",
          "controller": "RoleController"
        }
      ]
    },
    {
      "cate": "user",
      "items": [
        {
          "path": "/admin/user/create",
          "templatePath": "/mix-app/views/app-portal/pages/user/register.html",
          "controller": "UserController"
        },
        {
          "path": "/admin/user/list",
          "templatePath": "/mix-app/views/app-portal/pages/user/list.html",
          "controller": "UserController"
        },
        {
          "path": "/admin/user/details/:id",
          "templatePath": "/mix-app/views/app-portal/pages/user/details.html",
          "controller": "UserController"
        },
        {
          "path": "/admin/my-profile",
          "templatePath": "/mix-app/views/app-portal/pages/user/my-profile.html",
          "controller": "UserController"
        }
      ]
    },
    {
      "cate": "media",
      "items": [
        {
          "path": "/admin/media/create",
          "templatePath": "/mix-app/views/app-portal/pages/media/details.html",
          "controller": "MediaController"
        },
        {
          "path": "/admin/media/list",
          "templatePath": "/mix-app/views/app-portal/pages/media/list.html",
          "controller": "MediaController"
        },
        {
          "path": "/admin/media/grid",
          "templatePath": "/mix-app/views/app-portal/pages/media/list-grid.html",
          "controller": "MediaController"
        },
        {
          "path": "/admin/media/details/:id",
          "templatePath": "/mix-app/views/app-portal/pages/media/details.html",
          "controller": "MediaController"
        }
      ]
    },
    {
      "cate": "file",
      "items": [
        {
          "path": "/admin/file/create",
          "templatePath": "/mix-app/views/app-portal/pages/file/details.html",
          "controller": "FileController"
        },
        {
          "path": "/admin/file/list",
          "templatePath": "/mix-app/views/app-portal/pages/file/list.html",
          "controller": "FileController"
        },
        {
          "path": "/admin/file/details",
          "templatePath": "/mix-app/views/app-portal/pages/file/details.html",
          "controller": "FileController"
        }
      ]
    },
    {
      "cate": "permission",
      "items": [
        {
          "path": "/admin/permission/create",
          "templatePath": "/mix-app/views/app-portal/pages/permission/details.html",
          "controller": "PermissionController"
        },
        {
          "path": "/admin/permission/list",
          "templatePath": "/mix-app/views/app-portal/pages/permission/list.html",
          "controller": "PermissionController"
        },
        {
          "path": "/admin/permission/details/:id",
          "templatePath": "/mix-app/views/app-portal/pages/permission/details.html",
          "controller": "PermissionController"
        }
      ]
    },
    {
      "cate": "localize",
      "items": [
        {
          "path": "/admin/localize/create",
          "templatePath": "/mix-app/views/app-portal/pages/localize/details.html",
          "controller": "LocalizeController"
        },
        {
          "path": "/admin/localize/list",
          "templatePath": "/mix-app/views/app-portal/pages/localize/list.html",
          "controller": "LocalizeController"
        },
        {
          "path": "/admin/localize/details/:id",
          "templatePath": "/mix-app/views/app-portal/pages/localize/details.html",
          "controller": "LocalizeController"
        }
      ]
    },
    {
      "cate": "language",
      "items": [
        {
          "path": "/admin/language/create",
          "templatePath": "/mix-app/views/app-portal/pages/culture/details.html",
          "controller": "CultureController"
        },
        {
          "path": "/admin/language/list",
          "templatePath": "/mix-app/views/app-portal/pages/culture/list.html",
          "controller": "CultureController"
        },
        {
          "path": "/admin/language/details/:id",
          "templatePath": "/mix-app/views/app-portal/pages/culture/details.html",
          "controller": "CultureController"
        }
      ]
    },
    {
      "cate": "Mix Database",
      "items": [
        {
          "path": "/admin/mix-database/create",
          "templatePath": "/mix-app/views/app-portal/pages/mix-database/details.html",
          "controller": "MixDatabaseController"
        },
        {
          "path": "/admin/mix-database/list",
          "templatePath": "/mix-app/views/app-portal/pages/mix-database/list.html",
          "controller": "MixDatabaseController"
        },
        {
          "path": "/admin/mix-database/details/:id",
          "templatePath": "/mix-app/views/app-portal/pages/mix-database/details.html",
          "controller": "MixDatabaseController"
        }
      ]
    },
    {
      "cate": "MixDb Context",
      "items": [
        {
          "path": "/admin/mixdb-context/create",
          "templatePath": "/mix-app/views/app-portal/pages/mixdb-context/details.html",
          "controller": "MixDatabaseContextController"
        },
        {
          "path": "/admin/mixdb-context/list",
          "templatePath": "/mix-app/views/app-portal/pages/mixdb-context/list.html",
          "controller": "MixDatabaseContextController"
        },
        {
          "path": "/admin/mixdb-context/details/:id",
          "templatePath": "/mix-app/views/app-portal/pages/mixdb-context/details.html",
          "controller": "MixDatabaseContextController"
        }
      ]
    },
    {
      "cate": "Mix Store",
      "items": [
        {
          "path": "/admin/store/list",
          "templatePath": "/mix-app/views/app-portal/pages/store/list.html",
          "controller": "StoreController"
        }
      ]
    },
    {
      "cate": "configuration",
      "items": [
        {
          "path": "/admin/configuration/create",
          "templatePath": "/mix-app/views/app-portal/pages/configuration/details.html",
          "controller": "ConfigurationController"
        },
        {
          "path": "/admin/configuration/list",
          "templatePath": "/mix-app/views/app-portal/pages/configuration/list.html",
          "controller": "ConfigurationController"
        },
        {
          "path": "/admin/configuration/details/:id",
          "templatePath": "/mix-app/views/app-portal/pages/configuration/details.html",
          "controller": "ConfigurationController"
        }
      ]
    },
    {
      "cate": "url alias",
      "items": [
        {
          "path": "/admin/url-alias/create",
          "templatePath": "/mix-app/views/app-portal/pages/url-alias/details.html",
          "controller": "UrlAliasController"
        },
        {
          "path": "/admin/url-alias/list",
          "templatePath": "/mix-app/views/app-portal/pages/url-alias/list.html",
          "controller": "UrlAliasController"
        },
        {
          "path": "/admin/url-alias/details/:id",
          "templatePath": "/mix-app/views/app-portal/pages/url-alias/details.html",
          "controller": "UrlAliasController"
        }
      ]
    },
    {
      "cate": "file",
      "items": [
        {
          "path": "/admin/file/create",
          "templatePath": "/mix-app/views/app-portal/pages/file/details.html",
          "controller": "FileController"
        },
        {
          "path": "/admin/file/list",
          "templatePath": "/mix-app/views/app-portal/pages/file/list.html",
          "controller": "FileController"
        },
        {
          "path": "/admin/file/details/:id",
          "templatePath": "/mix-app/views/app-portal/pages/file/details.html",
          "controller": "FileController"
        }
      ]
    },
    {
      "cate": "mix database data",
      "items": [
        {
          "path": "/admin/mix-database-data/create",
          "templatePath": "/mix-app/views/app-portal/pages/mix-database-data/details.html",
          "controller": "MixDatabaseDataController"
        },
        {
          "path": "/admin/mix-database-data/list",
          "templatePath": "/mix-app/views/app-portal/pages/mix-database-data/list.html",
          "controller": "MixDatabaseDataController"
        },
        {
          "path": "/admin/mix-database-data/details",
          "templatePath": "/mix-app/views/app-portal/pages/mix-database-data/details.html",
          "controller": "MixDatabaseDataController"
        }
      ]
    },
    {
      "cate": "Navigation",
      "items": [
        {
          "path": "/admin/navigation/create",
          "templatePath": "/mix-app/views/app-portal/pages/navigation/details.html",
          "controller": "NavigationController"
        },
        {
          "path": "/admin/navigation/list",
          "templatePath": "/mix-app/views/app-portal/pages/navigation/list.html",
          "controller": "NavigationController"
        },
        {
          "path": "/admin/navigation/details",
          "templatePath": "/mix-app/views/app-portal/pages/navigation/details.html",
          "controller": "NavigationController"
        }
      ]
    },
    {
      "cate": "service",
      "items": [
        {
          "path": "/admin/service/create",
          "templatePath": "/mix-app/views/app-portal/pages/service/details.html",
          "controller": "ServiceController"
        },
        {
          "path": "/admin/service/list",
          "templatePath": "/mix-app/views/app-portal/pages/service/list.html",
          "controller": "ServiceController"
        },
        {
          "path": "/admin/service/details/:id",
          "templatePath": "/mix-app/views/app-portal/pages/service/details.html",
          "controller": "ServiceController"
        }
      ]
    }
  ]
}
