{
  "databases": [
    {
      "systemName": "warehouse",
      "displayName": "Warehouse",
      "description": null,
      "type": "Service",
      "readPermissions": "[\"Owner\"]",
      "createPermissions": "[\"Owner\"]",
      "updatePermissions": "[\"Owner\"]",
      "deletePermissions": "[\"Owner\"]",
      "selfManaged": false,
      "mixDatabaseColumns": null,
      "sourceRelationships": null,
      "destinateRelationships": null,
      "id": 25,
      "createdDateTime": "2023-06-15T08:56:50",
      "lastModified": null,
      "createdBy": "administrator",
      "modifiedBy": "administrator",
      "priority": 0,
      "status": "Published",
      "isDeleted": false
    },
    {
      "systemName": "OrderDetail",
      "displayName": "Order",
      "description": null,
      "type": "Service",
      "readPermissions": "[\"Owner\"]",
      "createPermissions": null,
      "updatePermissions": null,
      "deletePermissions": null,
      "selfManaged": false,
      "mixDatabaseColumns": null,
      "sourceRelationships": null,
      "destinateRelationships": null,
      "id": 13,
      "createdDateTime": "2022-11-27T14:52:59",
      "lastModified": null,
      "createdBy": "tinku",
      "modifiedBy": "tinku",
      "priority": 0,
      "status": "Published",
      "isDeleted": false
    },
    {
      "systemName": "OrderItem",
      "displayName": "Order Item",
      "description": null,
      "type": "Service",
      "readPermissions": "[\"Owner\"]",
      "createPermissions": null,
      "updatePermissions": null,
      "deletePermissions": null,
      "selfManaged": false,
      "mixDatabaseColumns": null,
      "sourceRelationships": null,
      "destinateRelationships": null,
      "id": 14,
      "createdDateTime": "2022-11-27T14:56:45",
      "lastModified": null,
      "createdBy": "tinku",
      "modifiedBy": "tinku",
      "priority": 0,
      "status": "Published",
      "isDeleted": false
    },
    {
      "systemName": "PortalMenu",
      "displayName": "Portal Menu",
      "description": null,
      "type": "Service",
      "readPermissions": "[\"Owner\"]",
      "createPermissions": null,
      "updatePermissions": null,
      "deletePermissions": null,
      "selfManaged": false,
      "mixDatabaseColumns": null,
      "sourceRelationships": null,
      "destinateRelationships": null,
      "id": 1,
      "createdDateTime": "2023-05-05T03:11:23.885749",
      "lastModified": null,
      "createdBy": "tinku",
      "modifiedBy": "tinku",
      "priority": 0,
      "status": "Published",
      "isDeleted": false
    },
    {
      "systemName": "sysUserData",
      "displayName": "User Data",
      "description": null,
      "type": "GuidAdditionalData",
      "readPermissions": null,
      "createPermissions": null,
      "updatePermissions": null,
      "deletePermissions": null,
      "selfManaged": false,
      "mixDatabaseColumns": null,
      "sourceRelationships": null,
      "destinateRelationships": null,
      "id": 2,
      "createdDateTime": "2023-05-05T03:11:24.2758666",
      "lastModified": null,
      "createdBy": "tinku",
      "modifiedBy": null,
      "priority": 0,
      "status": "Published",
      "isDeleted": false
    },
    {
      "systemName": "sysNavigation",
      "displayName": "Navigation",
      "description": null,
      "type": "System",
      "readPermissions": null,
      "createPermissions": null,
      "updatePermissions": null,
      "deletePermissions": null,
      "selfManaged": false,
      "mixDatabaseColumns": null,
      "sourceRelationships": null,
      "destinateRelationships": null,
      "id": 3,
      "createdDateTime": "2023-05-05T03:11:24.3018224",
      "lastModified": null,
      "createdBy": "tinku",
      "modifiedBy": null,
      "priority": 0,
      "status": "Published",
      "isDeleted": false
    },
    {
      "systemName": "sysMenuItem",
      "displayName": "Menu Item",
      "description": null,
      "type": "System",
      "readPermissions": null,
      "createPermissions": null,
      "updatePermissions": null,
      "deletePermissions": null,
      "selfManaged": false,
      "mixDatabaseColumns": null,
      "sourceRelationships": null,
      "destinateRelationships": null,
      "id": 4,
      "createdDateTime": "2023-05-05T03:11:24.3043546",
      "lastModified": null,
      "createdBy": "tinku",
      "modifiedBy": null,
      "priority": 0,
      "status": "Published",
      "isDeleted": false
    },
    {
      "systemName": "sysMedia",
      "displayName": "Media",
      "description": null,
      "type": "System",
      "readPermissions": null,
      "createPermissions": null,
      "updatePermissions": null,
      "deletePermissions": null,
      "selfManaged": false,
      "mixDatabaseColumns": null,
      "sourceRelationships": null,
      "destinateRelationships": null,
      "id": 5,
      "createdDateTime": "2023-05-05T03:11:24.3398912",
      "lastModified": null,
      "createdBy": "tinku",
      "modifiedBy": null,
      "priority": 0,
      "status": "Published",
      "isDeleted": false
    },
    {
      "systemName": "sysPermission",
      "displayName": "Permission",
      "description": null,
      "type": "System",
      "readPermissions": null,
      "createPermissions": null,
      "updatePermissions": null,
      "deletePermissions": null,
      "selfManaged": false,
      "mixDatabaseColumns": null,
      "sourceRelationships": null,
      "destinateRelationships": null,
      "id": 6,
      "createdDateTime": "2023-05-05T03:11:24.3495043",
      "lastModified": null,
      "createdBy": "tinku",
      "modifiedBy": null,
      "priority": 0,
      "status": "Published",
      "isDeleted": false
    },
    {
      "systemName": "sysPermissionEndpoint",
      "displayName": "Permission Endpoint",
      "description": null,
      "type": "System",
      "readPermissions": null,
      "createPermissions": null,
      "updatePermissions": null,
      "deletePermissions": null,
      "selfManaged": false,
      "mixDatabaseColumns": null,
      "sourceRelationships": null,
      "destinateRelationships": null,
      "id": 7,
      "createdDateTime": "2023-05-05T03:11:24.3587526",
      "lastModified": null,
      "createdBy": "tinku",
      "modifiedBy": null,
      "priority": 0,
      "status": "Published",
      "isDeleted": false
    },
    {
      "systemName": "sysUserPermission",
      "displayName": "User Permission",
      "description": null,
      "type": "Association",
      "readPermissions": null,
      "createPermissions": null,
      "updatePermissions": null,
      "deletePermissions": null,
      "selfManaged": false,
      "mixDatabaseColumns": null,
      "sourceRelationships": null,
      "destinateRelationships": null,
      "id": 8,
      "createdDateTime": "2023-05-05T03:11:24.3736973",
      "lastModified": null,
      "createdBy": "tinku",
      "modifiedBy": null,
      "priority": 0,
      "status": "Published",
      "isDeleted": false
    },
    {
      "systemName": "MixcoreCmsHelper",
      "displayName": "Mixcore CMS Helper",
      "description": null,
      "type": "System",
      "readPermissions": "[]",
      "createPermissions": null,
      "updatePermissions": null,
      "deletePermissions": null,
      "selfManaged": false,
      "mixDatabaseColumns": null,
      "sourceRelationships": null,
      "destinateRelationships": null,
      "id": 9,
      "createdDateTime": "2023-05-05T03:11:24.3827986",
      "lastModified": null,
      "createdBy": "tinku",
      "modifiedBy": "tinku",
      "priority": 0,
      "status": "Published",
      "isDeleted": false
    },
    {
      "systemName": "Metadata",
      "displayName": "Metadata",
      "description": null,
      "type": "Service",
      "readPermissions": "[\"Owner\"]",
      "createPermissions": "[\"Owner\"]",
      "updatePermissions": "[\"Owner\"]",
      "deletePermissions": "[\"Owner\"]",
      "selfManaged": false,
      "mixDatabaseColumns": null,
      "sourceRelationships": null,
      "destinateRelationships": null,
      "id": 10,
      "createdDateTime": "2023-05-05T03:11:24.3930481",
      "lastModified": null,
      "createdBy": "tinku",
      "modifiedBy": "tinku",
      "priority": 0,
      "status": "Published",
      "isDeleted": false
    },
    {
      "systemName": "MetadataContentAssociation",
      "displayName": "Metadata Content Association",
      "description": null,
      "type": "Service",
      "readPermissions": "[\"Owner\"]",
      "createPermissions": "[\"Owner\"]",
      "updatePermissions": "[\"Owner\"]",
      "deletePermissions": "[\"Owner\"]",
      "selfManaged": false,
      "mixDatabaseColumns": null,
      "sourceRelationships": null,
      "destinateRelationships": null,
      "id": 11,
      "createdDateTime": "2023-05-05T03:11:24.408021",
      "lastModified": null,
      "createdBy": "tinku",
      "modifiedBy": "tinku",
      "priority": 0,
      "status": "Published",
      "isDeleted": false
    },
    {
      "systemName": "ContactAddress",
      "displayName": "Contact Address",
      "description": null,
      "type": "Service",
      "readPermissions": null,
      "createPermissions": null,
      "updatePermissions": null,
      "deletePermissions": null,
      "selfManaged": false,
      "mixDatabaseColumns": null,
      "sourceRelationships": null,
      "destinateRelationships": null,
      "id": 12,
      "createdDateTime": "2023-05-05T03:11:24.435566",
      "lastModified": null,
      "createdBy": "tinku",
      "modifiedBy": "administrator",
      "priority": 0,
      "status": "Published",
      "isDeleted": false
    },
    {
      "systemName": "MixDbEventSubscriber",
      "displayName": "MixDb Event Subscriber",
      "description": null,
      "type": "Service",
      "readPermissions": "[]",
      "createPermissions": "[]",
      "updatePermissions": "[]",
      "deletePermissions": "[]",
      "selfManaged": false,
      "mixDatabaseColumns": null,
      "sourceRelationships": null,
      "destinateRelationships": null,
      "id": 13,
      "createdDateTime": "2023-05-05T03:11:24.4634839",
      "lastModified": null,
      "createdBy": "tinku",
      "modifiedBy": "tinku",
      "priority": 0,
      "status": "Published",
      "isDeleted": false
    }
  ],
  "columns": [

    {
      "systemName": "postId",
      "displayName": "Post Id",
      "mixDatabaseName": "warehouse",
      "dataType": "Integer",
      "configurations": {
        "isUnique": false,
        "isRequire": false,
        "isEncrypt": false,
        "isSelect": false,
        "maxLength": null,
        "belongTo": null,
        "optionsConfigurationName": null,
        "allowedValues": null,
        "upload": {
          "arrayAccepts": [],
          "accepts": "",
          "width": null,
          "height": null,
          "isCrop": false
        }
      },
      "referenceId": null,
      "defaultValue": null,
      "mixDatabaseId": 25,
      "mixDatabase": null,
      "id": 153,
      "createdDateTime": "2023-06-15T08:56:50",
      "lastModified": null,
      "createdBy": null,
      "modifiedBy": null,
      "priority": 1,
      "status": "Published",
      "isDeleted": false
    },
    {
      "systemName": "sku",
      "displayName": "Sku",
      "mixDatabaseName": "warehouse",
      "dataType": "Text",
      "configurations": {
        "isUnique": false,
        "isRequire": false,
        "isEncrypt": false,
        "isSelect": false,
        "maxLength": null,
        "belongTo": null,
        "optionsConfigurationName": null,
        "allowedValues": null,
        "upload": {
          "arrayAccepts": [],
          "accepts": "",
          "width": null,
          "height": null,
          "isCrop": false
        }
      },
      "referenceId": null,
      "defaultValue": null,
      "mixDatabaseId": 25,
      "mixDatabase": null,
      "id": 154,
      "createdDateTime": "2023-06-15T08:56:50",
      "lastModified": null,
      "createdBy": null,
      "modifiedBy": null,
      "priority": 2,
      "status": "Published",
      "isDeleted": false
    },
    {
      "systemName": "currency",
      "displayName": "Currency",
      "mixDatabaseName": "warehouse",
      "dataType": "Text",
      "configurations": {
        "isUnique": false,
        "isRequire": false,
        "isEncrypt": false,
        "isSelect": false,
        "maxLength": null,
        "belongTo": null,
        "optionsConfigurationName": null,
        "allowedValues": null,
        "upload": {
          "arrayAccepts": [],
          "accepts": "",
          "width": null,
          "height": null,
          "isCrop": false
        }
      },
      "referenceId": null,
      "defaultValue": null,
      "mixDatabaseId": 25,
      "mixDatabase": null,
      "id": 155,
      "createdDateTime": "2023-06-15T08:56:50",
      "lastModified": null,
      "createdBy": null,
      "modifiedBy": null,
      "priority": 3,
      "status": "Published",
      "isDeleted": false
    },
    {
      "systemName": "price",
      "displayName": "Price",
      "mixDatabaseName": "warehouse",
      "dataType": "Double",
      "configurations": {
        "isUnique": false,
        "isRequire": false,
        "isEncrypt": false,
        "isSelect": false,
        "maxLength": null,
        "belongTo": null,
        "optionsConfigurationName": null,
        "allowedValues": null,
        "upload": {
          "arrayAccepts": [],
          "accepts": "",
          "width": null,
          "height": null,
          "isCrop": false
        }
      },
      "referenceId": null,
      "defaultValue": null,
      "mixDatabaseId": 25,
      "mixDatabase": null,
      "id": 156,
      "createdDateTime": "2023-06-15T08:56:50",
      "lastModified": null,
      "createdBy": null,
      "modifiedBy": null,
      "priority": 4,
      "status": "Published",
      "isDeleted": false
    },
    {
      "systemName": "inStock",
      "displayName": "In Stock",
      "mixDatabaseName": "warehouse",
      "dataType": "Integer",
      "configurations": {
        "isUnique": false,
        "isRequire": false,
        "isEncrypt": false,
        "isSelect": false,
        "maxLength": null,
        "belongTo": null,
        "optionsConfigurationName": null,
        "allowedValues": null,
        "upload": {
          "arrayAccepts": [],
          "accepts": "",
          "width": null,
          "height": null,
          "isCrop": false
        }
      },
      "referenceId": null,
      "defaultValue": null,
      "mixDatabaseId": 25,
      "mixDatabase": null,
      "id": 157,
      "createdDateTime": "2023-06-15T08:56:50",
      "lastModified": null,
      "createdBy": null,
      "modifiedBy": null,
      "priority": 5,
      "status": "Published",
      "isDeleted": false
    },
    {
      "systemName": "sold",
      "displayName": "Sold",
      "mixDatabaseName": "warehouse",
      "dataType": "Integer",
      "configurations": {
        "isUnique": false,
        "isRequire": false,
        "isEncrypt": false,
        "isSelect": false,
        "maxLength": null,
        "belongTo": null,
        "optionsConfigurationName": null,
        "allowedValues": null,
        "upload": {
          "arrayAccepts": [],
          "accepts": "",
          "width": null,
          "height": null,
          "isCrop": false
        }
      },
      "referenceId": null,
      "defaultValue": null,
      "mixDatabaseId": 25,
      "mixDatabase": null,
      "id": 158,
      "createdDateTime": "2023-06-15T08:56:50",
      "lastModified": null,
      "createdBy": null,
      "modifiedBy": null,
      "priority": 6,
      "status": "Published",
      "isDeleted": false
    },
    {
      "systemName": "title",
      "displayName": "Title",
      "mixDatabaseName": "OrderDetail",
      "dataType": "Text",
      "configurations": {
        "IsUnique": false,
        "IsRequire": false,
        "IsEncrypt": false,
        "IsSelect": false,
        "Upload": {
          "ArrayAccepts": [],
          "Accepts": "",
          "IsCrop": false
        }
      },
      "referenceId": null,
      "defaultValue": null,
      "mixDatabaseId": 13,
      "mixDatabase": null,
      "id": 49,
      "createdDateTime": "2022-11-27T14:52:59",
      "lastModified": null,
      "createdBy": null,
      "modifiedBy": null,
      "priority": 0,
      "status": "Published",
      "isDeleted": false
    },
    {
      "systemName": "total",
      "displayName": "Total",
      "mixDatabaseName": "OrderDetail",
      "dataType": "Double",
      "configurations": {
        "IsUnique": false,
        "IsRequire": false,
        "IsEncrypt": false,
        "IsSelect": false,
        "Upload": {
          "ArrayAccepts": [],
          "Accepts": "",
          "IsCrop": false
        }
      },
      "referenceId": null,
      "defaultValue": null,
      "mixDatabaseId": 13,
      "mixDatabase": null,
      "id": 50,
      "createdDateTime": "2022-11-27T14:52:59",
      "lastModified": null,
      "createdBy": null,
      "modifiedBy": null,
      "priority": 1,
      "status": "Published",
      "isDeleted": false
    },
    {
      "systemName": "orderStatus",
      "displayName": "Order Status",
      "mixDatabaseName": "OrderDetail",
      "dataType": "Text",
      "configurations": {
        "IsUnique": false,
        "IsRequire": false,
        "IsEncrypt": false,
        "IsSelect": true,
        "AllowedValues": [
          "NEW",
          "WAITING_FOR_PAYMENT",
          "PAID",
          "SHIPPING",
          "SUCCESS",
          "PAYMENT_FAILED",
          "SHIPPING_FAILED",
          "CANCELED"
        ],
        "Upload": {
          "ArrayAccepts": [],
          "Accepts": "",
          "IsCrop": false
        }
      },
      "referenceId": null,
      "defaultValue": null,
      "mixDatabaseId": 13,
      "mixDatabase": null,
      "id": 51,
      "createdDateTime": "2022-11-27T14:52:59",
      "lastModified": null,
      "createdBy": null,
      "modifiedBy": null,
      "priority": 2,
      "status": "Published",
      "isDeleted": false
    },
    {
      "systemName": "title",
      "displayName": "Title",
      "mixDatabaseName": "OrderItem",
      "dataType": "Text",
      "configurations": {
        "IsUnique": false,
        "IsRequire": false,
        "IsEncrypt": false,
        "IsSelect": false,
        "Upload": {
          "ArrayAccepts": [],
          "Accepts": "",
          "IsCrop": false
        }
      },
      "referenceId": null,
      "defaultValue": null,
      "mixDatabaseId": 14,
      "mixDatabase": null,
      "id": 52,
      "createdDateTime": "2022-11-27T14:56:45",
      "lastModified": null,
      "createdBy": null,
      "modifiedBy": null,
      "priority": 0,
      "status": "Published",
      "isDeleted": false
    },
    {
      "systemName": "image",
      "displayName": "Image",
      "mixDatabaseName": "OrderItem",
      "dataType": "Upload",
      "configurations": {
        "IsUnique": false,
        "IsRequire": false,
        "IsEncrypt": false,
        "IsSelect": false,
        "Upload": {
          "ArrayAccepts": [],
          "Accepts": "",
          "IsCrop": false
        }
      },
      "referenceId": null,
      "defaultValue": null,
      "mixDatabaseId": 14,
      "mixDatabase": null,
      "id": 53,
      "createdDateTime": "2022-11-27T14:56:45",
      "lastModified": null,
      "createdBy": null,
      "modifiedBy": null,
      "priority": 2,
      "status": "Published",
      "isDeleted": false
    },
    {
      "systemName": "price",
      "displayName": "Price",
      "mixDatabaseName": "OrderItem",
      "dataType": "Double",
      "configurations": {
        "IsUnique": false,
        "IsRequire": false,
        "IsEncrypt": false,
        "IsSelect": false,
        "Upload": {
          "ArrayAccepts": [],
          "Accepts": "",
          "IsCrop": false
        }
      },
      "referenceId": null,
      "defaultValue": null,
      "mixDatabaseId": 14,
      "mixDatabase": null,
      "id": 54,
      "createdDateTime": "2022-11-27T14:56:45",
      "lastModified": null,
      "createdBy": null,
      "modifiedBy": null,
      "priority": 4,
      "status": "Published",
      "isDeleted": false
    },
    {
      "systemName": "quantity",
      "displayName": "Quantity",
      "mixDatabaseName": "OrderItem",
      "dataType": "Integer",
      "configurations": {
        "IsUnique": false,
        "IsRequire": false,
        "IsEncrypt": false,
        "IsSelect": false,
        "Upload": {
          "ArrayAccepts": [],
          "Accepts": "",
          "IsCrop": false
        }
      },
      "referenceId": null,
      "defaultValue": null,
      "mixDatabaseId": 14,
      "mixDatabase": null,
      "id": 55,
      "createdDateTime": "2022-11-27T14:56:45",
      "lastModified": null,
      "createdBy": null,
      "modifiedBy": null,
      "priority": 5,
      "status": "Published",
      "isDeleted": false
    },
    {
      "systemName": "postId",
      "displayName": "Post Id",
      "mixDatabaseName": "OrderItem",
      "dataType": "Integer",
      "configurations": {
        "IsUnique": false,
        "IsRequire": false,
        "IsEncrypt": false,
        "IsSelect": false,
        "Upload": {
          "ArrayAccepts": [],
          "Accepts": "",
          "IsCrop": false
        }
      },
      "referenceId": null,
      "defaultValue": null,
      "mixDatabaseId": 14,
      "mixDatabase": null,
      "id": 56,
      "createdDateTime": "2022-11-27T14:56:45",
      "lastModified": null,
      "createdBy": null,
      "modifiedBy": null,
      "priority": 7,
      "status": "Published",
      "isDeleted": false
    },
    {
      "systemName": "referenceUrl",
      "displayName": "Reference Url",
      "mixDatabaseName": "OrderItem",
      "dataType": "Text",
      "configurations": {
        "IsUnique": false,
        "IsRequire": false,
        "IsEncrypt": false,
        "IsSelect": false,
        "Upload": {
          "ArrayAccepts": [],
          "Accepts": "",
          "IsCrop": false
        }
      },
      "referenceId": null,
      "defaultValue": null,
      "mixDatabaseId": 14,
      "mixDatabase": null,
      "id": 57,
      "createdDateTime": "2022-11-27T14:56:45",
      "lastModified": null,
      "createdBy": null,
      "modifiedBy": null,
      "priority": 8,
      "status": "Published",
      "isDeleted": false
    },
    {
      "systemName": "userId",
      "displayName": "User Id",
      "mixDatabaseName": "OrderDetail",
      "dataType": "Guid",
      "configurations": {
        "IsUnique": false,
        "IsRequire": false,
        "IsEncrypt": false,
        "IsSelect": false,
        "Upload": {
          "ArrayAccepts": [],
          "Accepts": "",
          "IsCrop": false
        }
      },
      "referenceId": null,
      "defaultValue": null,
      "mixDatabaseId": 13,
      "mixDatabase": null,
      "id": 63,
      "createdDateTime": "2022-11-27T15:45:28",
      "lastModified": null,
      "createdBy": null,
      "modifiedBy": null,
      "priority": 11,
      "status": "Published",
      "isDeleted": false
    },
    {
      "systemName": "total",
      "displayName": "Total",
      "mixDatabaseName": "OrderItem",
      "dataType": "Double",
      "configurations": {
        "IsUnique": false,
        "IsRequire": false,
        "IsEncrypt": false,
        "IsSelect": false,
        "Upload": {
          "ArrayAccepts": [],
          "Accepts": "",
          "IsCrop": false
        }
      },
      "referenceId": null,
      "defaultValue": null,
      "mixDatabaseId": 14,
      "mixDatabase": null,
      "id": 64,
      "createdDateTime": "2022-11-30T04:26:03",
      "lastModified": null,
      "createdBy": null,
      "modifiedBy": null,
      "priority": 6,
      "status": "Published",
      "isDeleted": false
    },
    {
      "systemName": "OrderDetailId",
      "displayName": "OrderDetailId",
      "mixDatabaseName": "OrderItem",
      "dataType": "Reference",
      "configurations": {
        "IsUnique": false,
        "IsRequire": false,
        "IsEncrypt": false,
        "IsSelect": false,
        "Upload": {
          "ArrayAccepts": [],
          "Accepts": "",
          "IsCrop": false
        }
      },
      "referenceId": null,
      "defaultValue": null,
      "mixDatabaseId": 14,
      "mixDatabase": null,
      "id": 65,
      "createdDateTime": "2022-11-30T06:54:49",
      "lastModified": null,
      "createdBy": null,
      "modifiedBy": null,
      "priority": 1,
      "status": "Published",
      "isDeleted": false
    },
    {
      "systemName": "description",
      "displayName": "Description",
      "mixDatabaseName": "OrderDetail",
      "dataType": "MultilineText",
      "configurations": {
        "IsUnique": false,
        "IsRequire": false,
        "IsEncrypt": false,
        "IsSelect": false,
        "Upload": {
          "ArrayAccepts": [],
          "Accepts": "",
          "IsCrop": false
        }
      },
      "referenceId": null,
      "defaultValue": null,
      "mixDatabaseId": 13,
      "mixDatabase": null,
      "id": 67,
      "createdDateTime": "2022-11-30T06:55:28",
      "lastModified": null,
      "createdBy": null,
      "modifiedBy": null,
      "priority": 5,
      "status": "Published",
      "isDeleted": false
    },
    {
      "systemName": "paymentGateway",
      "displayName": "Payment Gateway",
      "mixDatabaseName": "OrderDetail",
      "dataType": "Text",
      "configurations": {
        "IsUnique": false,
        "IsRequire": false,
        "IsEncrypt": false,
        "IsSelect": true,
        "AllowedValues": [ "Onepay", "Momo" ],
        "Upload": {
          "ArrayAccepts": [],
          "Accepts": "",
          "IsCrop": false
        }
      },
      "referenceId": null,
      "defaultValue": "Onepay",
      "mixDatabaseId": 13,
      "mixDatabase": null,
      "id": 68,
      "createdDateTime": "2022-11-30T09:44:43",
      "lastModified": null,
      "createdBy": null,
      "modifiedBy": null,
      "priority": 3,
      "status": "Published",
      "isDeleted": false
    },
    {
      "systemName": "currency",
      "displayName": "Currency",
      "mixDatabaseName": "OrderItem",
      "dataType": "Text",
      "configurations": {
        "IsUnique": false,
        "IsRequire": false,
        "IsEncrypt": false,
        "IsSelect": false,
        "Upload": {
          "ArrayAccepts": [],
          "Accepts": "",
          "IsCrop": false
        }
      },
      "referenceId": null,
      "defaultValue": null,
      "mixDatabaseId": 14,
      "mixDatabase": null,
      "id": 79,
      "createdDateTime": "2022-12-07T05:43:10",
      "lastModified": null,
      "createdBy": null,
      "modifiedBy": null,
      "priority": 10,
      "status": "Published",
      "isDeleted": false
    },
    {
      "systemName": "description",
      "displayName": "Description",
      "mixDatabaseName": "OrderItem",
      "dataType": "MultilineText",
      "configurations": {
        "IsUnique": false,
        "IsRequire": false,
        "IsEncrypt": false,
        "IsSelect": false,
        "Upload": {
          "ArrayAccepts": [],
          "Accepts": "",
          "IsCrop": false
        }
      },
      "referenceId": null,
      "defaultValue": null,
      "mixDatabaseId": 14,
      "mixDatabase": null,
      "id": 80,
      "createdDateTime": "2022-12-07T05:44:47",
      "lastModified": null,
      "createdBy": null,
      "modifiedBy": null,
      "priority": 11,
      "status": "Published",
      "isDeleted": false
    },
    {
      "systemName": "percent",
      "displayName": "Percent",
      "mixDatabaseName": "OrderItem",
      "dataType": "Double",
      "configurations": {
        "IsUnique": false,
        "IsRequire": false,
        "IsEncrypt": false,
        "IsSelect": false,
        "Upload": {
          "ArrayAccepts": [],
          "Accepts": "",
          "IsCrop": false
        }
      },
      "referenceId": null,
      "defaultValue": null,
      "mixDatabaseId": 14,
      "mixDatabase": null,
      "id": 81,
      "createdDateTime": "2022-12-07T05:45:15",
      "lastModified": null,
      "createdBy": null,
      "modifiedBy": null,
      "priority": 12,
      "status": "Published",
      "isDeleted": false
    },
    {
      "systemName": "currency",
      "displayName": "Currency",
      "mixDatabaseName": "OrderDetail",
      "dataType": "Text",
      "configurations": {
        "IsUnique": false,
        "IsRequire": false,
        "IsEncrypt": false,
        "IsSelect": false,
        "Upload": {
          "ArrayAccepts": [],
          "Accepts": "",
          "IsCrop": false
        }
      },
      "referenceId": null,
      "defaultValue": null,
      "mixDatabaseId": 13,
      "mixDatabase": null,
      "id": 98,
      "createdDateTime": "2022-12-11T03:36:17",
      "lastModified": null,
      "createdBy": null,
      "modifiedBy": null,
      "priority": 6,
      "status": "Published",
      "isDeleted": false
    },
    {
      "systemName": "email",
      "displayName": "Email",
      "mixDatabaseName": "OrderDetail",
      "dataType": "EmailAddress",
      "configurations": {
        "IsUnique": false,
        "IsRequire": false,
        "IsEncrypt": false,
        "IsSelect": false,
        "Upload": {
          "ArrayAccepts": [],
          "Accepts": "",
          "IsCrop": false
        }
      },
      "referenceId": null,
      "defaultValue": null,
      "mixDatabaseId": 13,
      "mixDatabase": null,
      "id": 106,
      "createdDateTime": "2022-12-25T13:57:19",
      "lastModified": null,
      "createdBy": null,
      "modifiedBy": null,
      "priority": 7,
      "status": "Published",
      "isDeleted": false
    },
    {
      "systemName": "paymentStatus",
      "displayName": "Payment Status",
      "mixDatabaseName": "OrderDetail",
      "dataType": "Text",
      "configurations": {
        "IsUnique": false,
        "IsRequire": false,
        "IsEncrypt": false,
        "IsSelect": true,
        "AllowedValues": [
          "SENT",
          "PENDING",
          "SUCCESS",
          "FAILED",
          "INVALIDRESPONSE"
        ],
        "Upload": {
          "ArrayAccepts": [],
          "Accepts": "",
          "IsCrop": false
        }
      },
      "referenceId": null,
      "defaultValue": null,
      "mixDatabaseId": 13,
      "mixDatabase": null,
      "id": 107,
      "createdDateTime": "2022-12-25T13:57:19",
      "lastModified": null,
      "createdBy": null,
      "modifiedBy": null,
      "priority": 4,
      "status": "Published",
      "isDeleted": false
    },
    {
      "systemName": "sku",
      "displayName": "Sku",
      "mixDatabaseName": "OrderItem",
      "dataType": "Text",
      "configurations": {
        "IsUnique": false,
        "IsRequire": false,
        "IsEncrypt": false,
        "IsSelect": false,
        "Upload": {
          "ArrayAccepts": [],
          "Accepts": "",
          "IsCrop": false
        }
      },
      "referenceId": null,
      "defaultValue": null,
      "mixDatabaseId": 14,
      "mixDatabase": null,
      "id": 122,
      "createdDateTime": "2023-01-01T16:40:47",
      "lastModified": null,
      "createdBy": null,
      "modifiedBy": null,
      "priority": 3,
      "status": "Published",
      "isDeleted": false
    },
    {
      "systemName": "isActive",
      "displayName": "IsActive",
      "mixDatabaseName": "OrderItem",
      "dataType": "Boolean",
      "configurations": {
        "IsUnique": false,
        "IsRequire": false,
        "IsEncrypt": false,
        "IsSelect": false,
        "Upload": {
          "ArrayAccepts": [],
          "Accepts": "",
          "IsCrop": false
        }
      },
      "referenceId": null,
      "defaultValue": null,
      "mixDatabaseId": 14,
      "mixDatabase": null,
      "id": 132,
      "createdDateTime": "2023-01-03T09:32:43",
      "lastModified": null,
      "createdBy": null,
      "modifiedBy": null,
      "priority": 14,
      "status": "Published",
      "isDeleted": false
    },
    {
      "systemName": "shippingAddress",
      "displayName": "Shipping Address",
      "mixDatabaseName": "OrderDetail",
      "dataType": "Json",
      "configurations": {
        "IsUnique": false,
        "IsRequire": false,
        "IsEncrypt": false,
        "IsSelect": false,
        "Upload": {
          "ArrayAccepts": [],
          "Accepts": "",
          "IsCrop": false
        }
      },
      "referenceId": null,
      "defaultValue": null,
      "mixDatabaseId": 13,
      "mixDatabase": null,
      "id": 142,
      "createdDateTime": "2023-01-04T04:26:28",
      "lastModified": null,
      "createdBy": null,
      "modifiedBy": null,
      "priority": 8,
      "status": "Published",
      "isDeleted": false
    },
    {
      "systemName": "paymentResponse",
      "displayName": "Payment Response",
      "mixDatabaseName": "OrderDetail",
      "dataType": "Json",
      "configurations": {
        "IsUnique": false,
        "IsRequire": false,
        "IsEncrypt": false,
        "IsSelect": false,
        "Upload": {
          "ArrayAccepts": [],
          "Accepts": "",
          "IsCrop": false
        }
      },
      "referenceId": null,
      "defaultValue": null,
      "mixDatabaseId": 13,
      "mixDatabase": null,
      "id": 144,
      "createdDateTime": "2023-01-06T08:35:44",
      "lastModified": null,
      "createdBy": null,
      "modifiedBy": null,
      "priority": 10,
      "status": "Published",
      "isDeleted": false
    },
    {
      "systemName": "paymentRequest",
      "displayName": "Payment Request",
      "mixDatabaseName": "OrderDetail",
      "dataType": "Json",
      "configurations": {
        "IsUnique": false,
        "IsRequire": false,
        "IsEncrypt": false,
        "IsSelect": false,
        "Upload": {
          "ArrayAccepts": [],
          "Accepts": "",
          "IsCrop": false
        }
      },
      "referenceId": null,
      "defaultValue": null,
      "mixDatabaseId": 13,
      "mixDatabase": null,
      "id": 145,
      "createdDateTime": "2023-01-06T09:33:07",
      "lastModified": null,
      "createdBy": null,
      "modifiedBy": null,
      "priority": 9,
      "status": "Published",
      "isDeleted": false
    },
    {
      "systemName": "title",
      "displayName": "Title",
      "mixDatabaseName": "PortalMenu",
      "dataType": "Text",
      "configurations": {
        "IsUnique": false,
        "IsRequire": false,
        "IsEncrypt": false,
        "IsSelect": false,
        "Upload": {
          "ArrayAccepts": [],
          "Accepts": "",
          "IsCrop": false
        }
      },
      "referenceId": null,
      "defaultValue": null,
      "mixDatabaseId": 1,
      "mixDatabase": null,
      "id": 1,
      "createdDateTime": "2023-05-05T03:11:24.0930452",
      "lastModified": null,
      "createdBy": "tinku",
      "modifiedBy": null,
      "priority": 1,
      "status": "Published",
      "isDeleted": false
    },
    {
      "systemName": "icon",
      "displayName": "Icon",
      "mixDatabaseName": "PortalMenu",
      "dataType": "Icon",
      "configurations": {
        "IsUnique": false,
        "IsRequire": false,
        "IsEncrypt": false,
        "IsSelect": false,
        "Upload": {
          "ArrayAccepts": [],
          "Accepts": "",
          "IsCrop": false
        }
      },
      "referenceId": null,
      "defaultValue": null,
      "mixDatabaseId": 1,
      "mixDatabase": null,
      "id": 2,
      "createdDateTime": "2023-05-05T03:11:24.2576827",
      "lastModified": null,
      "createdBy": "tinku",
      "modifiedBy": null,
      "priority": 3,
      "status": "Published",
      "isDeleted": false
    },
    {
      "systemName": "path",
      "displayName": "Path",
      "mixDatabaseName": "PortalMenu",
      "dataType": "Text",
      "configurations": {
        "IsUnique": false,
        "IsRequire": false,
        "IsEncrypt": false,
        "IsSelect": false,
        "Upload": {
          "ArrayAccepts": [],
          "Accepts": "",
          "IsCrop": false
        }
      },
      "referenceId": null,
      "defaultValue": null,
      "mixDatabaseId": 1,
      "mixDatabase": null,
      "id": 3,
      "createdDateTime": "2023-05-05T03:11:24.2620657",
      "lastModified": null,
      "createdBy": "tinku",
      "modifiedBy": null,
      "priority": 4,
      "status": "Published",
      "isDeleted": false
    },
    {
      "systemName": "role",
      "displayName": "Role",
      "mixDatabaseName": "PortalMenu",
      "dataType": "Text",
      "configurations": {
        "IsRequire": false,
        "IsEncrypt": false,
        "Upload": {
          "ArrayAccepts": [],
          "Accepts": "",
          "IsCrop": false
        }
      },
      "referenceId": null,
      "defaultValue": "Administrators",
      "mixDatabaseId": 1,
      "mixDatabase": null,
      "id": 4,
      "createdDateTime": "2023-05-05T03:11:24.2680626",
      "lastModified": null,
      "createdBy": "tinku",
      "modifiedBy": null,
      "priority": 5,
      "status": "Published",
      "isDeleted": false
    },
    {
      "systemName": "PortalMenuId",
      "displayName": "PortalMenuId",
      "mixDatabaseName": "PortalMenu",
      "dataType": "Reference",
      "configurations": {
        "IsUnique": false,
        "IsRequire": false,
        "IsEncrypt": false,
        "IsSelect": false,
        "Upload": {
          "ArrayAccepts": [],
          "Accepts": "",
          "IsCrop": false
        }
      },
      "referenceId": null,
      "defaultValue": null,
      "mixDatabaseId": 1,
      "mixDatabase": null,
      "id": 5,
      "createdDateTime": "2023-05-05T03:11:24.2721044",
      "lastModified": null,
      "createdBy": "tinku",
      "modifiedBy": null,
      "priority": 0,
      "status": "Published",
      "isDeleted": false
    },
    {
      "systemName": "svg",
      "displayName": "Svg",
      "mixDatabaseName": "PortalMenu",
      "dataType": "Text",
      "configurations": {
        "IsUnique": false,
        "IsRequire": false,
        "IsEncrypt": false,
        "IsSelect": false,
        "Upload": {
          "ArrayAccepts": [],
          "Accepts": "",
          "IsCrop": false
        }
      },
      "referenceId": null,
      "defaultValue": null,
      "mixDatabaseId": 1,
      "mixDatabase": null,
      "id": 6,
      "createdDateTime": "2023-05-05T03:11:24.2742747",
      "lastModified": null,
      "createdBy": "tinku",
      "modifiedBy": null,
      "priority": 2,
      "status": "Published",
      "isDeleted": false
    },
    {
      "systemName": "avatar",
      "displayName": "Avatar",
      "mixDatabaseName": "sysUserData",
      "dataType": "Upload",
      "configurations": {
        "IsUnique": false,
        "IsRequire": false,
        "IsEncrypt": false,
        "IsSelect": false,
        "Upload": {
          "ArrayAccepts": [],
          "Accepts": "",
          "IsCrop": false
        }
      },
      "referenceId": null,
      "defaultValue": null,
      "mixDatabaseId": 2,
      "mixDatabase": null,
      "id": 7,
      "createdDateTime": "2023-05-05T03:11:24.2887666",
      "lastModified": null,
      "createdBy": "tinku",
      "modifiedBy": null,
      "priority": 1,
      "status": "Published",
      "isDeleted": false
    },
    {
      "systemName": "parentId",
      "displayName": "Parent Id",
      "mixDatabaseName": "sysUserData",
      "dataType": "Reference",
      "configurations": {
        "IsUnique": false,
        "IsRequire": false,
        "IsEncrypt": false,
        "IsSelect": false,
        "Upload": {
          "ArrayAccepts": [],
          "Accepts": "",
          "IsCrop": false
        }
      },
      "referenceId": null,
      "defaultValue": null,
      "mixDatabaseId": 2,
      "mixDatabase": null,
      "id": 8,
      "createdDateTime": "2023-05-05T03:11:24.2914769",
      "lastModified": null,
      "createdBy": "tinku",
      "modifiedBy": null,
      "priority": 0,
      "status": "Published",
      "isDeleted": false
    },
    {
      "systemName": "parentType",
      "displayName": "Parent Type",
      "mixDatabaseName": "sysUserData",
      "dataType": "Text",
      "configurations": {
        "IsRequire": false,
        "IsEncrypt": false,
        "Upload": {
          "ArrayAccepts": [],
          "Accepts": "",
          "IsCrop": false
        }
      },
      "referenceId": null,
      "defaultValue": "User",
      "mixDatabaseId": 2,
      "mixDatabase": null,
      "id": 9,
      "createdDateTime": "2023-05-05T03:11:24.2935492",
      "lastModified": null,
      "createdBy": "tinku",
      "modifiedBy": null,
      "priority": 0,
      "status": "Published",
      "isDeleted": false
    },
    {
      "systemName": "phoneNumber",
      "displayName": "Phone Number",
      "mixDatabaseName": "sysUserData",
      "dataType": "Text",
      "configurations": {
        "IsUnique": false,
        "IsRequire": false,
        "IsEncrypt": false,
        "IsSelect": false,
        "Upload": {
          "ArrayAccepts": [],
          "Accepts": "",
          "IsCrop": false
        }
      },
      "referenceId": null,
      "defaultValue": null,
      "mixDatabaseId": 2,
      "mixDatabase": null,
      "id": 10,
      "createdDateTime": "2023-05-05T03:11:24.2954911",
      "lastModified": null,
      "createdBy": "tinku",
      "modifiedBy": null,
      "priority": 4,
      "status": "Published",
      "isDeleted": false
    },
    {
      "systemName": "fullname",
      "displayName": "Fullname",
      "mixDatabaseName": "sysUserData",
      "dataType": "Text",
      "configurations": {
        "IsUnique": false,
        "IsRequire": false,
        "IsEncrypt": false,
        "IsSelect": false,
        "Upload": {
          "ArrayAccepts": [],
          "Accepts": "",
          "IsCrop": false
        }
      },
      "referenceId": null,
      "defaultValue": null,
      "mixDatabaseId": 2,
      "mixDatabase": null,
      "id": 11,
      "createdDateTime": "2023-05-05T03:11:24.2970217",
      "lastModified": null,
      "createdBy": "tinku",
      "modifiedBy": null,
      "priority": 5,
      "status": "Published",
      "isDeleted": false
    },
    {
      "systemName": "email",
      "displayName": "Email",
      "mixDatabaseName": "sysUserData",
      "dataType": "Text",
      "configurations": {
        "IsUnique": false,
        "IsRequire": false,
        "IsEncrypt": false,
        "IsSelect": false,
        "Upload": {
          "ArrayAccepts": [],
          "Accepts": "",
          "IsCrop": false
        }
      },
      "referenceId": null,
      "defaultValue": null,
      "mixDatabaseId": 2,
      "mixDatabase": null,
      "id": 12,
      "createdDateTime": "2023-05-05T03:11:24.2999907",
      "lastModified": null,
      "createdBy": "tinku",
      "modifiedBy": null,
      "priority": 6,
      "status": "Published",
      "isDeleted": false
    },
    {
      "systemName": "dateOfBirth",
      "displayName": "Date Of Birth",
      "mixDatabaseName": "sysUserData",
      "dataType": "DateTime",
      "configurations": {
        "IsUnique": false,
        "IsRequire": false,
        "IsEncrypt": false,
        "IsSelect": false,
        "Upload": {
          "ArrayAccepts": [],
          "Accepts": "",
          "IsCrop": false
        }
      },
      "referenceId": null,
      "defaultValue": null,
      "mixDatabaseId": 2,
      "mixDatabase": null,
      "id": 13,
      "createdDateTime": "2023-05-05T03:11:24.3014158",
      "lastModified": null,
      "createdBy": "tinku",
      "modifiedBy": null,
      "priority": 7,
      "status": "Published",
      "isDeleted": false
    },
    {
      "systemName": "title",
      "displayName": "Title",
      "mixDatabaseName": "sysNavigation",
      "dataType": "Text",
      "configurations": {
        "IsRequire": false,
        "IsEncrypt": false,
        "Upload": {
          "ArrayAccepts": [],
          "Accepts": "",
          "IsCrop": false
        }
      },
      "referenceId": null,
      "defaultValue": null,
      "mixDatabaseId": 3,
      "mixDatabase": null,
      "id": 14,
      "createdDateTime": "2023-05-05T03:11:24.3027588",
      "lastModified": null,
      "createdBy": "tinku",
      "modifiedBy": null,
      "priority": 1,
      "status": "Published",
      "isDeleted": false
    },
    {
      "systemName": "name",
      "displayName": "Name",
      "mixDatabaseName": "sysNavigation",
      "dataType": "Text",
      "configurations": {
        "IsRequire": false,
        "IsEncrypt": false,
        "Upload": {
          "ArrayAccepts": [],
          "Accepts": "",
          "IsCrop": false
        }
      },
      "referenceId": null,
      "defaultValue": null,
      "mixDatabaseId": 3,
      "mixDatabase": null,
      "id": 15,
      "createdDateTime": "2023-05-05T03:11:24.3035806",
      "lastModified": null,
      "createdBy": "tinku",
      "modifiedBy": null,
      "priority": 2,
      "status": "Published",
      "isDeleted": false
    },
    {
      "systemName": "title",
      "displayName": "Title",
      "mixDatabaseName": "sysMenuItem",
      "dataType": "Text",
      "configurations": {
        "IsRequire": false,
        "IsEncrypt": false,
        "Upload": {
          "ArrayAccepts": [],
          "Accepts": "",
          "IsCrop": false
        }
      },
      "referenceId": null,
      "defaultValue": null,
      "mixDatabaseId": 4,
      "mixDatabase": null,
      "id": 16,
      "createdDateTime": "2023-05-05T03:11:24.3064793",
      "lastModified": null,
      "createdBy": "tinku",
      "modifiedBy": null,
      "priority": 1,
      "status": "Published",
      "isDeleted": false
    },
    {
      "systemName": "url",
      "displayName": "Url",
      "mixDatabaseName": "sysMenuItem",
      "dataType": "Text",
      "configurations": {
        "IsRequire": false,
        "IsEncrypt": false,
        "Upload": {
          "ArrayAccepts": [],
          "Accepts": "",
          "IsCrop": false
        }
      },
      "referenceId": null,
      "defaultValue": null,
      "mixDatabaseId": 4,
      "mixDatabase": null,
      "id": 17,
      "createdDateTime": "2023-05-05T03:11:24.3076606",
      "lastModified": null,
      "createdBy": "tinku",
      "modifiedBy": null,
      "priority": 2,
      "status": "Published",
      "isDeleted": false
    },
    {
      "systemName": "icon",
      "displayName": "Icon",
      "mixDatabaseName": "sysMenuItem",
      "dataType": "Icon",
      "configurations": {
        "IsRequire": false,
        "IsEncrypt": false,
        "Upload": {
          "ArrayAccepts": [],
          "Accepts": "",
          "IsCrop": false
        }
      },
      "referenceId": null,
      "defaultValue": null,
      "mixDatabaseId": 4,
      "mixDatabase": null,
      "id": 18,
      "createdDateTime": "2023-05-05T03:11:24.3083979",
      "lastModified": null,
      "createdBy": "tinku",
      "modifiedBy": null,
      "priority": 3,
      "status": "Published",
      "isDeleted": false
    },
    {
      "systemName": "type",
      "displayName": "Type",
      "mixDatabaseName": "sysMenuItem",
      "dataType": "Text",
      "configurations": {
        "IsRequire": false,
        "IsEncrypt": false,
        "Upload": {
          "ArrayAccepts": [],
          "Accepts": "",
          "IsCrop": false
        }
      },
      "referenceId": null,
      "defaultValue": null,
      "mixDatabaseId": 4,
      "mixDatabase": null,
      "id": 19,
      "createdDateTime": "2023-05-05T03:11:24.3095921",
      "lastModified": null,
      "createdBy": "tinku",
      "modifiedBy": null,
      "priority": 4,
      "status": "Published",
      "isDeleted": false
    },
    {
      "systemName": "target",
      "displayName": "Target",
      "mixDatabaseName": "sysMenuItem",
      "dataType": "Text",
      "configurations": {
        "IsRequire": false,
        "IsEncrypt": false,
        "Upload": {
          "ArrayAccepts": [],
          "Accepts": "",
          "IsCrop": false
        }
      },
      "referenceId": null,
      "defaultValue": null,
      "mixDatabaseId": 4,
      "mixDatabase": null,
      "id": 20,
      "createdDateTime": "2023-05-05T03:11:24.3107484",
      "lastModified": null,
      "createdBy": "tinku",
      "modifiedBy": null,
      "priority": 5,
      "status": "Published",
      "isDeleted": false
    },
    {
      "systemName": "targetId",
      "displayName": "Target Id",
      "mixDatabaseName": "sysMenuItem",
      "dataType": "Text",
      "configurations": {
        "IsRequire": false,
        "IsEncrypt": false,
        "Upload": {
          "ArrayAccepts": [],
          "Accepts": "",
          "IsCrop": false
        }
      },
      "referenceId": null,
      "defaultValue": null,
      "mixDatabaseId": 4,
      "mixDatabase": null,
      "id": 21,
      "createdDateTime": "2023-05-05T03:11:24.314429",
      "lastModified": null,
      "createdBy": "tinku",
      "modifiedBy": null,
      "priority": 6,
      "status": "Published",
      "isDeleted": false
    },
    {
      "systemName": "classes",
      "displayName": "Classes",
      "mixDatabaseName": "sysMenuItem",
      "dataType": "Text",
      "configurations": {
        "IsRequire": false,
        "IsEncrypt": false,
        "Upload": {
          "ArrayAccepts": [],
          "Accepts": "",
          "IsCrop": false
        }
      },
      "referenceId": null,
      "defaultValue": null,
      "mixDatabaseId": 4,
      "mixDatabase": null,
      "id": 22,
      "createdDateTime": "2023-05-05T03:11:24.3179204",
      "lastModified": null,
      "createdBy": "tinku",
      "modifiedBy": null,
      "priority": 7,
      "status": "Published",
      "isDeleted": false
    },
    {
      "systemName": "description",
      "displayName": "Description",
      "mixDatabaseName": "sysMenuItem",
      "dataType": "Text",
      "configurations": {
        "IsRequire": false,
        "IsEncrypt": false,
        "Upload": {
          "ArrayAccepts": [],
          "Accepts": "",
          "IsCrop": false
        }
      },
      "referenceId": null,
      "defaultValue": null,
      "mixDatabaseId": 4,
      "mixDatabase": null,
      "id": 23,
      "createdDateTime": "2023-05-05T03:11:24.3218851",
      "lastModified": null,
      "createdBy": "tinku",
      "modifiedBy": null,
      "priority": 8,
      "status": "Published",
      "isDeleted": false
    },
    {
      "systemName": "alt",
      "displayName": "Alt",
      "mixDatabaseName": "sysMenuItem",
      "dataType": "Text",
      "configurations": {
        "IsRequire": false,
        "IsEncrypt": false,
        "Upload": {
          "ArrayAccepts": [],
          "Accepts": "",
          "IsCrop": false
        }
      },
      "referenceId": null,
      "defaultValue": null,
      "mixDatabaseId": 4,
      "mixDatabase": null,
      "id": 24,
      "createdDateTime": "2023-05-05T03:11:24.3254972",
      "lastModified": null,
      "createdBy": "tinku",
      "modifiedBy": null,
      "priority": 9,
      "status": "Published",
      "isDeleted": false
    },
    {
      "systemName": "hreflang",
      "displayName": "Hreflang",
      "mixDatabaseName": "sysMenuItem",
      "dataType": "Text",
      "configurations": {
        "IsRequire": false,
        "IsEncrypt": false,
        "Upload": {
          "ArrayAccepts": [],
          "Accepts": "",
          "IsCrop": false
        }
      },
      "referenceId": null,
      "defaultValue": null,
      "mixDatabaseId": 4,
      "mixDatabase": null,
      "id": 25,
      "createdDateTime": "2023-05-05T03:11:24.3285148",
      "lastModified": null,
      "createdBy": "tinku",
      "modifiedBy": null,
      "priority": 10,
      "status": "Published",
      "isDeleted": false
    },
    {
      "systemName": "sysMenuItemId",
      "displayName": "sysMenuItemId",
      "mixDatabaseName": "sysMenuItem",
      "dataType": "Reference",
      "configurations": {
        "IsRequire": false,
        "IsEncrypt": false,
        "Upload": {
          "ArrayAccepts": [],
          "Accepts": "",
          "IsCrop": false
        }
      },
      "referenceId": 7,
      "defaultValue": null,
      "mixDatabaseId": 4,
      "mixDatabase": null,
      "id": 26,
      "createdDateTime": "2023-05-05T03:11:24.331938",
      "lastModified": null,
      "createdBy": "tinku",
      "modifiedBy": null,
      "priority": 0,
      "status": "Published",
      "isDeleted": false
    },
    {
      "systemName": "sysNavigationId",
      "displayName": "sysNavigationId",
      "mixDatabaseName": "sysMenuItem",
      "dataType": "Reference",
      "configurations": {
        "IsRequire": false,
        "IsEncrypt": false,
        "Upload": {
          "ArrayAccepts": [],
          "Accepts": "",
          "IsCrop": false
        }
      },
      "referenceId": 6,
      "defaultValue": null,
      "mixDatabaseId": 4,
      "mixDatabase": null,
      "id": 27,
      "createdDateTime": "2023-05-05T03:11:24.3383425",
      "lastModified": null,
      "createdBy": "tinku",
      "modifiedBy": null,
      "priority": 0,
      "status": "Published",
      "isDeleted": false
    },
    {
      "systemName": "title",
      "displayName": "Title",
      "mixDatabaseName": "sysMedia",
      "dataType": "Text",
      "configurations": {
        "IsRequire": false,
        "IsEncrypt": false,
        "Upload": {
          "ArrayAccepts": [],
          "Accepts": "",
          "IsCrop": false
        }
      },
      "referenceId": null,
      "defaultValue": null,
      "mixDatabaseId": 5,
      "mixDatabase": null,
      "id": 28,
      "createdDateTime": "2023-05-05T03:11:24.3424551",
      "lastModified": null,
      "createdBy": "tinku",
      "modifiedBy": null,
      "priority": 0,
      "status": "Published",
      "isDeleted": false
    },
    {
      "systemName": "type",
      "displayName": "Type",
      "mixDatabaseName": "sysMedia",
      "dataType": "Text",
      "configurations": {
        "IsRequire": false,
        "IsEncrypt": false,
        "Upload": {
          "ArrayAccepts": [],
          "Accepts": "",
          "IsCrop": false
        }
      },
      "referenceId": null,
      "defaultValue": null,
      "mixDatabaseId": 5,
      "mixDatabase": null,
      "id": 29,
      "createdDateTime": "2023-05-05T03:11:24.3448989",
      "lastModified": null,
      "createdBy": "tinku",
      "modifiedBy": null,
      "priority": 1,
      "status": "Published",
      "isDeleted": false
    },
    {
      "systemName": "file",
      "displayName": "File",
      "mixDatabaseName": "sysMedia",
      "dataType": "Upload",
      "configurations": {
        "IsRequire": false,
        "IsEncrypt": false,
        "Upload": {
          "ArrayAccepts": [],
          "Accepts": "",
          "IsCrop": false
        }
      },
      "referenceId": null,
      "defaultValue": null,
      "mixDatabaseId": 5,
      "mixDatabase": null,
      "id": 30,
      "createdDateTime": "2023-05-05T03:11:24.3483028",
      "lastModified": null,
      "createdBy": "tinku",
      "modifiedBy": null,
      "priority": 2,
      "status": "Published",
      "isDeleted": false
    },
    {
      "systemName": "title",
      "displayName": "Title",
      "mixDatabaseName": "sysPermission",
      "dataType": "Text",
      "configurations": {
        "IsRequire": false,
        "IsEncrypt": false,
        "Upload": {
          "ArrayAccepts": [],
          "Accepts": "",
          "IsCrop": false
        }
      },
      "referenceId": null,
      "defaultValue": null,
      "mixDatabaseId": 6,
      "mixDatabase": null,
      "id": 31,
      "createdDateTime": "2023-05-05T03:11:24.3520849",
      "lastModified": null,
      "createdBy": "tinku",
      "modifiedBy": null,
      "priority": 1,
      "status": "Published",
      "isDeleted": false
    },
    {
      "systemName": "icon",
      "displayName": "Icon",
      "mixDatabaseName": "sysPermission",
      "dataType": "Icon",
      "configurations": {
        "IsRequire": false,
        "IsEncrypt": false,
        "Upload": {
          "ArrayAccepts": [],
          "Accepts": "",
          "IsCrop": false
        }
      },
      "referenceId": null,
      "defaultValue": null,
      "mixDatabaseId": 6,
      "mixDatabase": null,
      "id": 32,
      "createdDateTime": "2023-05-05T03:11:24.3545975",
      "lastModified": null,
      "createdBy": "tinku",
      "modifiedBy": null,
      "priority": 3,
      "status": "Published",
      "isDeleted": false
    },
    {
      "systemName": "type",
      "displayName": "Type",
      "mixDatabaseName": "sysPermission",
      "dataType": "Text",
      "configurations": {
        "IsRequire": false,
        "IsEncrypt": false,
        "Upload": {
          "ArrayAccepts": [],
          "Accepts": "",
          "IsCrop": false
        }
      },
      "referenceId": null,
      "defaultValue": null,
      "mixDatabaseId": 6,
      "mixDatabase": null,
      "id": 33,
      "createdDateTime": "2023-05-05T03:11:24.3572288",
      "lastModified": null,
      "createdBy": "tinku",
      "modifiedBy": null,
      "priority": 4,
      "status": "Published",
      "isDeleted": false
    },
    {
      "systemName": "title",
      "displayName": "Title",
      "mixDatabaseName": "sysPermissionEndpoint",
      "dataType": "Text",
      "configurations": {
        "IsRequire": false,
        "IsEncrypt": false,
        "Upload": {
          "ArrayAccepts": [],
          "Accepts": "",
          "IsCrop": false
        }
      },
      "referenceId": null,
      "defaultValue": null,
      "mixDatabaseId": 7,
      "mixDatabase": null,
      "id": 34,
      "createdDateTime": "2023-05-05T03:11:24.3598881",
      "lastModified": null,
      "createdBy": "tinku",
      "modifiedBy": null,
      "priority": 1,
      "status": "Published",
      "isDeleted": false
    },
    {
      "systemName": "path",
      "displayName": "Path",
      "mixDatabaseName": "sysPermissionEndpoint",
      "dataType": "Text",
      "configurations": {
        "IsRequire": false,
        "IsEncrypt": false,
        "Upload": {
          "ArrayAccepts": [],
          "Accepts": "",
          "IsCrop": false
        }
      },
      "referenceId": null,
      "defaultValue": null,
      "mixDatabaseId": 7,
      "mixDatabase": null,
      "id": 35,
      "createdDateTime": "2023-05-05T03:11:24.3620003",
      "lastModified": null,
      "createdBy": "tinku",
      "modifiedBy": null,
      "priority": 2,
      "status": "Published",
      "isDeleted": false
    },
    {
      "systemName": "method",
      "displayName": "Method",
      "mixDatabaseName": "sysPermissionEndpoint",
      "dataType": "Text",
      "configurations": {
        "IsRequire": false,
        "IsEncrypt": false,
        "Upload": {
          "ArrayAccepts": [],
          "Accepts": "",
          "IsCrop": false
        }
      },
      "referenceId": null,
      "defaultValue": null,
      "mixDatabaseId": 7,
      "mixDatabase": null,
      "id": 36,
      "createdDateTime": "2023-05-05T03:11:24.3649527",
      "lastModified": null,
      "createdBy": "tinku",
      "modifiedBy": null,
      "priority": 3,
      "status": "Published",
      "isDeleted": false
    },
    {
      "systemName": "description",
      "displayName": "Description",
      "mixDatabaseName": "sysPermissionEndpoint",
      "dataType": "MultilineText",
      "configurations": {
        "IsRequire": false,
        "IsEncrypt": false,
        "Upload": {
          "ArrayAccepts": [],
          "Accepts": "",
          "IsCrop": false
        }
      },
      "referenceId": null,
      "defaultValue": null,
      "mixDatabaseId": 7,
      "mixDatabase": null,
      "id": 37,
      "createdDateTime": "2023-05-05T03:11:24.3668161",
      "lastModified": null,
      "createdBy": "tinku",
      "modifiedBy": null,
      "priority": 4,
      "status": "Published",
      "isDeleted": false
    },
    {
      "systemName": "SysPermissionId",
      "displayName": "SysPermissionId",
      "mixDatabaseName": "sysPermissionEndpoint",
      "dataType": "Reference",
      "configurations": {
        "IsRequire": false,
        "IsEncrypt": false,
        "Upload": {
          "ArrayAccepts": [],
          "Accepts": "",
          "IsCrop": false
        }
      },
      "referenceId": null,
      "defaultValue": null,
      "mixDatabaseId": 7,
      "mixDatabase": null,
      "id": 38,
      "createdDateTime": "2023-05-05T03:11:24.3695004",
      "lastModified": null,
      "createdBy": "tinku",
      "modifiedBy": null,
      "priority": 0,
      "status": "Published",
      "isDeleted": false
    },
    {
      "systemName": "SysUserDataId",
      "displayName": "SysUserDataId",
      "mixDatabaseName": "sysPermissionEndpoint",
      "dataType": "Reference",
      "configurations": {
        "IsUnique": false,
        "IsRequire": false,
        "IsEncrypt": false,
        "IsSelect": false,
        "Upload": {
          "ArrayAccepts": [],
          "Accepts": "",
          "IsCrop": false
        }
      },
      "referenceId": null,
      "defaultValue": null,
      "mixDatabaseId": 7,
      "mixDatabase": null,
      "id": 39,
      "createdDateTime": "2023-05-05T03:11:24.3722115",
      "lastModified": null,
      "createdBy": "tinku",
      "modifiedBy": null,
      "priority": 0,
      "status": "Published",
      "isDeleted": false
    },
    {
      "systemName": "userId",
      "displayName": "User Id",
      "mixDatabaseName": "sysUserPermission",
      "dataType": "Guid",
      "configurations": {
        "IsRequire": false,
        "IsEncrypt": false,
        "Upload": {
          "ArrayAccepts": [],
          "Accepts": "",
          "IsCrop": false
        }
      },
      "referenceId": null,
      "defaultValue": null,
      "mixDatabaseId": 8,
      "mixDatabase": null,
      "id": 40,
      "createdDateTime": "2023-05-05T03:11:24.3759944",
      "lastModified": null,
      "createdBy": "tinku",
      "modifiedBy": null,
      "priority": 1,
      "status": "Published",
      "isDeleted": false
    },
    {
      "systemName": "permissionId",
      "displayName": "Permission Id",
      "mixDatabaseName": "sysUserPermission",
      "dataType": "Integer",
      "configurations": {
        "IsRequire": false,
        "IsEncrypt": false,
        "Upload": {
          "ArrayAccepts": [],
          "Accepts": "",
          "IsCrop": false
        }
      },
      "referenceId": null,
      "defaultValue": null,
      "mixDatabaseId": 8,
      "mixDatabase": null,
      "id": 41,
      "createdDateTime": "2023-05-05T03:11:24.3781093",
      "lastModified": null,
      "createdBy": "tinku",
      "modifiedBy": null,
      "priority": 2,
      "status": "Published",
      "isDeleted": false
    },
    {
      "systemName": "description",
      "displayName": "Description",
      "mixDatabaseName": "sysUserPermission",
      "dataType": "Text",
      "configurations": {
        "IsRequire": false,
        "IsEncrypt": false,
        "Upload": {
          "ArrayAccepts": [],
          "Accepts": "",
          "IsCrop": false
        }
      },
      "referenceId": null,
      "defaultValue": null,
      "mixDatabaseId": 8,
      "mixDatabase": null,
      "id": 42,
      "createdDateTime": "2023-05-05T03:11:24.3808105",
      "lastModified": null,
      "createdBy": "tinku",
      "modifiedBy": null,
      "priority": 3,
      "status": "Published",
      "isDeleted": false
    },
    {
      "systemName": "title",
      "displayName": "Title",
      "mixDatabaseName": "MixcoreCmsHelper",
      "dataType": "Text",
      "configurations": {
        "IsRequire": false,
        "IsEncrypt": false,
        "Upload": {
          "ArrayAccepts": [],
          "Accepts": "",
          "IsCrop": false
        }
      },
      "referenceId": null,
      "defaultValue": null,
      "mixDatabaseId": 9,
      "mixDatabase": null,
      "id": 43,
      "createdDateTime": "2023-05-05T03:11:24.3856174",
      "lastModified": null,
      "createdBy": "tinku",
      "modifiedBy": null,
      "priority": 1,
      "status": "Published",
      "isDeleted": false
    },
    {
      "systemName": "description",
      "displayName": "Description",
      "mixDatabaseName": "MixcoreCmsHelper",
      "dataType": "Html",
      "configurations": {
        "IsRequire": false,
        "IsEncrypt": false,
        "Upload": {
          "ArrayAccepts": [],
          "Accepts": "",
          "IsCrop": false
        }
      },
      "referenceId": null,
      "defaultValue": null,
      "mixDatabaseId": 9,
      "mixDatabase": null,
      "id": 44,
      "createdDateTime": "2023-05-05T03:11:24.3884443",
      "lastModified": null,
      "createdBy": "tinku",
      "modifiedBy": null,
      "priority": 2,
      "status": "Published",
      "isDeleted": false
    },
    {
      "systemName": "sampleCode",
      "displayName": "Sample Code",
      "mixDatabaseName": "MixcoreCmsHelper",
      "dataType": "Html",
      "configurations": {
        "IsRequire": false,
        "IsEncrypt": false,
        "Upload": {
          "ArrayAccepts": [],
          "Accepts": "",
          "IsCrop": false
        }
      },
      "referenceId": null,
      "defaultValue": "",
      "mixDatabaseId": 9,
      "mixDatabase": null,
      "id": 45,
      "createdDateTime": "2023-05-05T03:11:24.3915772",
      "lastModified": null,
      "createdBy": "tinku",
      "modifiedBy": null,
      "priority": 3,
      "status": "Published",
      "isDeleted": false
    },
    {
      "systemName": "type",
      "displayName": "Type",
      "mixDatabaseName": "Metadata",
      "dataType": "Text",
      "configurations": {
        "IsRequire": false,
        "IsEncrypt": false,
        "Upload": {
          "ArrayAccepts": [],
          "Accepts": "",
          "IsCrop": false
        }
      },
      "referenceId": null,
      "defaultValue": null,
      "mixDatabaseId": 10,
      "mixDatabase": null,
      "id": 46,
      "createdDateTime": "2023-05-05T03:11:24.3965393",
      "lastModified": null,
      "createdBy": "tinku",
      "modifiedBy": null,
      "priority": 1,
      "status": "Published",
      "isDeleted": false
    },
    {
      "systemName": "content",
      "displayName": "Content",
      "mixDatabaseName": "Metadata",
      "dataType": "Text",
      "configurations": {
        "IsUnique": false,
        "IsRequire": false,
        "IsEncrypt": false,
        "IsSelect": false,
        "Upload": {
          "ArrayAccepts": [],
          "Accepts": "",
          "IsCrop": false
        }
      },
      "referenceId": null,
      "defaultValue": null,
      "mixDatabaseId": 10,
      "mixDatabase": null,
      "id": 47,
      "createdDateTime": "2023-05-05T03:11:24.4001445",
      "lastModified": null,
      "createdBy": "tinku",
      "modifiedBy": null,
      "priority": 3,
      "status": "Published",
      "isDeleted": false
    },
    {
      "systemName": "seoContent",
      "displayName": "Seo Content",
      "mixDatabaseName": "Metadata",
      "dataType": "Text",
      "configurations": {
        "IsUnique": false,
        "IsRequire": false,
        "IsEncrypt": false,
        "IsSelect": false,
        "Upload": {
          "ArrayAccepts": [],
          "Accepts": "",
          "IsCrop": false
        }
      },
      "referenceId": null,
      "defaultValue": null,
      "mixDatabaseId": 10,
      "mixDatabase": null,
      "id": 48,
      "createdDateTime": "2023-05-05T03:11:24.402783",
      "lastModified": null,
      "createdBy": "tinku",
      "modifiedBy": null,
      "priority": 4,
      "status": "Published",
      "isDeleted": false
    },
    {
      "systemName": "MetadataId",
      "displayName": "MetadataId",
      "mixDatabaseName": "Metadata",
      "dataType": "Reference",
      "configurations": {
        "IsUnique": false,
        "IsRequire": false,
        "IsEncrypt": false,
        "IsSelect": false,
        "Upload": {
          "ArrayAccepts": [],
          "Accepts": "",
          "IsCrop": false
        }
      },
      "referenceId": null,
      "defaultValue": null,
      "mixDatabaseId": 10,
      "mixDatabase": null,
      "id": 49,
      "createdDateTime": "2023-05-05T03:11:24.4054243",
      "lastModified": null,
      "createdBy": "tinku",
      "modifiedBy": null,
      "priority": 0,
      "status": "Published",
      "isDeleted": false
    },
    {
      "systemName": "contentId",
      "displayName": "Content Id",
      "mixDatabaseName": "MetadataContentAssociation",
      "dataType": "Integer",
      "configurations": {
        "IsUnique": false,
        "IsRequire": false,
        "IsEncrypt": false,
        "IsSelect": false,
        "Upload": {
          "ArrayAccepts": [],
          "Accepts": "",
          "IsCrop": false
        }
      },
      "referenceId": null,
      "defaultValue": null,
      "mixDatabaseId": 11,
      "mixDatabase": null,
      "id": 50,
      "createdDateTime": "2023-05-05T03:11:24.4115187",
      "lastModified": null,
      "createdBy": "tinku",
      "modifiedBy": null,
      "priority": 1,
      "status": "Published",
      "isDeleted": false
    },
    {
      "systemName": "contentType",
      "displayName": "Content Type",
      "mixDatabaseName": "MetadataContentAssociation",
      "dataType": "Text",
      "configurations": {
        "IsUnique": false,
        "IsRequire": false,
        "IsEncrypt": false,
        "IsSelect": false,
        "Upload": {
          "ArrayAccepts": [],
          "Accepts": "",
          "IsCrop": false
        }
      },
      "referenceId": null,
      "defaultValue": null,
      "mixDatabaseId": 11,
      "mixDatabase": null,
      "id": 51,
      "createdDateTime": "2023-05-05T03:11:24.4154921",
      "lastModified": null,
      "createdBy": "tinku",
      "modifiedBy": null,
      "priority": 2,
      "status": "Published",
      "isDeleted": false
    },
    {
      "systemName": "description",
      "displayName": "Description",
      "mixDatabaseName": "MetadataContentAssociation",
      "dataType": "MultilineText",
      "configurations": {
        "IsUnique": false,
        "IsRequire": false,
        "IsEncrypt": false,
        "IsSelect": false,
        "Upload": {
          "ArrayAccepts": [],
          "Accepts": "",
          "IsCrop": false
        }
      },
      "referenceId": null,
      "defaultValue": null,
      "mixDatabaseId": 11,
      "mixDatabase": null,
      "id": 52,
      "createdDateTime": "2023-05-05T03:11:24.4281178",
      "lastModified": null,
      "createdBy": "tinku",
      "modifiedBy": null,
      "priority": 3,
      "status": "Published",
      "isDeleted": false
    },
    {
      "systemName": "MetadataId",
      "displayName": "MetadataId",
      "mixDatabaseName": "MetadataContentAssociation",
      "dataType": "Reference",
      "configurations": {
        "IsUnique": false,
        "IsRequire": false,
        "IsEncrypt": false,
        "IsSelect": false,
        "Upload": {
          "ArrayAccepts": [],
          "Accepts": "",
          "IsCrop": false
        }
      },
      "referenceId": null,
      "defaultValue": null,
      "mixDatabaseId": 11,
      "mixDatabase": null,
      "id": 53,
      "createdDateTime": "2023-05-05T03:11:24.4323569",
      "lastModified": null,
      "createdBy": "tinku",
      "modifiedBy": null,
      "priority": 0,
      "status": "Published",
      "isDeleted": false
    },
    {
      "systemName": "street",
      "displayName": "Street",
      "mixDatabaseName": "ContactAddress",
      "dataType": "Text",
      "configurations": {
        "IsUnique": false,
        "IsRequire": false,
        "IsEncrypt": false,
        "IsSelect": false,
        "Upload": {
          "ArrayAccepts": [],
          "Accepts": "",
          "IsCrop": false
        }
      },
      "referenceId": null,
      "defaultValue": null,
      "mixDatabaseId": 12,
      "mixDatabase": null,
      "id": 54,
      "createdDateTime": "2023-05-05T03:11:24.4389793",
      "lastModified": null,
      "createdBy": "tinku",
      "modifiedBy": null,
      "priority": 1,
      "status": "Published",
      "isDeleted": false
    },
    {
      "systemName": "district",
      "displayName": "District",
      "mixDatabaseName": "ContactAddress",
      "dataType": "Text",
      "configurations": {
        "IsUnique": false,
        "IsRequire": false,
        "IsEncrypt": false,
        "IsSelect": false,
        "Upload": {
          "ArrayAccepts": [],
          "Accepts": "",
          "IsCrop": false
        }
      },
      "referenceId": null,
      "defaultValue": null,
      "mixDatabaseId": 12,
      "mixDatabase": null,
      "id": 55,
      "createdDateTime": "2023-05-05T03:11:24.4415987",
      "lastModified": null,
      "createdBy": "tinku",
      "modifiedBy": null,
      "priority": 2,
      "status": "Published",
      "isDeleted": false
    },
    {
      "systemName": "city",
      "displayName": "City",
      "mixDatabaseName": "ContactAddress",
      "dataType": "Text",
      "configurations": {
        "IsUnique": false,
        "IsRequire": false,
        "IsEncrypt": false,
        "IsSelect": false,
        "Upload": {
          "ArrayAccepts": [],
          "Accepts": "",
          "IsCrop": false
        }
      },
      "referenceId": null,
      "defaultValue": null,
      "mixDatabaseId": 12,
      "mixDatabase": null,
      "id": 56,
      "createdDateTime": "2023-05-05T03:11:24.4452855",
      "lastModified": null,
      "createdBy": "tinku",
      "modifiedBy": null,
      "priority": 3,
      "status": "Published",
      "isDeleted": false
    },
    {
      "systemName": "province",
      "displayName": "Province",
      "mixDatabaseName": "ContactAddress",
      "dataType": "Text",
      "configurations": {
        "IsUnique": false,
        "IsRequire": false,
        "IsEncrypt": false,
        "IsSelect": false,
        "Upload": {
          "ArrayAccepts": [],
          "Accepts": "",
          "IsCrop": false
        }
      },
      "referenceId": null,
      "defaultValue": null,
      "mixDatabaseId": 12,
      "mixDatabase": null,
      "id": 57,
      "createdDateTime": "2023-05-05T03:11:24.4507218",
      "lastModified": null,
      "createdBy": "tinku",
      "modifiedBy": null,
      "priority": 4,
      "status": "Published",
      "isDeleted": false
    },
    {
      "systemName": "ward",
      "displayName": "Ward",
      "mixDatabaseName": "ContactAddress",
      "dataType": "Text",
      "configurations": {
        "IsUnique": false,
        "IsRequire": false,
        "IsEncrypt": false,
        "IsSelect": false,
        "Upload": {
          "ArrayAccepts": [],
          "Accepts": "",
          "IsCrop": false
        }
      },
      "referenceId": null,
      "defaultValue": null,
      "mixDatabaseId": 12,
      "mixDatabase": null,
      "id": 58,
      "createdDateTime": "2023-05-05T03:11:24.4549568",
      "lastModified": null,
      "createdBy": "tinku",
      "modifiedBy": null,
      "priority": 5,
      "status": "Published",
      "isDeleted": false
    },
    {
      "systemName": "isDefault",
      "displayName": "Is Default",
      "mixDatabaseName": "ContactAddress",
      "dataType": "Boolean",
      "configurations": {
        "IsUnique": false,
        "IsRequire": false,
        "IsEncrypt": false,
        "IsSelect": false,
        "Upload": {
          "ArrayAccepts": [],
          "Accepts": "",
          "IsCrop": false
        }
      },
      "referenceId": null,
      "defaultValue": null,
      "mixDatabaseId": 12,
      "mixDatabase": null,
      "id": 59,
      "createdDateTime": "2023-05-05T03:11:24.4587436",
      "lastModified": null,
      "createdBy": "tinku",
      "modifiedBy": null,
      "priority": 6,
      "status": "Published",
      "isDeleted": false
    },
    {
      "systemName": "SysUserDataId",
      "displayName": "SysUserDataId",
      "mixDatabaseName": "ContactAddress",
      "dataType": "Reference",
      "configurations": {
        "IsUnique": false,
        "IsRequire": false,
        "IsEncrypt": false,
        "IsSelect": false,
        "Upload": {
          "ArrayAccepts": [],
          "Accepts": "",
          "IsCrop": false
        }
      },
      "referenceId": null,
      "defaultValue": null,
      "mixDatabaseId": 12,
      "mixDatabase": null,
      "id": 60,
      "createdDateTime": "2023-05-05T03:11:24.4614705",
      "lastModified": null,
      "createdBy": "tinku",
      "modifiedBy": null,
      "priority": 0,
      "status": "Published",
      "isDeleted": false
    },
    {
      "systemName": "mixDbName",
      "displayName": "MixDbName",
      "mixDatabaseName": "MixDbEventSubscriber",
      "dataType": "Text",
      "configurations": {
        "isUnique": false,
        "isRequire": false,
        "isEncrypt": false,
        "isSelect": false,
        "maxLength": null,
        "belongTo": null,
        "optionsConfigurationName": null,
        "allowedValues": null,
        "upload": {
          "arrayAccepts": [],
          "accepts": "",
          "width": null,
          "height": null,
          "isCrop": false
        }
      },
      "referenceId": null,
      "defaultValue": null,
      "mixDatabaseId": 13,
      "mixDatabase": null,
      "id": 61,
      "createdDateTime": "2023-05-05T03:11:24.469183",
      "lastModified": null,
      "createdBy": "tinku",
      "modifiedBy": null,
      "priority": 1,
      "status": "Published",
      "isDeleted": false
    },
    {
      "systemName": "callback",
      "displayName": "Callback",
      "mixDatabaseName": "MixDbEventSubscriber",
      "dataType": "Json",
      "configurations": {
        "isUnique": false,
        "isRequire": false,
        "isEncrypt": false,
        "isSelect": false,
        "maxLength": null,
        "belongTo": null,
        "optionsConfigurationName": null,
        "allowedValues": null,
        "upload": {
          "arrayAccepts": [],
          "accepts": "",
          "width": null,
          "height": null,
          "isCrop": false
        }
      },
      "referenceId": null,
      "defaultValue": "{\"method\":\"\",\"requestUrl\":\"\",\"body\":{} }",
      "mixDatabaseId": 13,
      "mixDatabase": null,
      "id": 62,
      "createdDateTime": "2023-05-05T03:11:24.4719472",
      "lastModified": null,
      "createdBy": "tinku",
      "modifiedBy": null,
      "priority": 5,
      "status": "Published",
      "isDeleted": false
    },
    {
      "systemName": "action",
      "displayName": "Action",
      "mixDatabaseName": "MixDbEventSubscriber",
      "dataType": "Text",
      "configurations": {
        "isUnique": false,
        "isRequire": false,
        "isEncrypt": false,
        "isSelect": true,
        "maxLength": null,
        "belongTo": null,
        "optionsConfigurationName": null,
        "allowedValues": [ "POST", "PUT", "PATCH", "DELETE" ],
        "upload": {
          "arrayAccepts": [],
          "accepts": "",
          "width": null,
          "height": null,
          "isCrop": false
        }
      },
      "referenceId": null,
      "defaultValue": null,
      "mixDatabaseId": 13,
      "mixDatabase": null,
      "id": 63,
      "createdDateTime": "2023-05-05T03:11:24.4744941",
      "lastModified": null,
      "createdBy": "tinku",
      "modifiedBy": null,
      "priority": 3,
      "status": "Published",
      "isDeleted": false
    }
  ]
}
