{
  "pages": [
    {
      "id": 1,
      "specificulture": "en-us",
      "cultures": null,
      "template": "Pages/_Tag.cshtml",
      "thumbnail": null,
      "image": "assets/img/bgs/tag.jpg",
      "icon": null,
      "cssClass": null,
      "layout": "Masters/_Layout.cshtml",
      "title": "Tag",
      "excerpt": null,
      "content": null,
      "seoName": "tag",
      "seoTitle": "tag",
      "seoDescription": "tag",
      "seoKeywords": "tag",
      "source": null,
      "views": null,
      "type": 2,
      "tags": null,
      "staticUrl": null,
      "level": 0,
      "pageSize": null,
      "createdBy": "admin",
      "createdDateTime": "2021-02-06T04:05:41.2572365",
      "modifiedBy": null,
      "lastModified": "2019-07-13T01:41:55.923",
      "priority": 0,
      "status": 2,
      "urlAliases": [],
      "isExportData": true,
      "themeName": "default"
    },
    {
      "id": 2,
      "specificulture": "en-us",
      "cultures": null,
      "template": "Pages/_Search.cshtml",
      "thumbnail": null,
      "image": "assets/img/bgs/search.jpg",
      "icon": null,
      "cssClass": null,
      "layout": "Masters/_Layout.cshtml",
      "title": "Search",
      "excerpt": null,
      "content": null,
      "seoName": "search",
      "seoTitle": "search",
      "seoDescription": "search",
      "seoKeywords": "search",
      "source": null,
      "views": null,
      "type": 2,
      "tags": null,
      "staticUrl": null,
      "level": 0,
      "pageSize": null,
      "createdBy": "admin",
      "createdDateTime": "2021-02-06T04:05:41.3190067",
      "modifiedBy": null,
      "lastModified": "2019-07-13T01:41:41.72",
      "priority": 0,
      "status": 2,
      "urlAliases": [],
      "isExportData": true,
      "themeName": "default"
    },
    {
      "id": 3,
      "specificulture": "en-us",
      "cultures": null,
      "template": "Pages/_Blank.cshtml",
      "thumbnail": null,
      "image": "assets/img/bgs/404.jpg",
      "icon": null,
      "cssClass": null,
      "layout": "Masters/_Blank.cshtml",
      "title": "404",
      "excerpt": null,
      "content": null,
      "seoName": "404",
      "seoTitle": "404",
      "seoDescription": "404",
      "seoKeywords": "404",
      "source": null,
      "views": null,
      "type": 2,
      "tags": null,
      "staticUrl": null,
      "level": 0,
      "pageSize": null,
      "createdBy": "admin",
      "createdDateTime": "2021-02-06T04:05:41.3351047",
      "modifiedBy": null,
      "lastModified": "2019-07-13T01:43:50.107",
      "priority": 0,
      "status": 2,
      "urlAliases": [],
      "isExportData": true,
      "themeName": "default"
    },
    {
      "id": 4,
      "specificulture": "en-us",
      "cultures": null,
      "template": "Pages/_Blank.cshtml",
      "thumbnail": null,
      "image": "assets/img/bgs/403.png",
      "icon": null,
      "cssClass": null,
      "layout": "Masters/_Blank.cshtml",
      "title": "403",
      "excerpt": null,
      "content": null,
      "seoName": "403",
      "seoTitle": "403",
      "seoDescription": "403",
      "seoKeywords": "403",
      "source": null,
      "views": null,
      "type": 2,
      "tags": null,
      "staticUrl": null,
      "level": 0,
      "pageSize": null,
      "createdBy": "admin",
      "createdDateTime": "2021-02-06T04:05:41.3516709",
      "modifiedBy": null,
      "lastModified": "2019-07-13T01:44:08.35",
      "priority": 0,
      "status": 2,
      "urlAliases": [],
      "isExportData": true,
      "themeName": "default"
    },
    {
      "id": 5,
      "specificulture": "en-us",
      "cultures": null,
      "template": "Pages/_Blank.cshtml",
      "thumbnail": null,
      "image": "assets/img/bgs/500.png",
      "icon": null,
      "cssClass": null,
      "layout": "Masters/_Blank.cshtml",
      "title": "500",
      "excerpt": null,
      "content": null,
      "seoName": "500",
      "seoTitle": "500",
      "seoDescription": "500",
      "seoKeywords": "500",
      "source": null,
      "views": null,
      "type": 2,
      "tags": null,
      "staticUrl": null,
      "level": 0,
      "pageSize": null,
      "createdBy": "admin",
      "createdDateTime": "2021-02-06T04:05:41.3676281",
      "modifiedBy": null,
      "lastModified": "2019-07-13T01:46:15.697",
      "priority": 0,
      "status": 2,
      "urlAliases": [],
      "isExportData": true,
      "themeName": "default"
    },
    {
      "id": 6,
      "specificulture": "en-us",
      "cultures": null,
      "template": "Pages/_Maintenance.cshtml",
      "thumbnail": null,
      "image": "assets/img/bgs/Maintenance.jpg",
      "icon": null,
      "cssClass": null,
      "layout": "Masters/_Blank.cshtml",
      "title": "Maintenance",
      "excerpt": null,
      "content": null,
      "seoName": "maintenance",
      "seoTitle": "maintenance",
      "seoDescription": "maintenance",
      "seoKeywords": "maintenance",
      "source": null,
      "views": null,
      "type": 2,
      "tags": null,
      "staticUrl": null,
      "level": 0,
      "pageSize": null,
      "createdBy": "admin",
      "createdDateTime": "2021-02-06T04:05:41.3835823",
      "modifiedBy": null,
      "lastModified": "2020-06-18T05:43:45.593",
      "priority": 0,
      "status": 2,
      "urlAliases": [],
      "isExportData": true,
      "themeName": "default"
    },
    {
      "id": 7,
      "specificulture": "en-us",
      "cultures": null,
      "template": "Pages/Landing.cshtml",
      "thumbnail": null,
      "image": "https://dev.mixcore.org/assets/img/bgs/home.jpeg",
      "icon": null,
      "cssClass": null,
      "layout": "Masters/_Layout.cshtml",
      "title": "Landing Page",
      "excerpt": null,
      "content": "<p>Hello! dsf sadf sfd sầ df</p><p>f</p><p>sa fd</p><p><strong>safd </strong></p><p><strong>sdf</strong></p><p><strong> sà</strong></p>",
      "seoName": "home",
      "seoTitle": "home",
      "seoDescription": "home",
      "seoKeywords": "home",
      "source": null,
      "views": null,
      "type": 1,
      "tags": null,
      "staticUrl": null,
      "level": 0,
      "pageSize": null,
      "createdBy": "admin",
      "createdDateTime": "2021-02-06T04:05:41.3994614",
      "modifiedBy": "admin",
      "lastModified": "2021-02-06T19:10:37.2908551",
      "priority": 0,
      "status": 2,
      "urlAliases": [],
      "isExportData": true,
      "themeName": "default"
    },
    {
      "id": 8,
      "specificulture": "en-us",
      "cultures": null,
      "template": "Pages/Blogs.cshtml",
      "thumbnail": null,
      "image": null,
      "icon": null,
      "cssClass": null,
      "layout": "Masters/_Layout.cshtml",
      "title": "Blogs",
      "excerpt": null,
      "content": null,
      "seoName": "blogs",
      "seoTitle": "Blogs",
      "seoDescription": "blogs",
      "seoKeywords": "Blogs",
      "source": null,
      "views": null,
      "type": 3,
      "tags": null,
      "staticUrl": null,
      "level": null,
      "pageSize": null,
      "createdBy": "admin",
      "createdDateTime": "2021-02-06T19:14:57.7730176",
      "modifiedBy": null,
      "lastModified": "2021-02-06T19:14:57.773039",
      "priority": 0,
      "status": 2,
      "urlAliases": [],
      "isExportData": true,
      "themeName": "default"
    }
  ],
  "modules": [
    {
      "id": 1,
      "specificulture": "en-us",
      "cultures": null,
      "name": "page_header",
      "image": "mix-app/assets/img/image_placeholder.jpg",
      "thumbnail": "/mix-app/assets/img/image_placeholder.jpg",
      "template": "Modules/PageHeader.cshtml",
      "formTemplate": "Forms/_Blank.cshtml",
      "edmTemplate": "Edms/_Blank.cshtml",
      "title": "Page Header",
      "description": null,
      "fields": "[{\"name\":\"title\",\"title\":\"Title\",\"defaultValue\":null,\"options\":[],\"priority\":0,\"dataType\":7,\"isUnique\":false,\"isRequired\":false,\"isDisplay\":true,\"isSelect\":false,\"isGroupBy\":false,\"width\":3},{\"name\":\"desc\",\"title\":\"Desc\",\"defaultValue\":null,\"options\":[],\"priority\":0,\"dataType\":7,\"isUnique\":false,\"isRequired\":false,\"isDisplay\":true,\"isSelect\":false,\"isGroupBy\":false,\"width\":3}]",
      "type": 1,
      "pageSize": null,
      "createdBy": "admin",
      "createdDateTime": "2021-02-06T17:38:34.8842253",
      "modifiedBy": "admin",
      "lastModified": "2021-02-07T08:04:14.0851069",
      "priority": 0,
      "status": 2,
      "data": [],
      "postNavs": null,
      "postId": null,
      "pageId": 0,
      "isExportData": true
    },
    {
      "id": 2,
      "specificulture": "en-us",
      "cultures": null,
      "name": "main_navigation",
      "image": "mix-app/assets/img/image_placeholder.jpg",
      "thumbnail": "/mix-app/assets/img/image_placeholder.jpg",
      "template": "Modules/MainNavigation.cshtml",
      "formTemplate": "Forms/_Blank.cshtml",
      "edmTemplate": "Edms/_Blank.cshtml",
      "title": "Main Navigation",
      "description": null,
      "fields": "[]",
      "type": 0,
      "pageSize": null,
      "createdBy": "admin",
      "createdDateTime": "2021-02-06T17:55:02.9420887",
      "modifiedBy": null,
      "lastModified": "2021-02-06T17:55:02.9420859",
      "priority": 0,
      "status": 2,
      "data": [],
      "postNavs": null,
      "postId": null,
      "pageId": 0,
      "isExportData": true
    },
    {
      "id": 3,
      "specificulture": "en-us",
      "cultures": null,
      "name": "product_highlight",
      "image": "mix-app/assets/img/image_placeholder.jpg",
      "thumbnail": "/mix-app/assets/img/image_placeholder.jpg",
      "template": "Modules/ProductHighlight.cshtml",
      "formTemplate": "Forms/_Blank.cshtml",
      "edmTemplate": "Edms/_Blank.cshtml",
      "title": "Product Highlight",
      "description": null,
      "fields": "[]",
      "type": 1,
      "pageSize": null,
      "createdBy": "admin",
      "createdDateTime": "2021-02-06T18:49:08.177856",
      "modifiedBy": "admin",
      "lastModified": "2021-02-07T07:56:12.6909675",
      "priority": 0,
      "status": 2,
      "data": [],
      "postNavs": null,
      "postId": null,
      "pageId": 0,
      "isExportData": true
    },
    {
      "id": 4,
      "specificulture": "en-us",
      "cultures": null,
      "name": "our_team",
      "image": "mix-app/assets/img/image_placeholder.jpg",
      "thumbnail": "/mix-app/assets/img/image_placeholder.jpg",
      "template": "Modules/OurTeam.cshtml",
      "formTemplate": "Forms/_Blank.cshtml",
      "edmTemplate": "Edms/_Blank.cshtml",
      "title": "Our Team",
      "description": null,
      "fields": "[]",
      "type": 0,
      "pageSize": null,
      "createdBy": "admin",
      "createdDateTime": "2021-02-06T18:53:20.2088093",
      "modifiedBy": null,
      "lastModified": "2021-02-06T18:53:20.2088072",
      "priority": 0,
      "status": 2,
      "data": [],
      "postNavs": null,
      "postId": null,
      "pageId": 0,
      "isExportData": true
    },
    {
      "id": 5,
      "specificulture": "en-us",
      "cultures": null,
      "name": "latest_blog_posts",
      "image": "mix-app/assets/img/image_placeholder.jpg",
      "thumbnail": "/mix-app/assets/img/image_placeholder.jpg",
      "template": "Modules/LatestBlogPosts.cshtml",
      "formTemplate": "Forms/_Blank.cshtml",
      "edmTemplate": "Edms/_Blank.cshtml",
      "title": "Latest Blog Posts",
      "description": null,
      "fields": "[]",
      "type": 2,
      "pageSize": null,
      "createdBy": "admin",
      "createdDateTime": "2021-02-06T19:00:45.9541269",
      "modifiedBy": null,
      "lastModified": "2021-02-06T19:00:45.9541267",
      "priority": 0,
      "status": 2,
      "data": [],
      "postNavs": null,
      "postId": null,
      "pageId": 0,
      "isExportData": true
    },
    {
      "id": 6,
      "specificulture": "en-us",
      "cultures": null,
      "name": "footer",
      "image": "mix-app/assets/img/image_placeholder.jpg",
      "thumbnail": "/mix-app/assets/img/image_placeholder.jpg",
      "template": "Modules/Footer.cshtml",
      "formTemplate": "Forms/_Blank.cshtml",
      "edmTemplate": "Edms/_Blank.cshtml",
      "title": "Footer",
      "description": null,
      "fields": "[]",
      "type": 0,
      "pageSize": null,
      "createdBy": "admin",
      "createdDateTime": "2021-02-07T06:40:47.1707414",
      "modifiedBy": null,
      "lastModified": "2021-02-07T06:40:47.1707216",
      "priority": 0,
      "status": 2,
      "data": [],
      "postNavs": null,
      "postId": null,
      "pageId": 0,
      "isExportData": true
    }
  ],
  "attributeSets": [
    {
      "id": 1,
      "ReferenceId": null,
      "type": "System",
      "title": "Menu Item",
      "name": "sys_menu_item",
      "description": null,
      "formTemplate": "Layouts/Footer.cshtml",
      "edmTemplate": "Layouts/Footer.cshtml",
      "edmSubject": null,
      "edmFrom": null,
      "edmAutoSend": null,
      "createdBy": null,
      "createdDateTime": "2021-02-06T04:05:41.4917642",
      "modifiedBy": null,
      "lastModified": "2020-06-18T05:20:33.207",
      "priority": 0,
      "status": 2,
      "fields": [
        {
          "id": 1,
          "specificulture": null,
          "attributeSetId": 1,
          "attributeSetName": "sys_menu_item",
          "configurations": "{\"upload\":{\"arrayAccepts\":[],\"accepts\":\"\",\"width\":null,\"height\":null,\"isCrop\":false}}",
          "referenceId": null,
          "regex": null,
          "isRegex": false,
          "title": "Title",
          "dataType": 7,
          "defaultValue": null,
          "strOptions": null,
          "options": null,
          "name": "title",
          "isRequire": true,
          "isEncrypt": false,
          "isSelect": false,
          "isUnique": false,
          "isMultiple": false,
          "createdBy": null,
          "createdDateTime": "2021-02-06T04:05:41.6396436",
          "modifiedBy": null,
          "lastModified": null,
          "priority": 0,
          "status": 2,
          "fieldConfigurations": {
            "upload": {
              "arrayAccepts": [],
              "accepts": "",
              "width": null,
              "height": null,
              "isCrop": false
            }
          }
        },
        {
          "id": 2,
          "specificulture": null,
          "attributeSetId": 1,
          "attributeSetName": "sys_menu_item",
          "configurations": "{\"upload\":{\"arrayAccepts\":[],\"accepts\":\"\",\"width\":null,\"height\":null,\"isCrop\":false}}",
          "referenceId": null,
          "regex": null,
          "isRegex": false,
          "title": "Uri",
          "dataType": 7,
          "defaultValue": null,
          "strOptions": "[]",
          "options": [],
          "name": "uri",
          "isRequire": false,
          "isEncrypt": false,
          "isSelect": false,
          "isUnique": false,
          "isMultiple": false,
          "createdBy": null,
          "createdDateTime": "2021-02-06T04:05:41.6920432",
          "modifiedBy": null,
          "lastModified": null,
          "priority": 1,
          "status": 2,
          "fieldConfigurations": {
            "upload": {
              "arrayAccepts": [],
              "accepts": "",
              "width": null,
              "height": null,
              "isCrop": false
            }
          }
        },
        {
          "id": 3,
          "specificulture": null,
          "attributeSetId": 1,
          "attributeSetName": "sys_menu_item",
          "configurations": "{\"upload\":{\"arrayAccepts\":[],\"accepts\":\"\",\"width\":null,\"height\":null,\"isCrop\":false}}",
          "referenceId": null,
          "regex": null,
          "isRegex": false,
          "title": "Icon",
          "dataType": 19,
          "defaultValue": null,
          "strOptions": "[]",
          "options": [],
          "name": "icon",
          "isRequire": false,
          "isEncrypt": false,
          "isSelect": false,
          "isUnique": false,
          "isMultiple": false,
          "createdBy": null,
          "createdDateTime": "2021-02-06T04:05:41.7064128",
          "modifiedBy": null,
          "lastModified": null,
          "priority": 2,
          "status": 2,
          "fieldConfigurations": {
            "upload": {
              "arrayAccepts": [],
              "accepts": "",
              "width": null,
              "height": null,
              "isCrop": false
            }
          }
        },
        {
          "id": 4,
          "specificulture": null,
          "attributeSetId": 1,
          "attributeSetName": "sys_menu_item",
          "configurations": "{\"upload\":{\"arrayAccepts\":[],\"accepts\":\"\",\"width\":null,\"height\":null,\"isCrop\":false}}",
          "referenceId": null,
          "regex": null,
          "isRegex": false,
          "title": "Type",
          "dataType": 7,
          "defaultValue": "Uri",
          "strOptions": "[\r\n  {\r\n    \"value\": \"Uri\",\r\n    \"dataType\": \"Text\"\r\n  },\r\n  {\r\n    \"value\": \"Page\",\r\n    \"dataType\": \"Text\"\r\n  },\r\n  {\r\n    \"value\": \"Post\",\r\n    \"dataType\": \"Text\"\r\n  }\r\n]",
          "options": [
            {
              "value": "Uri",
              "dataType": "Text"
            },
            {
              "value": "Page",
              "dataType": "Text"
            },
            {
              "value": "Post",
              "dataType": "Text"
            }
          ],
          "name": "type",
          "isRequire": false,
          "isEncrypt": false,
          "isSelect": true,
          "isUnique": false,
          "isMultiple": false,
          "createdBy": null,
          "createdDateTime": "2021-02-06T04:05:41.7197099",
          "modifiedBy": null,
          "lastModified": null,
          "priority": 3,
          "status": 2,
          "fieldConfigurations": {
            "upload": {
              "arrayAccepts": [],
              "accepts": "",
              "width": null,
              "height": null,
              "isCrop": false
            }
          }
        },
        {
          "id": 5,
          "specificulture": null,
          "attributeSetId": 1,
          "attributeSetName": "sys_menu_item",
          "configurations": "{\"upload\":{\"arrayAccepts\":[],\"accepts\":\"\",\"width\":null,\"height\":null,\"isCrop\":false}}",
          "referenceId": null,
          "regex": null,
          "isRegex": false,
          "title": "Target",
          "dataType": 7,
          "defaultValue": "_top",
          "strOptions": "[\r\n  {\r\n    \"value\": \"_blank\",\r\n    \"dataType\": \"Text\"\r\n  },\r\n  {\r\n    \"value\": \"_self\",\r\n    \"dataType\": \"Text\"\r\n  },\r\n  {\r\n    \"value\": \"_parent\",\r\n    \"dataType\": \"Text\"\r\n  },\r\n  {\r\n    \"value\": \"_top\",\r\n    \"dataType\": \"Text\"\r\n  },\r\n  {\r\n    \"value\": \"framename\",\r\n    \"dataType\": \"Text\"\r\n  }\r\n]",
          "options": [
            {
              "value": "_blank",
              "dataType": "Text"
            },
            {
              "value": "_self",
              "dataType": "Text"
            },
            {
              "value": "_parent",
              "dataType": "Text"
            },
            {
              "value": "_top",
              "dataType": "Text"
            },
            {
              "value": "framename",
              "dataType": "Text"
            }
          ],
          "name": "target",
          "isRequire": false,
          "isEncrypt": false,
          "isSelect": true,
          "isUnique": false,
          "isMultiple": false,
          "createdBy": null,
          "createdDateTime": "2021-02-06T04:05:41.7325676",
          "modifiedBy": null,
          "lastModified": null,
          "priority": 4,
          "status": 2,
          "fieldConfigurations": {
            "upload": {
              "arrayAccepts": [],
              "accepts": "",
              "width": null,
              "height": null,
              "isCrop": false
            }
          }
        },
        {
          "id": 6,
          "specificulture": null,
          "attributeSetId": 1,
          "attributeSetName": "sys_menu_item",
          "configurations": "{\"upload\":{\"arrayAccepts\":[],\"accepts\":\"\",\"width\":null,\"height\":null,\"isCrop\":false}}",
          "referenceId": null,
          "regex": null,
          "isRegex": false,
          "title": "Target Id",
          "dataType": 7,
          "defaultValue": "",
          "strOptions": "[]",
          "options": [],
          "name": "target_id",
          "isRequire": false,
          "isEncrypt": false,
          "isSelect": false,
          "isUnique": false,
          "isMultiple": false,
          "createdBy": null,
          "createdDateTime": "2021-02-06T04:05:41.7462062",
          "modifiedBy": null,
          "lastModified": null,
          "priority": 4,
          "status": 2,
          "fieldConfigurations": {
            "upload": {
              "arrayAccepts": [],
              "accepts": "",
              "width": null,
              "height": null,
              "isCrop": false
            }
          }
        },
        {
          "id": 7,
          "specificulture": null,
          "attributeSetId": 1,
          "attributeSetName": "sys_menu_item",
          "configurations": "{\"upload\":{\"arrayAccepts\":[],\"accepts\":\"\",\"width\":null,\"height\":null,\"isCrop\":false}}",
          "referenceId": null,
          "regex": null,
          "isRegex": false,
          "title": "Classes",
          "dataType": 7,
          "defaultValue": null,
          "strOptions": null,
          "options": null,
          "name": "classes",
          "isRequire": false,
          "isEncrypt": false,
          "isSelect": false,
          "isUnique": false,
          "isMultiple": false,
          "createdBy": null,
          "createdDateTime": "2021-02-06T04:05:41.7611682",
          "modifiedBy": null,
          "lastModified": null,
          "priority": 5,
          "status": 2,
          "fieldConfigurations": {
            "upload": {
              "arrayAccepts": [],
              "accepts": "",
              "width": null,
              "height": null,
              "isCrop": false
            }
          }
        },
        {
          "id": 8,
          "specificulture": null,
          "attributeSetId": 1,
          "attributeSetName": "sys_menu_item",
          "configurations": "{\"upload\":{\"arrayAccepts\":[],\"accepts\":\"\",\"width\":null,\"height\":null,\"isCrop\":false}}",
          "referenceId": null,
          "regex": null,
          "isRegex": false,
          "title": "Description",
          "dataType": 9,
          "defaultValue": null,
          "strOptions": null,
          "options": null,
          "name": "description",
          "isRequire": false,
          "isEncrypt": false,
          "isSelect": false,
          "isUnique": false,
          "isMultiple": false,
          "createdBy": null,
          "createdDateTime": "2021-02-06T04:05:41.7758606",
          "modifiedBy": null,
          "lastModified": null,
          "priority": 6,
          "status": 2,
          "fieldConfigurations": {
            "upload": {
              "arrayAccepts": [],
              "accepts": "",
              "width": null,
              "height": null,
              "isCrop": false
            }
          }
        },
        {
          "id": 9,
          "specificulture": null,
          "attributeSetId": 1,
          "attributeSetName": "sys_menu_item",
          "configurations": "{\"upload\":{\"arrayAccepts\":[],\"accepts\":\"\",\"width\":null,\"height\":null,\"isCrop\":false}}",
          "referenceId": 1,
          "regex": null,
          "isRegex": false,
          "title": "Menu Items",
          "dataType": 23,
          "defaultValue": null,
          "strOptions": null,
          "options": null,
          "name": "menu_items",
          "isRequire": false,
          "isEncrypt": false,
          "isSelect": false,
          "isUnique": false,
          "isMultiple": false,
          "createdBy": null,
          "createdDateTime": "2021-02-06T04:05:41.7894312",
          "modifiedBy": null,
          "lastModified": null,
          "priority": 7,
          "status": 2,
          "fieldConfigurations": {
            "upload": {
              "arrayAccepts": [],
              "accepts": "",
              "width": null,
              "height": null,
              "isCrop": false
            }
          }
        },
        {
          "id": 10,
          "specificulture": null,
          "attributeSetId": 1,
          "attributeSetName": "sys_menu_item",
          "configurations": "{\"upload\":{\"arrayAccepts\":[],\"accepts\":\"\",\"width\":null,\"height\":null,\"isCrop\":false}}",
          "referenceId": null,
          "regex": null,
          "isRegex": false,
          "title": "Alt",
          "dataType": 7,
          "defaultValue": null,
          "strOptions": "[]",
          "options": [],
          "name": "alt",
          "isRequire": false,
          "isEncrypt": false,
          "isSelect": false,
          "isUnique": false,
          "isMultiple": false,
          "createdBy": null,
          "createdDateTime": "2021-02-06T04:05:41.8038355",
          "modifiedBy": null,
          "lastModified": null,
          "priority": 8,
          "status": 2,
          "fieldConfigurations": {
            "upload": {
              "arrayAccepts": [],
              "accepts": "",
              "width": null,
              "height": null,
              "isCrop": false
            }
          }
        },
        {
          "id": 11,
          "specificulture": null,
          "attributeSetId": 1,
          "attributeSetName": "sys_menu_item",
          "configurations": "{\"upload\":{\"arrayAccepts\":[],\"accepts\":\"\",\"width\":null,\"height\":null,\"isCrop\":false}}",
          "referenceId": null,
          "regex": null,
          "isRegex": false,
          "title": "Hreflang",
          "dataType": 7,
          "defaultValue": null,
          "strOptions": "[]",
          "options": [],
          "name": "hreflang",
          "isRequire": false,
          "isEncrypt": false,
          "isSelect": false,
          "isUnique": false,
          "isMultiple": false,
          "createdBy": null,
          "createdDateTime": "2021-02-06T04:05:41.8192534",
          "modifiedBy": null,
          "lastModified": null,
          "priority": 9,
          "status": 2,
          "fieldConfigurations": {
            "upload": {
              "arrayAccepts": [],
              "accepts": "",
              "width": null,
              "height": null,
              "isCrop": false
            }
          }
        },
        {
          "id": 12,
          "specificulture": null,
          "attributeSetId": 1,
          "attributeSetName": "sys_menu_item",
          "configurations": "{\"upload\":{\"arrayAccepts\":[],\"accepts\":\"\",\"width\":null,\"height\":null,\"isCrop\":false}}",
          "referenceId": null,
          "regex": null,
          "isRegex": false,
          "title": "Rel",
          "dataType": 7,
          "defaultValue": null,
          "strOptions": "[\r\n  {\r\n    \"value\": \"next\",\r\n    \"dataType\": \"Text\"\r\n  },\r\n  {\r\n    \"value\": \"nofollow\",\r\n    \"dataType\": \"Text\"\r\n  },\r\n  {\r\n    \"value\": \"noreferrer\",\r\n    \"dataType\": \"Text\"\r\n  },\r\n  {\r\n    \"value\": \"prev\",\r\n    \"dataType\": \"Text\"\r\n  }\r\n]",
          "options": [
            {
              "value": "next",
              "dataType": "Text"
            },
            {
              "value": "nofollow",
              "dataType": "Text"
            },
            {
              "value": "noreferrer",
              "dataType": "Text"
            },
            {
              "value": "prev",
              "dataType": "Text"
            }
          ],
          "name": "rel",
          "isRequire": false,
          "isEncrypt": false,
          "isSelect": true,
          "isUnique": false,
          "isMultiple": false,
          "createdBy": null,
          "createdDateTime": "2021-02-06T04:05:41.8336403",
          "modifiedBy": null,
          "lastModified": null,
          "priority": 10,
          "status": 2,
          "fieldConfigurations": {
            "upload": {
              "arrayAccepts": [],
              "accepts": "",
              "width": null,
              "height": null,
              "isCrop": false
            }
          }
        }
      ],
      "isExportData": true
    },
    {
      "id": 2,
      "ReferenceId": null,
      "type": "System",
      "title": "Navigation",
      "name": "sys_navigation",
      "description": null,
      "formTemplate": "Forms/_Blank.cshtml",
      "edmTemplate": "Edms/_Blank.cshtml",
      "edmSubject": null,
      "edmFrom": null,
      "edmAutoSend": null,
      "createdBy": null,
      "createdDateTime": "2021-02-06T04:05:41.5405295",
      "modifiedBy": null,
      "lastModified": null,
      "priority": 0,
      "status": 2,
      "fields": [
        {
          "id": 13,
          "specificulture": null,
          "attributeSetId": 2,
          "attributeSetName": "sys_navigation",
          "configurations": "{\"upload\":{\"arrayAccepts\":[],\"accepts\":\"\",\"width\":null,\"height\":null,\"isCrop\":false}}",
          "referenceId": null,
          "regex": null,
          "isRegex": false,
          "title": "Title",
          "dataType": 7,
          "defaultValue": null,
          "strOptions": "[]",
          "options": [],
          "name": "title",
          "isRequire": true,
          "isEncrypt": false,
          "isSelect": false,
          "isUnique": false,
          "isMultiple": false,
          "createdBy": null,
          "createdDateTime": "2021-02-06T04:05:41.8478972",
          "modifiedBy": null,
          "lastModified": null,
          "priority": 0,
          "status": 2,
          "fieldConfigurations": {
            "upload": {
              "arrayAccepts": [],
              "accepts": "",
              "width": null,
              "height": null,
              "isCrop": false
            }
          }
        },
        {
          "id": 14,
          "specificulture": null,
          "attributeSetId": 2,
          "attributeSetName": "sys_navigation",
          "configurations": "{\"upload\":{\"arrayAccepts\":[],\"accepts\":\"\",\"width\":null,\"height\":null,\"isCrop\":false}}",
          "referenceId": null,
          "regex": null,
          "isRegex": false,
          "title": "Name",
          "dataType": 7,
          "defaultValue": null,
          "strOptions": null,
          "options": null,
          "name": "name",
          "isRequire": true,
          "isEncrypt": false,
          "isSelect": false,
          "isUnique": false,
          "isMultiple": false,
          "createdBy": null,
          "createdDateTime": "2021-02-06T04:05:41.8613924",
          "modifiedBy": null,
          "lastModified": null,
          "priority": 1,
          "status": 2,
          "fieldConfigurations": {
            "upload": {
              "arrayAccepts": [],
              "accepts": "",
              "width": null,
              "height": null,
              "isCrop": false
            }
          }
        },
        {
          "id": 15,
          "specificulture": null,
          "attributeSetId": 2,
          "attributeSetName": "sys_navigation",
          "configurations": "{\"upload\":{\"arrayAccepts\":[],\"accepts\":\"\",\"width\":null,\"height\":null,\"isCrop\":false}}",
          "referenceId": 1,
          "regex": null,
          "isRegex": false,
          "title": "Menu Items",
          "dataType": 23,
          "defaultValue": null,
          "strOptions": "[]",
          "options": [],
          "name": "menu_items",
          "isRequire": false,
          "isEncrypt": false,
          "isSelect": false,
          "isUnique": false,
          "isMultiple": false,
          "createdBy": null,
          "createdDateTime": "2021-02-06T04:05:41.8748908",
          "modifiedBy": null,
          "lastModified": null,
          "priority": 2,
          "status": 2,
          "fieldConfigurations": {
            "upload": {
              "arrayAccepts": [],
              "accepts": "",
              "width": null,
              "height": null,
              "isCrop": false
            }
          }
        }
      ],
      "isExportData": true
    },
    {
      "id": 3,
      "ReferenceId": null,
      "type": "System",
      "title": "Page",
      "name": "sys_additional_field_page",
      "description": null,
      "formTemplate": "Forms/_Blank.cshtml",
      "edmTemplate": "Edms/_Blank.cshtml",
      "edmSubject": null,
      "edmFrom": null,
      "edmAutoSend": null,
      "createdBy": null,
      "createdDateTime": "2021-02-06T04:05:41.5525147",
      "modifiedBy": null,
      "lastModified": null,
      "priority": 0,
      "status": 2,
      "fields": [],
      "isExportData": true
    },
    {
      "id": 4,
      "ReferenceId": null,
      "type": "System",
      "title": "Module",
      "name": "sys_additional_field_module",
      "description": null,
      "formTemplate": "Forms/_Blank.cshtml",
      "edmTemplate": "Edms/_Blank.cshtml",
      "edmSubject": null,
      "edmFrom": null,
      "edmAutoSend": null,
      "createdBy": null,
      "createdDateTime": "2021-02-06T04:05:41.5641237",
      "modifiedBy": null,
      "lastModified": null,
      "priority": 0,
      "status": 2,
      "fields": [],
      "isExportData": true
    },
    {
      "id": 5,
      "ReferenceId": null,
      "type": "System",
      "title": "Post",
      "name": "sys_additional_field_post",
      "description": null,
      "formTemplate": "Forms/_Blank.cshtml",
      "edmTemplate": "Edms/_Blank.cshtml",
      "edmSubject": null,
      "edmFrom": null,
      "edmAutoSend": null,
      "createdBy": null,
      "createdDateTime": "2021-02-06T04:05:41.5818613",
      "modifiedBy": null,
      "lastModified": null,
      "priority": 0,
      "status": 2,
      "fields": [],
      "isExportData": true
    },
    {
      "id": 6,
      "ReferenceId": null,
      "type": "System",
      "title": "Additional Field",
      "name": "sys_additional_field",
      "description": null,
      "formTemplate": "Forms/_Blank.cshtml",
      "edmTemplate": "Edms/_Blank.cshtml",
      "edmSubject": null,
      "edmFrom": null,
      "edmAutoSend": null,
      "createdBy": null,
      "createdDateTime": "2021-02-06T04:05:41.5934734",
      "modifiedBy": null,
      "lastModified": null,
      "priority": 1,
      "status": 2,
      "fields": [],
      "isExportData": true
    },
    {
      "id": 7,
      "ReferenceId": null,
      "type": "System",
      "title": "Category",
      "name": "sys_category",
      "description": null,
      "formTemplate": null,
      "edmTemplate": null,
      "edmSubject": null,
      "edmFrom": null,
      "edmAutoSend": null,
      "createdBy": null,
      "createdDateTime": "2021-02-06T04:05:41.6047505",
      "modifiedBy": null,
      "lastModified": null,
      "priority": 2,
      "status": 2,
      "fields": [
        {
          "id": 16,
          "specificulture": null,
          "attributeSetId": 7,
          "attributeSetName": "sys_category",
          "configurations": "{\"upload\":{\"arrayAccepts\":[],\"accepts\":\"\",\"width\":null,\"height\":null,\"isCrop\":false}}",
          "referenceId": null,
          "regex": null,
          "isRegex": false,
          "title": "Title",
          "dataType": 7,
          "defaultValue": null,
          "strOptions": "[]",
          "options": [],
          "name": "title",
          "isRequire": true,
          "isEncrypt": false,
          "isSelect": false,
          "isUnique": true,
          "isMultiple": false,
          "createdBy": null,
          "createdDateTime": "2021-02-06T04:05:41.8888241",
          "modifiedBy": null,
          "lastModified": null,
          "priority": 1,
          "status": 2,
          "fieldConfigurations": {
            "upload": {
              "arrayAccepts": [],
              "accepts": "",
              "width": null,
              "height": null,
              "isCrop": false
            }
          }
        },
        {
          "id": 17,
          "specificulture": null,
          "attributeSetId": 7,
          "attributeSetName": "sys_category",
          "configurations": "{\"upload\":{\"arrayAccepts\":[],\"accepts\":\"\",\"width\":null,\"height\":null,\"isCrop\":false}}",
          "referenceId": null,
          "regex": null,
          "isRegex": false,
          "title": "Slug",
          "dataType": 7,
          "defaultValue": null,
          "strOptions": "[]",
          "options": [],
          "name": "slug",
          "isRequire": true,
          "isEncrypt": false,
          "isSelect": false,
          "isUnique": true,
          "isMultiple": false,
          "createdBy": null,
          "createdDateTime": "2021-02-06T04:05:41.9022312",
          "modifiedBy": null,
          "lastModified": null,
          "priority": 2,
          "status": 2,
          "fieldConfigurations": {
            "upload": {
              "arrayAccepts": [],
              "accepts": "",
              "width": null,
              "height": null,
              "isCrop": false
            }
          }
        },
        {
          "id": 18,
          "specificulture": null,
          "attributeSetId": 7,
          "attributeSetName": "sys_category",
          "configurations": "{\"upload\":{\"arrayAccepts\":[],\"accepts\":\"\",\"width\":null,\"height\":null,\"isCrop\":false}}",
          "referenceId": null,
          "regex": null,
          "isRegex": false,
          "title": "Type",
          "dataType": 7,
          "defaultValue": "Post",
          "strOptions": "[\r\n  {\r\n    \"value\": \"Post\",\r\n    \"dataType\": \"Text\"\r\n  },\r\n  {\r\n    \"value\": \"Page\",\r\n    \"dataType\": \"Text\"\r\n  },\r\n  {\r\n    \"value\": \"Module\",\r\n    \"dataType\": \"Text\"\r\n  }\r\n]",
          "options": [
            {
              "value": "Post",
              "dataType": "Text"
            },
            {
              "value": "Page",
              "dataType": "Text"
            },
            {
              "value": "Module",
              "dataType": "Text"
            }
          ],
          "name": "type",
          "isRequire": false,
          "isEncrypt": false,
          "isSelect": true,
          "isUnique": false,
          "isMultiple": false,
          "createdBy": null,
          "createdDateTime": "2021-02-06T04:05:41.9151311",
          "modifiedBy": null,
          "lastModified": null,
          "priority": 3,
          "status": 2,
          "fieldConfigurations": {
            "upload": {
              "arrayAccepts": [],
              "accepts": "",
              "width": null,
              "height": null,
              "isCrop": false
            }
          }
        },
        {
          "id": 19,
          "specificulture": null,
          "attributeSetId": 7,
          "attributeSetName": "sys_category",
          "configurations": "{\"upload\":{\"arrayAccepts\":[],\"accepts\":\"\",\"width\":null,\"height\":null,\"isCrop\":false}}",
          "referenceId": null,
          "regex": null,
          "isRegex": false,
          "title": "Icon",
          "dataType": 19,
          "defaultValue": null,
          "strOptions": "[]",
          "options": [],
          "name": "icon",
          "isRequire": false,
          "isEncrypt": false,
          "isSelect": false,
          "isUnique": false,
          "isMultiple": false,
          "createdBy": null,
          "createdDateTime": "2021-02-06T04:05:41.9279879",
          "modifiedBy": null,
          "lastModified": null,
          "priority": 4,
          "status": 2,
          "fieldConfigurations": {
            "upload": {
              "arrayAccepts": [],
              "accepts": "",
              "width": null,
              "height": null,
              "isCrop": false
            }
          }
        },
        {
          "id": 20,
          "specificulture": null,
          "attributeSetId": 7,
          "attributeSetName": "sys_category",
          "configurations": "{\"upload\":{\"arrayAccepts\":[],\"accepts\":\"\",\"width\":null,\"height\":null,\"isCrop\":false}}",
          "referenceId": null,
          "regex": null,
          "isRegex": false,
          "title": "Description",
          "dataType": 9,
          "defaultValue": null,
          "strOptions": "[]",
          "options": [],
          "name": "description",
          "isRequire": false,
          "isEncrypt": false,
          "isSelect": false,
          "isUnique": false,
          "isMultiple": false,
          "createdBy": null,
          "createdDateTime": "2021-02-06T04:05:41.9416306",
          "modifiedBy": null,
          "lastModified": null,
          "priority": 5,
          "status": 2,
          "fieldConfigurations": {
            "upload": {
              "arrayAccepts": [],
              "accepts": "",
              "width": null,
              "height": null,
              "isCrop": false
            }
          }
        }
      ],
      "isExportData": true
    },
    {
      "id": 8,
      "ReferenceId": null,
      "type": "System",
      "title": "Tag",
      "name": "sys_tag",
      "description": null,
      "formTemplate": "Forms/_Blank.cshtml",
      "edmTemplate": "Edms/_Blank.cshtml",
      "edmSubject": null,
      "edmFrom": null,
      "edmAutoSend": null,
      "createdBy": null,
      "createdDateTime": "2021-02-06T04:05:41.6160915",
      "modifiedBy": null,
      "lastModified": null,
      "priority": 3,
      "status": 2,
      "fields": [
        {
          "id": 21,
          "specificulture": null,
          "attributeSetId": 8,
          "attributeSetName": "sys_tag",
          "configurations": "{\"upload\":{\"arrayAccepts\":[],\"accepts\":\"\",\"width\":null,\"height\":null,\"isCrop\":false}}",
          "referenceId": null,
          "regex": null,
          "isRegex": false,
          "title": "Title",
          "dataType": 7,
          "defaultValue": null,
          "strOptions": "[]",
          "options": [],
          "name": "title",
          "isRequire": true,
          "isEncrypt": false,
          "isSelect": false,
          "isUnique": true,
          "isMultiple": false,
          "createdBy": null,
          "createdDateTime": "2021-02-06T04:05:41.9555469",
          "modifiedBy": null,
          "lastModified": null,
          "priority": 1,
          "status": 2,
          "fieldConfigurations": {
            "upload": {
              "arrayAccepts": [],
              "accepts": "",
              "width": null,
              "height": null,
              "isCrop": false
            }
          }
        },
        {
          "id": 22,
          "specificulture": null,
          "attributeSetId": 8,
          "attributeSetName": "sys_tag",
          "configurations": "{\"upload\":{\"arrayAccepts\":[],\"accepts\":\"\",\"width\":null,\"height\":null,\"isCrop\":false}}",
          "referenceId": null,
          "regex": null,
          "isRegex": false,
          "title": "Slug",
          "dataType": 7,
          "defaultValue": null,
          "strOptions": "[]",
          "options": [],
          "name": "slug",
          "isRequire": true,
          "isEncrypt": false,
          "isSelect": false,
          "isUnique": true,
          "isMultiple": false,
          "createdBy": null,
          "createdDateTime": "2021-02-06T04:05:41.9694292",
          "modifiedBy": null,
          "lastModified": null,
          "priority": 2,
          "status": 2,
          "fieldConfigurations": {
            "upload": {
              "arrayAccepts": [],
              "accepts": "",
              "width": null,
              "height": null,
              "isCrop": false
            }
          }
        },
        {
          "id": 23,
          "specificulture": null,
          "attributeSetId": 8,
          "attributeSetName": "sys_tag",
          "configurations": "{\"upload\":{\"arrayAccepts\":[],\"accepts\":\"\",\"width\":null,\"height\":null,\"isCrop\":false}}",
          "referenceId": null,
          "regex": null,
          "isRegex": false,
          "title": "Type",
          "dataType": 7,
          "defaultValue": "Post",
          "strOptions": "[]",
          "options": [],
          "name": "type",
          "isRequire": false,
          "isEncrypt": false,
          "isSelect": false,
          "isUnique": false,
          "isMultiple": false,
          "createdBy": null,
          "createdDateTime": "2021-02-06T04:05:41.9839923",
          "modifiedBy": null,
          "lastModified": null,
          "priority": 3,
          "status": 2,
          "fieldConfigurations": {
            "upload": {
              "arrayAccepts": [],
              "accepts": "",
              "width": null,
              "height": null,
              "isCrop": false
            }
          }
        }
      ],
      "isExportData": true
    },
    {
      "id": 9,
      "ReferenceId": null,
      "type": "System",
      "title": "Post Type",
      "name": "post_type",
      "description": null,
      "formTemplate": null,
      "edmTemplate": null,
      "edmSubject": null,
      "edmFrom": null,
      "edmAutoSend": null,
      "createdBy": null,
      "createdDateTime": "2021-02-06T04:05:41.627415",
      "modifiedBy": null,
      "lastModified": "2020-09-26T10:19:31",
      "priority": 0,
      "status": 2,
      "fields": [
        {
          "id": 24,
          "specificulture": null,
          "attributeSetId": 9,
          "attributeSetName": "post_type",
          "configurations": "{\"upload\":{\"arrayAccepts\":[],\"accepts\":\"\",\"width\":null,\"height\":null,\"isCrop\":false}}",
          "referenceId": null,
          "regex": null,
          "isRegex": false,
          "title": "Title",
          "dataType": 7,
          "defaultValue": null,
          "strOptions": "[]",
          "options": [],
          "name": "title",
          "isRequire": false,
          "isEncrypt": false,
          "isSelect": false,
          "isUnique": false,
          "isMultiple": false,
          "createdBy": null,
          "createdDateTime": "2021-02-06T04:05:41.997998",
          "modifiedBy": null,
          "lastModified": null,
          "priority": 1,
          "status": 2,
          "fieldConfigurations": {
            "upload": {
              "arrayAccepts": [],
              "accepts": "",
              "width": null,
              "height": null,
              "isCrop": false
            }
          }
        },
        {
          "id": 25,
          "specificulture": null,
          "attributeSetId": 9,
          "attributeSetName": "post_type",
          "configurations": "{\"upload\":{\"arrayAccepts\":[],\"accepts\":\"\",\"width\":null,\"height\":null,\"isCrop\":false}}",
          "referenceId": null,
          "regex": null,
          "isRegex": false,
          "title": "Attribute Set Name",
          "dataType": 7,
          "defaultValue": null,
          "strOptions": "[]",
          "options": [],
          "name": "attribute_set_name",
          "isRequire": false,
          "isEncrypt": false,
          "isSelect": false,
          "isUnique": false,
          "isMultiple": false,
          "createdBy": null,
          "createdDateTime": "2021-02-06T04:05:42.0114858",
          "modifiedBy": null,
          "lastModified": null,
          "priority": 2,
          "status": 2,
          "fieldConfigurations": {
            "upload": {
              "arrayAccepts": [],
              "accepts": "",
              "width": null,
              "height": null,
              "isCrop": false
            }
          }
        },
        {
          "id": 26,
          "specificulture": null,
          "attributeSetId": 9,
          "attributeSetName": "post_type",
          "configurations": "{\"upload\":{\"arrayAccepts\":[],\"accepts\":\"\",\"width\":null,\"height\":null,\"isCrop\":false}}",
          "referenceId": null,
          "regex": null,
          "isRegex": false,
          "title": "Icon",
          "dataType": 19,
          "defaultValue": null,
          "strOptions": "[]",
          "options": [],
          "name": "icon",
          "isRequire": false,
          "isEncrypt": false,
          "isSelect": false,
          "isUnique": false,
          "isMultiple": false,
          "createdBy": null,
          "createdDateTime": "2021-02-06T04:05:42.0253785",
          "modifiedBy": null,
          "lastModified": null,
          "priority": 3,
          "status": 2,
          "fieldConfigurations": {
            "upload": {
              "arrayAccepts": [],
              "accepts": "",
              "width": null,
              "height": null,
              "isCrop": false
            }
          }
        }
      ],
      "isExportData": true
    },
    {
      "id": 10,
      "ReferenceId": null,
      "type": "System",
      "title": "Test",
      "name": "test",
      "description": null,
      "formTemplate": null,
      "edmTemplate": null,
      "edmSubject": null,
      "edmFrom": null,
      "edmAutoSend": null,
      "createdBy": "admin",
      "createdDateTime": "2021-02-06T17:25:04.8782356",
      "modifiedBy": "admin",
      "lastModified": "2021-02-06T17:25:28.5976687",
      "priority": 0,
      "status": 2,
      "fields": [
        {
          "id": 27,
          "specificulture": null,
          "attributeSetId": 10,
          "attributeSetName": "test",
          "configurations": "{\"upload\":{\"arrayAccepts\":[],\"accepts\":\"\",\"width\":null,\"height\":null,\"isCrop\":false}}",
          "referenceId": null,
          "regex": null,
          "isRegex": false,
          "title": "Field1",
          "dataType": 0,
          "defaultValue": null,
          "strOptions": "[]",
          "options": [],
          "name": "field1",
          "isRequire": false,
          "isEncrypt": false,
          "isSelect": false,
          "isUnique": false,
          "isMultiple": false,
          "createdBy": null,
          "createdDateTime": "2021-02-06T17:25:28.6122517",
          "modifiedBy": null,
          "lastModified": null,
          "priority": 1,
          "status": 2,
          "fieldConfigurations": {
            "upload": {
              "arrayAccepts": [],
              "accepts": "",
              "width": null,
              "height": null,
              "isCrop": false
            }
          }
        }
      ],
      "isExportData": true
    }
  ],
  "configurations": [
    {
      "id": 1,
      "specificulture": "en-us",
      "cultures": [
        {
          "id": 1,
          "specificulture": "en-us",
          "lcid": null,
          "alias": null,
          "fullName": "United States - English",
          "description": "United States - English",
          "icon": "flag-icon-us",
          "isSupported": true
        }
      ],
      "keyword": "SiteName",
      "category": "Common",
      "value": "Dev Site",
      "dataType": "Text",
      "description": "Site Name",
      "createdBy": null,
      "createdDateTime": "2021-02-06T04:05:24.6542069",
      "modifiedBy": null,
      "lastModified": null,
      "priority": 0,
      "status": 2,
      "domain": null,
      "property": {
        "dataType": "Text",
        "value": "Dev Site",
        "name": "SiteName"
      }
    },
    {
      "id": 2,
      "specificulture": "en-us",
      "cultures": [
        {
          "id": 1,
          "specificulture": "en-us",
          "lcid": null,
          "alias": null,
          "fullName": "United States - English",
          "description": "United States - English",
          "icon": "flag-icon-us",
          "isSupported": true
        }
      ],
      "keyword": "LanguageVersion",
      "category": "Version",
      "value": "1",
      "dataType": "Text",
      "description": "Language Version",
      "createdBy": null,
      "createdDateTime": "2021-02-06T04:05:24.8807441",
      "modifiedBy": null,
      "lastModified": null,
      "priority": 0,
      "status": 2,
      "domain": null,
      "property": {
        "dataType": "Text",
        "value": "1",
        "name": "LanguageVersion"
      }
    },
    {
      "id": 3,
      "specificulture": "en-us",
      "cultures": [
        {
          "id": 1,
          "specificulture": "en-us",
          "lcid": null,
          "alias": null,
          "fullName": "United States - English",
          "description": "United States - English",
          "icon": "flag-icon-us",
          "isSupported": true
        }
      ],
      "keyword": "SettingVersion",
      "category": "Version",
      "value": "1",
      "dataType": "Text",
      "description": "Settings Version",
      "createdBy": null,
      "createdDateTime": "2021-02-06T04:05:24.8912588",
      "modifiedBy": null,
      "lastModified": null,
      "priority": 0,
      "status": 2,
      "domain": null,
      "property": {
        "dataType": "Text",
        "value": "1",
        "name": "SettingVersion"
      }
    },
    {
      "id": 4,
      "specificulture": "en-us",
      "cultures": [
        {
          "id": 1,
          "specificulture": "en-us",
          "lcid": null,
          "alias": null,
          "fullName": "United States - English",
          "description": "United States - English",
          "icon": "flag-icon-us",
          "isSupported": true
        }
      ],
      "keyword": "ThemeName",
      "category": "Site",
      "value": "material-kit",
      "dataType": "Text",
      "description": "Theme Name",
      "createdBy": null,
      "createdDateTime": "2021-02-06T04:05:24.9018688",
      "modifiedBy": null,
      "lastModified": null,
      "priority": 0,
      "status": 2,
      "domain": null,
      "property": {
        "dataType": "Text",
        "value": "material-kit",
        "name": "ThemeName"
      }
    },
    {
      "id": 5,
      "specificulture": "en-us",
      "cultures": [
        {
          "id": 1,
          "specificulture": "en-us",
          "lcid": null,
          "alias": null,
          "fullName": "United States - English",
          "description": "United States - English",
          "icon": "flag-icon-us",
          "isSupported": true
        }
      ],
      "keyword": "ThemeFolder",
      "category": "Site",
      "value": "material-kit",
      "dataType": "Text",
      "description": "Theme Folder",
      "createdBy": null,
      "createdDateTime": "2021-02-06T04:05:24.9125478",
      "modifiedBy": null,
      "lastModified": null,
      "priority": 0,
      "status": 2,
      "domain": null,
      "property": {
        "dataType": "Text",
        "value": "material-kit",
        "name": "ThemeFolder"
      }
    },
    {
      "id": 6,
      "specificulture": "en-us",
      "cultures": [
        {
          "id": 1,
          "specificulture": "en-us",
          "lcid": null,
          "alias": null,
          "fullName": "United States - English",
          "description": "United States - English",
          "icon": "flag-icon-us",
          "isSupported": true
        }
      ],
      "keyword": "ThemeId",
      "category": "Site",
      "value": "2",
      "dataType": "Text",
      "description": "Theme Id",
      "createdBy": null,
      "createdDateTime": "2021-02-06T04:05:24.9227963",
      "modifiedBy": null,
      "lastModified": null,
      "priority": 0,
      "status": 2,
      "domain": null,
      "property": {
        "dataType": "Text",
        "value": "2",
        "name": "ThemeId"
      }
    },
    {
      "id": 7,
      "specificulture": "en-us",
      "cultures": [
        {
          "id": 1,
          "specificulture": "en-us",
          "lcid": null,
          "alias": null,
          "fullName": "United States - English",
          "description": "United States - English",
          "icon": "flag-icon-us",
          "isSupported": true
        }
      ],
      "keyword": "DateTimeFormat",
      "category": "Common",
      "value": "dd-MM-yyyy HH:mm:ss",
      "dataType": "Text",
      "description": "Date Time Format",
      "createdBy": null,
      "createdDateTime": "2021-02-06T04:05:24.9328552",
      "modifiedBy": null,
      "lastModified": null,
      "priority": 0,
      "status": 2,
      "domain": null,
      "property": {
        "dataType": "Text",
        "value": "dd-MM-yyyy HH:mm:ss",
        "name": "DateTimeFormat"
      }
    },
    {
      "id": 8,
      "specificulture": "en-us",
      "cultures": [
        {
          "id": 1,
          "specificulture": "en-us",
          "lcid": null,
          "alias": null,
          "fullName": "United States - English",
          "description": "United States - English",
          "icon": "flag-icon-us",
          "isSupported": true
        }
      ],
      "keyword": "StartWeekOn",
      "category": "Common",
      "value": "Monday",
      "dataType": "Text",
      "description": "Day",
      "createdBy": null,
      "createdDateTime": "2021-02-06T04:05:24.9433596",
      "modifiedBy": null,
      "lastModified": null,
      "priority": 0,
      "status": 2,
      "domain": null,
      "property": {
        "dataType": "Text",
        "value": "Monday",
        "name": "StartWeekOn"
      }
    },
    {
      "id": 9,
      "specificulture": "en-us",
      "cultures": [
        {
          "id": 1,
          "specificulture": "en-us",
          "lcid": null,
          "alias": null,
          "fullName": "United States - English",
          "description": "United States - English",
          "icon": "flag-icon-us",
          "isSupported": true
        }
      ],
      "keyword": "post_image_width",
      "category": "Site",
      "value": "",
      "dataType": "Integer",
      "description": "Post Image Width",
      "createdBy": null,
      "createdDateTime": "2021-02-06T04:05:24.9532051",
      "modifiedBy": null,
      "lastModified": null,
      "priority": 0,
      "status": 2,
      "domain": null,
      "property": {
        "dataType": "Integer",
        "value": "",
        "name": "post_image_width"
      }
    },
    {
      "id": 10,
      "specificulture": "en-us",
      "cultures": [
        {
          "id": 1,
          "specificulture": "en-us",
          "lcid": null,
          "alias": null,
          "fullName": "United States - English",
          "description": "United States - English",
          "icon": "flag-icon-us",
          "isSupported": true
        }
      ],
      "keyword": "post_image_height",
      "category": "Site",
      "value": "",
      "dataType": "Integer",
      "description": "Post Image Width",
      "createdBy": null,
      "createdDateTime": "2021-02-06T04:05:24.962651",
      "modifiedBy": null,
      "lastModified": null,
      "priority": 0,
      "status": 2,
      "domain": null,
      "property": {
        "dataType": "Integer",
        "value": "",
        "name": "post_image_height"
      }
    }
  ],
  "languages": [],
  "relatedData": [
    {
      "id": "e07e5825-c3fd-4649-885b-3648cc3ae176",
      "specificulture": "en-us",
      "dataId": "3d6068a9-24ba-4ca3-85c0-02b9f6397b51",
      "cultures": null,
      "parentId": "1",
      "parentType": 3,
      "attributeSetId": 4,
      "attributeSetName": "sys_additional_field_module",
      "description": null,
      "CreatedBy": null,
      "createdDateTime": "2021-02-06T17:38:35.1652855",
      "modifiedBy": null,
      "lastModified": null,
      "priority": 0,
      "status": 2,
      "isProcessed": false
    },
    {
      "id": "ae3d03d8-9dc7-49ad-9e68-50fed376e4f4",
      "specificulture": "en-us",
      "dataId": "d70b044f-924f-456a-8067-14d38852599f",
      "cultures": null,
      "parentId": "2",
      "parentType": 3,
      "attributeSetId": 4,
      "attributeSetName": "sys_additional_field_module",
      "description": null,
      "CreatedBy": null,
      "createdDateTime": "2021-02-06T17:55:03.1022285",
      "modifiedBy": null,
      "lastModified": null,
      "priority": 0,
      "status": 2,
      "isProcessed": false
    },
    {
      "id": "2873e00d-92b3-4868-8b0d-72acd15e796e",
      "specificulture": "en-us",
      "dataId": "fdb12ef6-0eb8-468b-ad5a-c6a8587f7275",
      "cultures": null,
      "parentId": "3",
      "parentType": 3,
      "attributeSetId": 4,
      "attributeSetName": "sys_additional_field_module",
      "description": null,
      "CreatedBy": null,
      "createdDateTime": "2021-02-06T18:49:08.511001",
      "modifiedBy": null,
      "lastModified": null,
      "priority": 0,
      "status": 2,
      "isProcessed": false
    },
    {
      "id": "9d1cb6b4-d1b1-4b03-b534-2d3bf9876b1b",
      "specificulture": "en-us",
      "dataId": "f8e0ceba-8779-4bda-8b06-c2effd34acee",
      "cultures": null,
      "parentId": "4",
      "parentType": 3,
      "attributeSetId": 4,
      "attributeSetName": "sys_additional_field_module",
      "description": null,
      "CreatedBy": null,
      "createdDateTime": "2021-02-06T18:53:20.3384547",
      "modifiedBy": null,
      "lastModified": null,
      "priority": 0,
      "status": 2,
      "isProcessed": false
    },
    {
      "id": "84e763c2-9ba0-4da4-b624-48b5da27af7a",
      "specificulture": "en-us",
      "dataId": "76915098-0917-4e08-843b-b06d737ab529",
      "cultures": null,
      "parentId": "5",
      "parentType": 3,
      "attributeSetId": 4,
      "attributeSetName": "sys_additional_field_module",
      "description": null,
      "CreatedBy": null,
      "createdDateTime": "2021-02-06T19:00:46.107977",
      "modifiedBy": null,
      "lastModified": null,
      "priority": 0,
      "status": 2,
      "isProcessed": false
    },
    {
      "id": "e0563dad-de32-486e-8660-c715b9b43dd5",
      "specificulture": "en-us",
      "dataId": "c31861eb-3a28-4533-b6c8-b9efff4a5481",
      "cultures": null,
      "parentId": "6",
      "parentType": 3,
      "attributeSetId": 4,
      "attributeSetName": "sys_additional_field_module",
      "description": null,
      "CreatedBy": null,
      "createdDateTime": "2021-02-07T06:40:47.430888",
      "modifiedBy": null,
      "lastModified": null,
      "priority": 0,
      "status": 2,
      "isProcessed": false
    },
    {
      "id": "05c474b9-999a-4d4e-8e31-643f832546b1",
      "specificulture": "en-us",
      "dataId": "98edad1c-286e-42a0-88c7-0ef100f92d3f",
      "cultures": null,
      "parentId": "8f4caf9b-9d68-4cf1-bae6-92ae36b04d47",
      "parentType": 0,
      "attributeSetId": 1,
      "attributeSetName": "sys_menu_item",
      "description": null,
      "CreatedBy": null,
      "createdDateTime": "2021-02-03T05:38:25.8903149",
      "modifiedBy": null,
      "lastModified": null,
      "priority": 0,
      "status": 2,
      "isProcessed": false
    },
    {
      "id": "0c48d758-1b54-4fa4-bf97-b325fe344c16",
      "specificulture": "en-us",
      "dataId": "f021b9d1-5381-4ca2-a556-236ff20058dd",
      "cultures": null,
      "parentId": "e90b728a-c312-4058-840c-f90c975e08d8",
      "parentType": 0,
      "attributeSetId": 1,
      "attributeSetName": "sys_menu_item",
      "description": null,
      "CreatedBy": null,
      "createdDateTime": "2021-02-07T06:57:37.1484226",
      "modifiedBy": "admin",
      "lastModified": "2021-02-07T07:12:16.9014642",
      "priority": 1,
      "status": 2,
      "isProcessed": false
    },
    {
      "id": "ce3c9460-25db-43e1-92f6-a85462de58fa",
      "specificulture": "en-us",
      "dataId": "0bd1255f-b7ab-4052-ad7f-a2b1c89bb8fe",
      "cultures": null,
      "parentId": "e90b728a-c312-4058-840c-f90c975e08d8",
      "parentType": 0,
      "attributeSetId": 1,
      "attributeSetName": "sys_menu_item",
      "description": null,
      "CreatedBy": null,
      "createdDateTime": "2021-02-07T07:09:15.83662",
      "modifiedBy": "admin",
      "lastModified": "2021-02-07T07:12:16.7326193",
      "priority": 0,
      "status": 2,
      "isProcessed": false
    }
  ],
  "pagePostNavs": [],
  "pageModuleNavs": [],
  "modulePostNavs": [],
  "posts": [],
  "moduleDatas": [
    {
      "id": "dd1a277b-fd1c-4126-8bc6-424e8ed0c2b4",
      "specificulture": "en-us",
      "cultures": null,
      "moduleId": 1,
      "fields": "[{\"name\":\"title\",\"title\":\"Title\",\"defaultValue\":null,\"options\":[],\"priority\":0,\"dataType\":7,\"isUnique\":false,\"isRequired\":false,\"isDisplay\":true,\"isSelect\":false,\"isGroupBy\":false,\"width\":3},{\"name\":\"desc\",\"title\":\"Desc\",\"defaultValue\":null,\"options\":[],\"priority\":0,\"dataType\":7,\"isUnique\":false,\"isRequired\":false,\"isDisplay\":true,\"isSelect\":false,\"isGroupBy\":false,\"width\":3}]",
      "value": "{\"title\":{\"dataType\":\"Text\",\"value\":\"Your Story Starts With Us.\"},\"desc\":{\"dataType\":\"Text\",\"value\":\"Every landing page needs a small description after the big bold title, that's why we added this text here. Add here all the information that can make you or your product create the first impression.\"}}",
      "postId": null,
      "productId": null,
      "pageId": null,
      "createdBy": "admin",
      "createdDateTime": "2021-02-07T08:11:29.6278432",
      "modifiedBy": null,
      "lastModified": "2021-02-07T08:11:29.6278604",
      "priority": 0,
      "status": 2
    }
  ],
  "attributeSetDatas": [
    {
      "id": "8f4caf9b-9d68-4cf1-bae6-92ae36b04d47",
      "specificulture": "en-us",
      "cultures": null,
      "attributeSetId": 1,
      "attributeSetName": "sys_menu_item",
      "createdBy": "tinku",
      "createdDateTime": "2021-02-06T04:05:42.0448712",
      "modifiedBy": "admin",
      "lastModified": "2021-02-07T06:56:53.8420889",
      "priority": 1,
      "status": 2,
      "obj": {
        "id": "8f4caf9b-9d68-4cf1-bae6-92ae36b04d47",
        "title": "Maintenance",
        "uri": "/page/[CULTURE]/maintenance",
        "icon": "mi mi-Accounts",
        "type": "Page",
        "target": "_top",
        "target_id": "6",
        "classes": null,
        "description": null,
        "menu_items": [],
        "alt": null,
        "hreflang": null,
        "rel": null
      },
      "parentId": null,
      "parentType": 0,
      "relatedData": [],
      "fields": null
    },
    {
      "id": "98edad1c-286e-42a0-88c7-0ef100f92d3f",
      "specificulture": "en-us",
      "cultures": null,
      "attributeSetId": 1,
      "attributeSetName": "sys_menu_item",
      "createdBy": "tinku",
      "createdDateTime": "2021-02-06T04:05:42.4346175",
      "modifiedBy": null,
      "lastModified": null,
      "priority": 1,
      "status": 2,
      "obj": {
        "id": "98edad1c-286e-42a0-88c7-0ef100f92d3f",
        "title": "Home",
        "uri": "/page/[CULTURE]/home",
        "icon": null,
        "type": "Page",
        "target": "_top",
        "target_id": "7",
        "classes": null,
        "description": null,
        "menu_items": [],
        "alt": null,
        "hreflang": null,
        "rel": null
      },
      "parentId": null,
      "parentType": 0,
      "relatedData": [],
      "fields": null
    },
    {
      "id": "210fb29a-33c3-4a9d-b4ac-38ab6331e8c8",
      "specificulture": "en-us",
      "cultures": null,
      "attributeSetId": 1,
      "attributeSetName": "sys_menu_item",
      "createdBy": "tinku",
      "createdDateTime": "2021-02-06T04:05:42.6298557",
      "modifiedBy": null,
      "lastModified": null,
      "priority": 1,
      "status": 2,
      "obj": {
        "id": "210fb29a-33c3-4a9d-b4ac-38ab6331e8c8",
        "title": "Search",
        "uri": "/page/[CULTURE]/search",
        "icon": null,
        "type": "Page",
        "target": "_top",
        "target_id": "2",
        "classes": null,
        "description": null,
        "menu_items": [],
        "alt": null,
        "hreflang": null,
        "rel": null
      },
      "parentId": null,
      "parentType": 0,
      "relatedData": [],
      "fields": null
    },
    {
      "id": "f021b9d1-5381-4ca2-a556-236ff20058dd",
      "specificulture": "en-us",
      "cultures": null,
      "attributeSetId": 1,
      "attributeSetName": "sys_menu_item",
      "createdBy": "admin",
      "createdDateTime": "2021-02-07T06:57:36.9603541",
      "modifiedBy": "admin",
      "lastModified": "2021-02-07T07:35:11.3095923",
      "priority": 1,
      "status": 2,
      "obj": {
        "id": "f021b9d1-5381-4ca2-a556-236ff20058dd",
        "title": "Blogs",
        "uri": "/blogs",
        "icon": "fa fa-newspaper-o",
        "type": "Page",
        "target": "_top",
        "target_id": "8",
        "classes": null,
        "description": null,
        "menu_items": [],
        "alt": null,
        "hreflang": null,
        "rel": null
      },
      "parentId": null,
      "parentType": 0,
      "relatedData": [],
      "fields": null
    },
    {
      "id": "0bd1255f-b7ab-4052-ad7f-a2b1c89bb8fe",
      "specificulture": "en-us",
      "cultures": null,
      "attributeSetId": 1,
      "attributeSetName": "sys_menu_item",
      "createdBy": "admin",
      "createdDateTime": "2021-02-07T07:09:15.6581342",
      "modifiedBy": "admin",
      "lastModified": "2021-02-07T07:31:44.1841341",
      "priority": 1,
      "status": 2,
      "obj": {
        "id": "0bd1255f-b7ab-4052-ad7f-a2b1c89bb8fe",
        "title": "Home",
        "uri": "/",
        "icon": "fa fa-home",
        "type": "Page",
        "target": "_top",
        "target_id": "7",
        "classes": null,
        "description": null,
        "menu_items": [],
        "alt": null,
        "hreflang": null,
        "rel": null
      },
      "parentId": null,
      "parentType": 0,
      "relatedData": [],
      "fields": null
    },
    {
      "id": "e90b728a-c312-4058-840c-f90c975e08d8",
      "specificulture": "en-us",
      "cultures": null,
      "attributeSetId": 2,
      "attributeSetName": "sys_navigation",
      "createdBy": "tinku",
      "createdDateTime": "2021-02-06T04:05:42.8239288",
      "modifiedBy": "admin",
      "lastModified": "2021-02-07T07:12:19.8926133",
      "priority": 1,
      "status": 2,
      "obj": {
        "id": "e90b728a-c312-4058-840c-f90c975e08d8",
        "title": "Top",
        "name": "top",
        "menu_items": []
      },
      "parentId": null,
      "parentType": 0,
      "relatedData": [],
      "fields": null
    },
    {
      "id": "100add5b-53b7-4f7e-a0c4-27475f50c30b",
      "specificulture": "en-us",
      "cultures": null,
      "attributeSetId": 3,
      "attributeSetName": "sys_additional_field_page",
      "createdBy": null,
      "createdDateTime": "2021-02-06T04:07:29.7415186",
      "modifiedBy": "admin",
      "lastModified": "2021-02-06T19:10:37.4629883",
      "priority": 0,
      "status": 2,
      "obj": {
        "id": "100add5b-53b7-4f7e-a0c4-27475f50c30b"
      },
      "parentId": null,
      "parentType": 0,
      "relatedData": [],
      "fields": null
    },
    {
      "id": "50621ddb-85d4-4632-9d8c-c23ccfede924",
      "specificulture": "en-us",
      "cultures": null,
      "attributeSetId": 3,
      "attributeSetName": "sys_additional_field_page",
      "createdBy": null,
      "createdDateTime": "2021-02-06T19:14:57.834886",
      "modifiedBy": null,
      "lastModified": null,
      "priority": 0,
      "status": 2,
      "obj": {
        "id": "50621ddb-85d4-4632-9d8c-c23ccfede924"
      },
      "parentId": null,
      "parentType": 0,
      "relatedData": [],
      "fields": null
    },
    {
      "id": "41159012-fce5-4a78-9545-14fa09117190",
      "specificulture": "en-us",
      "cultures": null,
      "attributeSetId": 3,
      "attributeSetName": "sys_additional_field_page",
      "createdBy": "admin",
      "createdDateTime": "2021-02-06T04:07:29.9824467",
      "modifiedBy": null,
      "lastModified": null,
      "priority": 2,
      "status": 2,
      "obj": {
        "id": "41159012-fce5-4a78-9545-14fa09117190"
      },
      "parentId": null,
      "parentType": 0,
      "relatedData": [],
      "fields": null
    },
    {
      "id": "07a8e40e-b491-41a3-9812-3a895e2edbef",
      "specificulture": "en-us",
      "cultures": null,
      "attributeSetId": 3,
      "attributeSetName": "sys_additional_field_page",
      "createdBy": "admin",
      "createdDateTime": "2021-02-06T19:14:58.0227217",
      "modifiedBy": null,
      "lastModified": null,
      "priority": 4,
      "status": 2,
      "obj": {
        "id": "07a8e40e-b491-41a3-9812-3a895e2edbef"
      },
      "parentId": null,
      "parentType": 0,
      "relatedData": [],
      "fields": null
    },
    {
      "id": "3d6068a9-24ba-4ca3-85c0-02b9f6397b51",
      "specificulture": "en-us",
      "cultures": null,
      "attributeSetId": 4,
      "attributeSetName": "sys_additional_field_module",
      "createdBy": null,
      "createdDateTime": "2021-02-06T17:38:35.1196628",
      "modifiedBy": null,
      "lastModified": "2021-02-07T08:04:14.2584857",
      "priority": 1,
      "status": 2,
      "obj": {
        "id": "3d6068a9-24ba-4ca3-85c0-02b9f6397b51"
      },
      "parentId": null,
      "parentType": 0,
      "relatedData": [],
      "fields": null
    },
    {
      "id": "d70b044f-924f-456a-8067-14d38852599f",
      "specificulture": "en-us",
      "cultures": null,
      "attributeSetId": 4,
      "attributeSetName": "sys_additional_field_module",
      "createdBy": null,
      "createdDateTime": "2021-02-06T17:55:03.0903285",
      "modifiedBy": null,
      "lastModified": null,
      "priority": 2,
      "status": 2,
      "obj": {
        "id": "d70b044f-924f-456a-8067-14d38852599f"
      },
      "parentId": null,
      "parentType": 0,
      "relatedData": [],
      "fields": null
    },
    {
      "id": "fdb12ef6-0eb8-468b-ad5a-c6a8587f7275",
      "specificulture": "en-us",
      "cultures": null,
      "attributeSetId": 4,
      "attributeSetName": "sys_additional_field_module",
      "createdBy": null,
      "createdDateTime": "2021-02-06T18:49:08.4654004",
      "modifiedBy": null,
      "lastModified": "2021-02-07T07:55:44.3460662",
      "priority": 3,
      "status": 2,
      "obj": {
        "id": "fdb12ef6-0eb8-468b-ad5a-c6a8587f7275"
      },
      "parentId": null,
      "parentType": 0,
      "relatedData": [],
      "fields": null
    },
    {
      "id": "f8e0ceba-8779-4bda-8b06-c2effd34acee",
      "specificulture": "en-us",
      "cultures": null,
      "attributeSetId": 4,
      "attributeSetName": "sys_additional_field_module",
      "createdBy": null,
      "createdDateTime": "2021-02-06T18:53:20.3276185",
      "modifiedBy": null,
      "lastModified": null,
      "priority": 4,
      "status": 2,
      "obj": {
        "id": "f8e0ceba-8779-4bda-8b06-c2effd34acee"
      },
      "parentId": null,
      "parentType": 0,
      "relatedData": [],
      "fields": null
    },
    {
      "id": "76915098-0917-4e08-843b-b06d737ab529",
      "specificulture": "en-us",
      "cultures": null,
      "attributeSetId": 4,
      "attributeSetName": "sys_additional_field_module",
      "createdBy": null,
      "createdDateTime": "2021-02-06T19:00:46.0967555",
      "modifiedBy": null,
      "lastModified": null,
      "priority": 5,
      "status": 2,
      "obj": {
        "id": "76915098-0917-4e08-843b-b06d737ab529"
      },
      "parentId": null,
      "parentType": 0,
      "relatedData": [],
      "fields": null
    },
    {
      "id": "c31861eb-3a28-4533-b6c8-b9efff4a5481",
      "specificulture": "en-us",
      "cultures": null,
      "attributeSetId": 4,
      "attributeSetName": "sys_additional_field_module",
      "createdBy": null,
      "createdDateTime": "2021-02-07T06:40:47.3832948",
      "modifiedBy": null,
      "lastModified": null,
      "priority": 6,
      "status": 2,
      "obj": {
        "id": "c31861eb-3a28-4533-b6c8-b9efff4a5481"
      },
      "parentId": null,
      "parentType": 0,
      "relatedData": [],
      "fields": null
    }
  ],
  "specificulture": "en-us",
  "themeName": "material-kit"
}
