{
  "createdBy": null,
  "posts": [],
  "pages": [],
  "modules": [],
  "mixDatabases": [
    {
      "id": 14,
      "ReferenceId": null,
      "type": "Service",
      "title": "Cart Item",
      "name": "cartItem",
      "description": null,
      "formTemplate": null,
      "edmTemplate": null,
      "edmSubject": null,
      "edmFrom": null,
      "edmAutoSend": null,
      "createdBy": "administrator",
      "createdDateTime": "2021-07-21T05:15:39",
      "modifiedBy": null,
      "lastModified": null,
      "priority": 0,
      "status": 2,
      "fields": [
        {
          "id": 42,
          "specificulture": null,
          "mixDatabaseId": 14,
          "mixDatabaseName": "cartItem",
          "configurations": "{\"maxLength\":null,\"belongTo\":null,\"optionsConfigurationName\":null,\"upload\":{\"arrayAccepts\":[],\"accepts\":\"\",\"width\":null,\"height\":null,\"isCrop\":false}}",
          "referenceId": null,
          "regex": null,
          "isRegex": false,
          "title": "ImageUrl",
          "dataType": 16,
          "defaultValue": null,
          "strOptions": "[]",
          "options": [],
          "name": "imageUrl",
          "isRequire": false,
          "isEncrypt": false,
          "isSelect": false,
          "isUnique": false,
          "isMultiple": false,
          "createdBy": null,
          "createdDateTime": "2021-07-21T05:15:39",
          "modifiedBy": null,
          "lastModified": null,
          "priority": 0,
          "status": 2,
          "columnConfigurations": {
            "maxLength": null,
            "belongTo": null,
            "optionsConfigurationName": null,
            "upload": {
              "arrayAccepts": [],
              "accepts": "",
              "width": null,
              "height": null,
              "isCrop": false
            }
          }
        },
        {
          "id": 43,
          "specificulture": null,
          "mixDatabaseId": 14,
          "mixDatabaseName": "cartItem",
          "configurations": "{\"maxLength\":null,\"belongTo\":null,\"optionsConfigurationName\":null,\"upload\":{\"arrayAccepts\":[],\"accepts\":\"\",\"width\":null,\"height\":null,\"isCrop\":false}}",
          "referenceId": null,
          "regex": null,
          "isRegex": false,
          "title": "Title",
          "dataType": 7,
          "defaultValue": null,
          "strOptions": "[]",
          "options": [],
          "name": "title",
          "isRequire": false,
          "isEncrypt": false,
          "isSelect": false,
          "isUnique": false,
          "isMultiple": false,
          "createdBy": null,
          "createdDateTime": "2021-07-21T05:15:39",
          "modifiedBy": null,
          "lastModified": null,
          "priority": 1,
          "status": 2,
          "columnConfigurations": {
            "maxLength": null,
            "belongTo": null,
            "optionsConfigurationName": null,
            "upload": {
              "arrayAccepts": [],
              "accepts": "",
              "width": null,
              "height": null,
              "isCrop": false
            }
          }
        },
        {
          "id": 44,
          "specificulture": null,
          "mixDatabaseId": 14,
          "mixDatabaseName": "cartItem",
          "configurations": "{\"maxLength\":null,\"belongTo\":null,\"optionsConfigurationName\":null,\"upload\":{\"arrayAccepts\":[],\"accepts\":\"\",\"width\":null,\"height\":null,\"isCrop\":false}}",
          "referenceId": null,
          "regex": null,
          "isRegex": false,
          "title": "Price",
          "dataType": 6,
          "defaultValue": null,
          "strOptions": "[]",
          "options": [],
          "name": "price",
          "isRequire": false,
          "isEncrypt": false,
          "isSelect": false,
          "isUnique": false,
          "isMultiple": false,
          "createdBy": null,
          "createdDateTime": "2021-07-21T05:15:39",
          "modifiedBy": null,
          "lastModified": null,
          "priority": 2,
          "status": 2,
          "columnConfigurations": {
            "maxLength": null,
            "belongTo": null,
            "optionsConfigurationName": null,
            "upload": {
              "arrayAccepts": [],
              "accepts": "",
              "width": null,
              "height": null,
              "isCrop": false
            }
          }
        },
        {
          "id": 45,
          "specificulture": null,
          "mixDatabaseId": 14,
          "mixDatabaseName": "cartItem",
          "configurations": "{\"maxLength\":null,\"belongTo\":null,\"optionsConfigurationName\":null,\"upload\":{\"arrayAccepts\":[],\"accepts\":\"\",\"width\":null,\"height\":null,\"isCrop\":false}}",
          "referenceId": null,
          "regex": null,
          "isRegex": false,
          "title": "Quantity",
          "dataType": 22,
          "defaultValue": null,
          "strOptions": "[]",
          "options": [],
          "name": "quantity",
          "isRequire": false,
          "isEncrypt": false,
          "isSelect": false,
          "isUnique": false,
          "isMultiple": false,
          "createdBy": null,
          "createdDateTime": "2021-07-21T05:15:39",
          "modifiedBy": null,
          "lastModified": null,
          "priority": 3,
          "status": 2,
          "columnConfigurations": {
            "maxLength": null,
            "belongTo": null,
            "optionsConfigurationName": null,
            "upload": {
              "arrayAccepts": [],
              "accepts": "",
              "width": null,
              "height": null,
              "isCrop": false
            }
          }
        },
        {
          "id": 46,
          "specificulture": null,
          "mixDatabaseId": 14,
          "mixDatabaseName": "cartItem",
          "configurations": "{\"maxLength\":null,\"belongTo\":null,\"optionsConfigurationName\":null,\"upload\":{\"arrayAccepts\":[],\"accepts\":\"\",\"width\":null,\"height\":null,\"isCrop\":false}}",
          "referenceId": null,
          "regex": null,
          "isRegex": false,
          "title": "PropertyId",
          "dataType": 7,
          "defaultValue": null,
          "strOptions": "[]",
          "options": [],
          "name": "id",
          "isRequire": false,
          "isEncrypt": false,
          "isSelect": false,
          "isUnique": false,
          "isMultiple": false,
          "createdBy": null,
          "createdDateTime": "2021-07-21T05:15:39",
          "modifiedBy": null,
          "lastModified": null,
          "priority": 4,
          "status": 2,
          "columnConfigurations": {
            "maxLength": null,
            "belongTo": null,
            "optionsConfigurationName": null,
            "upload": {
              "arrayAccepts": [],
              "accepts": "",
              "width": null,
              "height": null,
              "isCrop": false
            }
          }
        },
        {
          "id": 47,
          "specificulture": null,
          "mixDatabaseId": 14,
          "mixDatabaseName": "cartItem",
          "configurations": "{\"maxLength\":null,\"belongTo\":null,\"optionsConfigurationName\":null,\"upload\":{\"arrayAccepts\":[],\"accepts\":\"\",\"width\":null,\"height\":null,\"isCrop\":false}}",
          "referenceId": null,
          "regex": null,
          "isRegex": false,
          "title": "Url",
          "dataType": 12,
          "defaultValue": null,
          "strOptions": "[]",
          "options": [],
          "name": "url",
          "isRequire": false,
          "isEncrypt": false,
          "isSelect": false,
          "isUnique": false,
          "isMultiple": false,
          "createdBy": null,
          "createdDateTime": "2021-07-21T05:15:39",
          "modifiedBy": null,
          "lastModified": null,
          "priority": 5,
          "status": 2,
          "columnConfigurations": {
            "maxLength": null,
            "belongTo": null,
            "optionsConfigurationName": null,
            "upload": {
              "arrayAccepts": [],
              "accepts": "",
              "width": null,
              "height": null,
              "isCrop": false
            }
          }
        },
        {
          "id": 48,
          "specificulture": null,
          "mixDatabaseId": 14,
          "mixDatabaseName": "cartItem",
          "configurations": "{\"maxLength\":null,\"belongTo\":null,\"optionsConfigurationName\":null,\"upload\":{\"arrayAccepts\":[],\"accepts\":\"\",\"width\":null,\"height\":null,\"isCrop\":false}}",
          "referenceId": null,
          "regex": null,
          "isRegex": false,
          "title": "Note",
          "dataType": 9,
          "defaultValue": null,
          "strOptions": "[]",
          "options": [],
          "name": "note",
          "isRequire": false,
          "isEncrypt": false,
          "isSelect": false,
          "isUnique": false,
          "isMultiple": false,
          "createdBy": null,
          "createdDateTime": "2021-07-21T05:15:39",
          "modifiedBy": null,
          "lastModified": null,
          "priority": 6,
          "status": 2,
          "columnConfigurations": {
            "maxLength": null,
            "belongTo": null,
            "optionsConfigurationName": null,
            "upload": {
              "arrayAccepts": [],
              "accepts": "",
              "width": null,
              "height": null,
              "isCrop": false
            }
          }
        }
      ],
      "isExportData": false
    },
    {
      "id": 15,
      "ReferenceId": null,
      "type": "Service",
      "title": "Shopping Cart",
      "name": "shoppingCart",
      "description": null,
      "formTemplate": null,
      "edmTemplate": null,
      "edmSubject": null,
      "edmFrom": null,
      "edmAutoSend": null,
      "createdBy": "administrator",
      "createdDateTime": "2021-07-21T05:19:15",
      "modifiedBy": "administrator",
      "lastModified": "2021-07-21T05:31:03",
      "priority": 0,
      "status": 2,
      "fields": [
        {
          "id": 49,
          "specificulture": null,
          "mixDatabaseId": 15,
          "mixDatabaseName": "shoppingCart",
          "configurations": "{\"maxLength\":null,\"belongTo\":null,\"optionsConfigurationName\":null,\"upload\":{\"arrayAccepts\":[],\"accepts\":\"\",\"width\":null,\"height\":null,\"isCrop\":false}}",
          "referenceId": null,
          "regex": null,
          "isRegex": false,
          "title": "Name",
          "dataType": 7,
          "defaultValue": null,
          "strOptions": "[]",
          "options": [],
          "name": "name",
          "isRequire": false,
          "isEncrypt": false,
          "isSelect": false,
          "isUnique": false,
          "isMultiple": false,
          "createdBy": null,
          "createdDateTime": "2021-07-21T05:19:15",
          "modifiedBy": null,
          "lastModified": null,
          "priority": 0,
          "status": 2,
          "columnConfigurations": {
            "maxLength": null,
            "belongTo": null,
            "optionsConfigurationName": null,
            "upload": {
              "arrayAccepts": [],
              "accepts": "",
              "width": null,
              "height": null,
              "isCrop": false
            }
          }
        },
        {
          "id": 50,
          "specificulture": null,
          "mixDatabaseId": 15,
          "mixDatabaseName": "shoppingCart",
          "configurations": "{\"maxLength\":null,\"belongTo\":null,\"optionsConfigurationName\":null,\"upload\":{\"arrayAccepts\":[],\"accepts\":\"\",\"width\":null,\"height\":null,\"isCrop\":false}}",
          "referenceId": null,
          "regex": null,
          "isRegex": false,
          "title": "Email",
          "dataType": 10,
          "defaultValue": null,
          "strOptions": "[]",
          "options": [],
          "name": "email",
          "isRequire": false,
          "isEncrypt": false,
          "isSelect": false,
          "isUnique": false,
          "isMultiple": false,
          "createdBy": null,
          "createdDateTime": "2021-07-21T05:19:15",
          "modifiedBy": null,
          "lastModified": null,
          "priority": 1,
          "status": 2,
          "columnConfigurations": {
            "maxLength": null,
            "belongTo": null,
            "optionsConfigurationName": null,
            "upload": {
              "arrayAccepts": [],
              "accepts": "",
              "width": null,
              "height": null,
              "isCrop": false
            }
          }
        },
        {
          "id": 51,
          "specificulture": null,
          "mixDatabaseId": 15,
          "mixDatabaseName": "shoppingCart",
          "configurations": "{\"maxLength\":null,\"belongTo\":null,\"optionsConfigurationName\":null,\"upload\":{\"arrayAccepts\":[],\"accepts\":\"\",\"width\":null,\"height\":null,\"isCrop\":false}}",
          "referenceId": null,
          "regex": null,
          "isRegex": false,
          "title": "Phone",
          "dataType": 5,
          "defaultValue": null,
          "strOptions": "[]",
          "options": [],
          "name": "phone",
          "isRequire": false,
          "isEncrypt": false,
          "isSelect": false,
          "isUnique": false,
          "isMultiple": false,
          "createdBy": null,
          "createdDateTime": "2021-07-21T05:19:16",
          "modifiedBy": null,
          "lastModified": null,
          "priority": 2,
          "status": 2,
          "columnConfigurations": {
            "maxLength": null,
            "belongTo": null,
            "optionsConfigurationName": null,
            "upload": {
              "arrayAccepts": [],
              "accepts": "",
              "width": null,
              "height": null,
              "isCrop": false
            }
          }
        },
        {
          "id": 56,
          "specificulture": null,
          "mixDatabaseId": 15,
          "mixDatabaseName": "shoppingCart",
          "configurations": "{\"maxLength\":null,\"belongTo\":null,\"optionsConfigurationName\":null,\"upload\":{\"arrayAccepts\":[],\"accepts\":\"\",\"width\":null,\"height\":null,\"isCrop\":false}}",
          "referenceId": null,
          "regex": null,
          "isRegex": false,
          "title": "Total",
          "dataType": 6,
          "defaultValue": null,
          "strOptions": "[]",
          "options": [],
          "name": "total",
          "isRequire": false,
          "isEncrypt": false,
          "isSelect": false,
          "isUnique": false,
          "isMultiple": false,
          "createdBy": null,
          "createdDateTime": "2021-07-21T05:24:35",
          "modifiedBy": null,
          "lastModified": null,
          "priority": 3,
          "status": 2,
          "columnConfigurations": {
            "maxLength": null,
            "belongTo": null,
            "optionsConfigurationName": null,
            "upload": {
              "arrayAccepts": [],
              "accepts": "",
              "width": null,
              "height": null,
              "isCrop": false
            }
          }
        },
        {
          "id": 58,
          "specificulture": null,
          "mixDatabaseId": 15,
          "mixDatabaseName": "shoppingCart",
          "configurations": "{\"maxLength\":null,\"belongTo\":null,\"optionsConfigurationName\":null,\"upload\":{\"arrayAccepts\":[],\"accepts\":\"\",\"width\":null,\"height\":null,\"isCrop\":false}}",
          "referenceId": null,
          "regex": null,
          "isRegex": false,
          "title": "Note",
          "dataType": 9,
          "defaultValue": null,
          "strOptions": "[]",
          "options": [],
          "name": "note",
          "isRequire": false,
          "isEncrypt": false,
          "isSelect": false,
          "isUnique": false,
          "isMultiple": false,
          "createdBy": null,
          "createdDateTime": "2021-07-21T05:29:38",
          "modifiedBy": null,
          "lastModified": null,
          "priority": 4,
          "status": 2,
          "columnConfigurations": {
            "maxLength": null,
            "belongTo": null,
            "optionsConfigurationName": null,
            "upload": {
              "arrayAccepts": [],
              "accepts": "",
              "width": null,
              "height": null,
              "isCrop": false
            }
          }
        },
        {
          "id": 52,
          "specificulture": null,
          "mixDatabaseId": 15,
          "mixDatabaseName": "shoppingCart",
          "configurations": "{\"maxLength\":null,\"belongTo\":null,\"optionsConfigurationName\":null,\"upload\":{\"arrayAccepts\":[],\"accepts\":\"\",\"width\":null,\"height\":null,\"isCrop\":false}}",
          "referenceId": null,
          "regex": null,
          "isRegex": false,
          "title": "Street",
          "dataType": 9,
          "defaultValue": null,
          "strOptions": "[]",
          "options": [],
          "name": "street",
          "isRequire": false,
          "isEncrypt": false,
          "isSelect": false,
          "isUnique": false,
          "isMultiple": false,
          "createdBy": null,
          "createdDateTime": "2021-07-21T05:19:16",
          "modifiedBy": null,
          "lastModified": null,
          "priority": 5,
          "status": 2,
          "columnConfigurations": {
            "maxLength": null,
            "belongTo": null,
            "optionsConfigurationName": null,
            "upload": {
              "arrayAccepts": [],
              "accepts": "",
              "width": null,
              "height": null,
              "isCrop": false
            }
          }
        },
        {
          "id": 53,
          "specificulture": null,
          "mixDatabaseId": 15,
          "mixDatabaseName": "shoppingCart",
          "configurations": "{\"maxLength\":null,\"belongTo\":null,\"optionsConfigurationName\":null,\"upload\":{\"arrayAccepts\":[],\"accepts\":\"\",\"width\":null,\"height\":null,\"isCrop\":false}}",
          "referenceId": null,
          "regex": null,
          "isRegex": false,
          "title": "District",
          "dataType": 7,
          "defaultValue": null,
          "strOptions": "[]",
          "options": [],
          "name": "district",
          "isRequire": false,
          "isEncrypt": false,
          "isSelect": false,
          "isUnique": false,
          "isMultiple": false,
          "createdBy": null,
          "createdDateTime": "2021-07-21T05:19:16",
          "modifiedBy": null,
          "lastModified": null,
          "priority": 6,
          "status": 2,
          "columnConfigurations": {
            "maxLength": null,
            "belongTo": null,
            "optionsConfigurationName": null,
            "upload": {
              "arrayAccepts": [],
              "accepts": "",
              "width": null,
              "height": null,
              "isCrop": false
            }
          }
        },
        {
          "id": 54,
          "specificulture": null,
          "mixDatabaseId": 15,
          "mixDatabaseName": "shoppingCart",
          "configurations": "{\"maxLength\":null,\"belongTo\":null,\"optionsConfigurationName\":null,\"upload\":{\"arrayAccepts\":[],\"accepts\":\"\",\"width\":null,\"height\":null,\"isCrop\":false}}",
          "referenceId": null,
          "regex": null,
          "isRegex": false,
          "title": "Province",
          "dataType": 7,
          "defaultValue": null,
          "strOptions": "[]",
          "options": [],
          "name": "province",
          "isRequire": false,
          "isEncrypt": false,
          "isSelect": false,
          "isUnique": false,
          "isMultiple": false,
          "createdBy": null,
          "createdDateTime": "2021-07-21T05:19:16",
          "modifiedBy": null,
          "lastModified": null,
          "priority": 7,
          "status": 2,
          "columnConfigurations": {
            "maxLength": null,
            "belongTo": null,
            "optionsConfigurationName": null,
            "upload": {
              "arrayAccepts": [],
              "accepts": "",
              "width": null,
              "height": null,
              "isCrop": false
            }
          }
        },
        {
          "id": 57,
          "specificulture": null,
          "mixDatabaseId": 15,
          "mixDatabaseName": "shoppingCart",
          "configurations": "{\"maxLength\":null,\"belongTo\":null,\"optionsConfigurationName\":null,\"upload\":{\"arrayAccepts\":[],\"accepts\":\"\",\"width\":null,\"height\":null,\"isCrop\":false}}",
          "referenceId": null,
          "regex": null,
          "isRegex": false,
          "title": "Total Item",
          "dataType": 22,
          "defaultValue": null,
          "strOptions": "[]",
          "options": [],
          "name": "totalItem",
          "isRequire": false,
          "isEncrypt": false,
          "isSelect": false,
          "isUnique": false,
          "isMultiple": false,
          "createdBy": null,
          "createdDateTime": "2021-07-21T05:27:43",
          "modifiedBy": null,
          "lastModified": null,
          "priority": 8,
          "status": 2,
          "columnConfigurations": {
            "maxLength": null,
            "belongTo": null,
            "optionsConfigurationName": null,
            "upload": {
              "arrayAccepts": [],
              "accepts": "",
              "width": null,
              "height": null,
              "isCrop": false
            }
          }
        },
        {
          "id": 55,
          "specificulture": null,
          "mixDatabaseId": 15,
          "mixDatabaseName": "shoppingCart",
          "configurations": "{\"maxLength\":null,\"belongTo\":null,\"optionsConfigurationName\":null,\"upload\":{\"arrayAccepts\":[],\"accepts\":\"\",\"width\":null,\"height\":null,\"isCrop\":false}}",
          "referenceId": 14,
          "regex": null,
          "isRegex": false,
          "title": "Cart Items",
          "dataType": 23,
          "defaultValue": null,
          "strOptions": "[]",
          "options": [],
          "name": "items",
          "isRequire": false,
          "isEncrypt": false,
          "isSelect": false,
          "isUnique": false,
          "isMultiple": false,
          "createdBy": null,
          "createdDateTime": "2021-07-21T05:19:16",
          "modifiedBy": null,
          "lastModified": null,
          "priority": 9,
          "status": 2,
          "columnConfigurations": {
            "maxLength": null,
            "belongTo": null,
            "optionsConfigurationName": null,
            "upload": {
              "arrayAccepts": [],
              "accepts": "",
              "width": null,
              "height": null,
              "isCrop": false
            }
          }
        }
      ],
      "isExportData": false
    }
  ],
  "configurations": [
    {
      "id": 1,
      "specificulture": "vi-vn",
      "cultures": [
        {
          "id": 1,
          "specificulture": "vi-vn",
          "lcid": null,
          "alias": null,
          "fullName": "Việt Nam - Tiếng việt",
          "description": "Việt Nam - Tiếng việt",
          "icon": "flag-icon-vn",
          "isSupported": true
        }
      ],
      "keyword": "SiteName",
      "category": "Common",
      "value": "Sabeco",
      "dataType": "Text",
      "description": "Site Name",
      "createdBy": null,
      "createdDateTime": "2021-07-19T13:59:49",
      "modifiedBy": null,
      "lastModified": null,
      "priority": 0,
      "status": 2,
      "domain": null,
      "property": {
        "dataType": "Text",
        "value": "Sabeco",
        "name": "SiteName"
      }
    },
    {
      "id": 2,
      "specificulture": "vi-vn",
      "cultures": [
        {
          "id": 1,
          "specificulture": "vi-vn",
          "lcid": null,
          "alias": null,
          "fullName": "Việt Nam - Tiếng việt",
          "description": "Việt Nam - Tiếng việt",
          "icon": "flag-icon-vn",
          "isSupported": true
        }
      ],
      "keyword": "LanguageVersion",
      "category": "Version",
      "value": "1",
      "dataType": "Text",
      "description": "Language Version",
      "createdBy": null,
      "createdDateTime": "2021-07-19T13:59:50",
      "modifiedBy": null,
      "lastModified": null,
      "priority": 0,
      "status": 2,
      "domain": null,
      "property": {
        "dataType": "Text",
        "value": "1",
        "name": "LanguageVersion"
      }
    },
    {
      "id": 3,
      "specificulture": "vi-vn",
      "cultures": [
        {
          "id": 1,
          "specificulture": "vi-vn",
          "lcid": null,
          "alias": null,
          "fullName": "Việt Nam - Tiếng việt",
          "description": "Việt Nam - Tiếng việt",
          "icon": "flag-icon-vn",
          "isSupported": true
        }
      ],
      "keyword": "SettingVersion",
      "category": "Version",
      "value": "1",
      "dataType": "Text",
      "description": "Settings Version",
      "createdBy": null,
      "createdDateTime": "2021-07-19T13:59:50",
      "modifiedBy": null,
      "lastModified": null,
      "priority": 0,
      "status": 2,
      "domain": null,
      "property": {
        "dataType": "Text",
        "value": "1",
        "name": "SettingVersion"
      }
    },
    {
      "id": 4,
      "specificulture": "vi-vn",
      "cultures": [
        {
          "id": 1,
          "specificulture": "vi-vn",
          "lcid": null,
          "alias": null,
          "fullName": "Việt Nam - Tiếng việt",
          "description": "Việt Nam - Tiếng việt",
          "icon": "flag-icon-vn",
          "isSupported": true
        }
      ],
      "keyword": "ThemeName",
      "category": "Site",
      "value": "bs-5",
      "dataType": "Text",
      "description": "Theme Name",
      "createdBy": null,
      "createdDateTime": "2021-07-19T13:59:50",
      "modifiedBy": null,
      "lastModified": null,
      "priority": 0,
      "status": 2,
      "domain": null,
      "property": {
        "dataType": "Text",
        "value": "bs-5",
        "name": "ThemeName"
      }
    },
    {
      "id": 5,
      "specificulture": "vi-vn",
      "cultures": [
        {
          "id": 1,
          "specificulture": "vi-vn",
          "lcid": null,
          "alias": null,
          "fullName": "Việt Nam - Tiếng việt",
          "description": "Việt Nam - Tiếng việt",
          "icon": "flag-icon-vn",
          "isSupported": true
        }
      ],
      "keyword": "ThemeFolder",
      "category": "Site",
      "value": "bs-5",
      "dataType": "Text",
      "description": "Theme Folder",
      "createdBy": null,
      "createdDateTime": "2021-07-19T13:59:50",
      "modifiedBy": null,
      "lastModified": null,
      "priority": 0,
      "status": 2,
      "domain": null,
      "property": {
        "dataType": "Text",
        "value": "bs-5",
        "name": "ThemeFolder"
      }
    },
    {
      "id": 6,
      "specificulture": "vi-vn",
      "cultures": [
        {
          "id": 1,
          "specificulture": "vi-vn",
          "lcid": null,
          "alias": null,
          "fullName": "Việt Nam - Tiếng việt",
          "description": "Việt Nam - Tiếng việt",
          "icon": "flag-icon-vn",
          "isSupported": true
        }
      ],
      "keyword": "ThemeId",
      "category": "Site",
      "value": "1",
      "dataType": "Text",
      "description": "Theme Id",
      "createdBy": null,
      "createdDateTime": "2021-07-19T13:59:50",
      "modifiedBy": null,
      "lastModified": null,
      "priority": 0,
      "status": 2,
      "domain": null,
      "property": {
        "dataType": "Text",
        "value": "1",
        "name": "ThemeId"
      }
    },
    {
      "id": 7,
      "specificulture": "vi-vn",
      "cultures": [
        {
          "id": 1,
          "specificulture": "vi-vn",
          "lcid": null,
          "alias": null,
          "fullName": "Việt Nam - Tiếng việt",
          "description": "Việt Nam - Tiếng việt",
          "icon": "flag-icon-vn",
          "isSupported": true
        }
      ],
      "keyword": "DateTimeFormat",
      "category": "Common",
      "value": "dd-MM-yyyy HH:mm:ss",
      "dataType": "Text",
      "description": "Date Time Format",
      "createdBy": null,
      "createdDateTime": "2021-07-19T13:59:50",
      "modifiedBy": null,
      "lastModified": null,
      "priority": 0,
      "status": 2,
      "domain": null,
      "property": {
        "dataType": "Text",
        "value": "dd-MM-yyyy HH:mm:ss",
        "name": "DateTimeFormat"
      }
    },
    {
      "id": 8,
      "specificulture": "vi-vn",
      "cultures": [
        {
          "id": 1,
          "specificulture": "vi-vn",
          "lcid": null,
          "alias": null,
          "fullName": "Việt Nam - Tiếng việt",
          "description": "Việt Nam - Tiếng việt",
          "icon": "flag-icon-vn",
          "isSupported": true
        }
      ],
      "keyword": "StartWeekOn",
      "category": "Common",
      "value": "Monday",
      "dataType": "Text",
      "description": "Day",
      "createdBy": null,
      "createdDateTime": "2021-07-19T13:59:50",
      "modifiedBy": null,
      "lastModified": null,
      "priority": 0,
      "status": 2,
      "domain": null,
      "property": {
        "dataType": "Text",
        "value": "Monday",
        "name": "StartWeekOn"
      }
    },
    {
      "id": 9,
      "specificulture": "vi-vn",
      "cultures": [
        {
          "id": 1,
          "specificulture": "vi-vn",
          "lcid": null,
          "alias": null,
          "fullName": "Việt Nam - Tiếng việt",
          "description": "Việt Nam - Tiếng việt",
          "icon": "flag-icon-vn",
          "isSupported": true
        }
      ],
      "keyword": "DefaultThumbnailImgWidth",
      "category": "Site",
      "value": "1000",
      "dataType": "Integer",
      "description": "Default Thumbnail Image Width",
      "createdBy": null,
      "createdDateTime": "2021-07-19T13:59:50",
      "modifiedBy": null,
      "lastModified": null,
      "priority": 0,
      "status": 2,
      "domain": null,
      "property": {
        "dataType": "Integer",
        "value": "1000",
        "name": "DefaultThumbnailImgWidth"
      }
    },
    {
      "id": 10,
      "specificulture": "vi-vn",
      "cultures": [
        {
          "id": 1,
          "specificulture": "vi-vn",
          "lcid": null,
          "alias": null,
          "fullName": "Việt Nam - Tiếng việt",
          "description": "Việt Nam - Tiếng việt",
          "icon": "flag-icon-vn",
          "isSupported": true
        }
      ],
      "keyword": "DefaultThumbnailImgHeight",
      "category": "Site",
      "value": "608",
      "dataType": "Integer",
      "description": "Default Thumbnail Image Height",
      "createdBy": null,
      "createdDateTime": "2021-07-19T13:59:50",
      "modifiedBy": null,
      "lastModified": null,
      "priority": 0,
      "status": 2,
      "domain": null,
      "property": {
        "dataType": "Integer",
        "value": "608",
        "name": "DefaultThumbnailImgHeight"
      }
    },
    {
      "id": 11,
      "specificulture": "vi-vn",
      "cultures": [
        {
          "id": 1,
          "specificulture": "vi-vn",
          "lcid": null,
          "alias": null,
          "fullName": "Việt Nam - Tiếng việt",
          "description": "Việt Nam - Tiếng việt",
          "icon": "flag-icon-vn",
          "isSupported": true
        }
      ],
      "keyword": "DefaultFeatureImgWidth",
      "category": "Site",
      "value": "2000",
      "dataType": "Integer",
      "description": "Default Feature Image Width",
      "createdBy": null,
      "createdDateTime": "2021-07-19T13:59:50",
      "modifiedBy": null,
      "lastModified": null,
      "priority": 0,
      "status": 2,
      "domain": null,
      "property": {
        "dataType": "Integer",
        "value": "2000",
        "name": "DefaultFeatureImgWidth"
      }
    },
    {
      "id": 12,
      "specificulture": "vi-vn",
      "cultures": [
        {
          "id": 1,
          "specificulture": "vi-vn",
          "lcid": null,
          "alias": null,
          "fullName": "Việt Nam - Tiếng việt",
          "description": "Việt Nam - Tiếng việt",
          "icon": "flag-icon-vn",
          "isSupported": true
        }
      ],
      "keyword": "DefaultFeatureImgHeight",
      "category": "Site",
      "value": "1216",
      "dataType": "Integer",
      "description": "Default Feature Image Height",
      "createdBy": null,
      "createdDateTime": "2021-07-19T13:59:50",
      "modifiedBy": null,
      "lastModified": null,
      "priority": 0,
      "status": 2,
      "domain": null,
      "property": {
        "dataType": "Integer",
        "value": "1216",
        "name": "DefaultFeatureImgHeight"
      }
    },
    {
      "id": 13,
      "specificulture": "vi-vn",
      "cultures": [
        {
          "id": 1,
          "specificulture": "vi-vn",
          "lcid": null,
          "alias": null,
          "fullName": "Việt Nam - Tiếng việt",
          "description": "Việt Nam - Tiếng việt",
          "icon": "flag-icon-vn",
          "isSupported": true
        }
      ],
      "keyword": "post_image_width",
      "category": "Site",
      "value": "",
      "dataType": "Integer",
      "description": "Post Image Width",
      "createdBy": "administrator",
      "createdDateTime": "2021-07-19T14:00:12",
      "modifiedBy": null,
      "lastModified": null,
      "priority": 0,
      "status": 2,
      "domain": null,
      "property": {
        "dataType": "Integer",
        "value": "",
        "name": "post_image_width"
      }
    },
    {
      "id": 14,
      "specificulture": "vi-vn",
      "cultures": [
        {
          "id": 1,
          "specificulture": "vi-vn",
          "lcid": null,
          "alias": null,
          "fullName": "Việt Nam - Tiếng việt",
          "description": "Việt Nam - Tiếng việt",
          "icon": "flag-icon-vn",
          "isSupported": true
        }
      ],
      "keyword": "post_image_height",
      "category": "Site",
      "value": "",
      "dataType": "Integer",
      "description": "Post Image Width",
      "createdBy": "administrator",
      "createdDateTime": "2021-07-19T14:00:12",
      "modifiedBy": null,
      "lastModified": null,
      "priority": 0,
      "status": 2,
      "domain": null,
      "property": {
        "dataType": "Integer",
        "value": "",
        "name": "post_image_height"
      }
    },
    {
      "id": 15,
      "specificulture": "vi-vn",
      "cultures": [
        {
          "id": 1,
          "specificulture": "vi-vn",
          "lcid": null,
          "alias": null,
          "fullName": "Việt Nam - Tiếng việt",
          "description": "Việt Nam - Tiếng việt",
          "icon": "flag-icon-vn",
          "isSupported": true
        }
      ],
      "keyword": "Favicon",
      "category": "Site",
      "value": "/mix-content/assets/[THEME_NAME]/uploads/2021-07/logo.png",
      "dataType": "Upload",
      "description": null,
      "createdBy": "administrator",
      "createdDateTime": "2021-07-20T02:00:15",
      "modifiedBy": "administrator",
      "lastModified": "2021-07-20T03:05:46",
      "priority": 0,
      "status": 2,
      "domain": null,
      "property": {
        "dataType": "Upload",
        "value": "/mix-content/assets/[THEME_NAME]/uploads/2021-07/logo.png",
        "name": "Favicon"
      }
    }
  ],
  "languages": [],
  "relatedData": [],
  "pagePostNavs": [],
  "pageModuleNavs": [],
  "modulePostNavs": [],
  "moduleDatas": [],
  "mixDatabaseDatas": [],
  "specificulture": "vi-vn",
  "themeName": "bs-5"
}
