{
  "pages": [
    {
      "id": 1,
      "specificulture": "en-us",
      "cultures": null,
      "template": "Pages/_Tag.cshtml",
      "thumbnail": null,
      "image": "/mix-app/assets/img/bgs/home.jpg",
      "icon": null,
      "cssClass": null,
      "layout": "Masters/_Layout.cshtml",
      "title": "Tag",
      "excerpt": null,
      "content": null,
      "seoName": "tag",
      "seoTitle": "tag",
      "seoDescription": "tag",
      "seoKeywords": "tag",
      "source": null,
      "views": null,
      "type": 3,
      "tags": null,
      "staticUrl": null,
      "level": 0,
      "pageSize": null,
      "createdBy": "admin",
      "createdDateTime": "2021-02-07T05:48:34.1767419",
      "modifiedBy": null,
      "lastModified": "2019-07-13T01:41:55.923",
      "priority": 0,
      "status": 2,
      "urlAliases": [],
      "isExportData": true,
      "themeName": "default"
    },
    {
      "id": 2,
      "specificulture": "en-us",
      "cultures": null,
      "template": "Pages/_Search.cshtml",
      "thumbnail": null,
      "image": "/mix-app/assets/img/bgs/home.jpg",
      "icon": null,
      "cssClass": null,
      "layout": "Masters/_Layout.cshtml",
      "title": "Search",
      "excerpt": null,
      "content": null,
      "seoName": "search",
      "seoTitle": "search",
      "seoDescription": "search",
      "seoKeywords": "search",
      "source": null,
      "views": null,
      "type": 3,
      "tags": null,
      "staticUrl": null,
      "level": 0,
      "pageSize": null,
      "createdBy": "admin",
      "createdDateTime": "2021-02-07T05:48:34.2569214",
      "modifiedBy": null,
      "lastModified": "2019-07-13T01:41:41.72",
      "priority": 0,
      "status": 2,
      "urlAliases": [],
      "isExportData": true,
      "themeName": "default"
    },
    {
      "id": 3,
      "specificulture": "en-us",
      "cultures": null,
      "template": "Pages/_Error.cshtml",
      "thumbnail": null,
      "image": "/mix-app/assets/img/bgs/maintenance.jpg",
      "icon": null,
      "cssClass": null,
      "layout": "Masters/_Blank.cshtml",
      "title": "404",
      "excerpt": null,
      "content": null,
      "seoName": "404",
      "seoTitle": "404",
      "seoDescription": "404",
      "seoKeywords": "404",
      "source": null,
      "views": null,
      "type": 3,
      "tags": null,
      "staticUrl": null,
      "level": 0,
      "pageSize": null,
      "createdBy": "admin",
      "createdDateTime": "2021-02-07T05:48:34.2826042",
      "modifiedBy": null,
      "lastModified": "2019-07-13T01:43:50.107",
      "priority": 0,
      "status": 2,
      "urlAliases": [],
      "isExportData": true,
      "themeName": "default"
    },
    {
      "id": 4,
      "specificulture": "en-us",
      "cultures": null,
      "template": "Pages/_Error.cshtml",
      "thumbnail": null,
      "image": "/mix-app/assets/img/bgs/maintenance.jpg",
      "icon": null,
      "cssClass": null,
      "layout": "Masters/_Blank.cshtml",
      "title": "403",
      "excerpt": null,
      "content": null,
      "seoName": "403",
      "seoTitle": "403",
      "seoDescription": "403",
      "seoKeywords": "403",
      "source": null,
      "views": null,
      "type": 3,
      "tags": null,
      "staticUrl": null,
      "level": 0,
      "pageSize": null,
      "createdBy": "admin",
      "createdDateTime": "2021-02-07T05:48:34.2991396",
      "modifiedBy": null,
      "lastModified": "2019-07-13T01:44:08.35",
      "priority": 0,
      "status": 2,
      "urlAliases": [],
      "isExportData": true,
      "themeName": "default"
    },
    {
      "id": 5,
      "specificulture": "en-us",
      "cultures": null,
      "template": "Pages/_Error.cshtml",
      "thumbnail": null,
      "image": "/mix-app/assets/img/bgs/maintenance.jpg",
      "icon": null,
      "cssClass": null,
      "layout": "Masters/_Blank.cshtml",
      "title": "500",
      "excerpt": null,
      "content": null,
      "seoName": "500",
      "seoTitle": "500",
      "seoDescription": "500",
      "seoKeywords": "500",
      "source": null,
      "views": null,
      "type": 3,
      "tags": null,
      "staticUrl": null,
      "level": 0,
      "pageSize": null,
      "createdBy": "admin",
      "createdDateTime": "2021-02-07T05:48:34.321981",
      "modifiedBy": null,
      "lastModified": "2019-07-13T01:46:15.697",
      "priority": 0,
      "status": 2,
      "urlAliases": [],
      "isExportData": true,
      "themeName": "default"
    },
    {
      "id": 6,
      "specificulture": "en-us",
      "cultures": null,
      "template": "Pages/_Error.cshtml",
      "thumbnail": null,
      "image": "/mix-app/assets/img/bgs/maintenance.jpg",
      "icon": null,
      "cssClass": null,
      "layout": "Masters/_Blank.cshtml",
      "title": "Maintenance",
      "excerpt": null,
      "content": null,
      "seoName": "maintenance",
      "seoTitle": "maintenance",
      "seoDescription": "maintenance",
      "seoKeywords": "maintenance",
      "source": null,
      "views": null,
      "type": 3,
      "tags": null,
      "staticUrl": null,
      "level": 0,
      "pageSize": null,
      "createdBy": "admin",
      "createdDateTime": "2021-02-07T05:48:34.3387716",
      "modifiedBy": null,
      "lastModified": "2020-06-18T05:43:45.593",
      "priority": 0,
      "status": 2,
      "urlAliases": [],
      "isExportData": true,
      "themeName": "default"
    },
    {
      "id": 7,
      "specificulture": "en-us",
      "cultures": null,
      "template": "Pages/Home.cshtml",
      "thumbnail": null,
      "image": "/mix-app/assets/img/bgs/home.jpg",
      "icon": null,
      "cssClass": null,
      "layout": "Masters/_Layout.cshtml",
      "title": "Home",
      "excerpt": null,
      "content": null,
      "seoName": "home",
      "seoTitle": "home",
      "seoDescription": "home",
      "seoKeywords": "home",
      "source": null,
      "views": null,
      "type": 1,
      "tags": null,
      "staticUrl": null,
      "level": 0,
      "pageSize": null,
      "createdBy": "admin",
      "createdDateTime": "2021-02-07T05:48:34.3564534",
      "modifiedBy": null,
      "lastModified": "2020-06-16T18:15:28.51",
      "priority": 0,
      "status": 2,
      "urlAliases": [],
      "isExportData": true,
      "themeName": "default"
    },
    {
      "id": 8,
      "specificulture": "en-us",
      "cultures": null,
      "template": "Pages/Blogs.cshtml",
      "thumbnail": null,
      "image": null,
      "icon": null,
      "cssClass": null,
      "layout": "Masters/_Layout.cshtml",
      "title": "Blogs",
      "excerpt": null,
      "content": null,
      "seoName": "blogs",
      "seoTitle": "blogs",
      "seoDescription": "blogs",
      "seoKeywords": "blogs",
      "source": null,
      "views": null,
      "type": 3,
      "tags": null,
      "staticUrl": null,
      "level": null,
      "pageSize": null,
      "createdBy": "tinku",
      "createdDateTime": "2021-02-07T06:21:46.3765578",
      "modifiedBy": "tinku",
      "lastModified": "2021-02-07T06:28:17.0131532",
      "priority": 0,
      "status": 2,
      "urlAliases": [],
      "isExportData": true,
      "themeName": "default"
    }
  ],
  "modules": [],
  "attributeSets": [
    {
      "id": 1,
      "ReferenceId": null,
      "type": "System",
      "title": "Menu Item",
      "name": "sys_menu_item",
      "description": null,
      "formTemplate": "Layouts/Footer.cshtml",
      "edmTemplate": "Layouts/Footer.cshtml",
      "edmSubject": null,
      "edmFrom": null,
      "edmAutoSend": null,
      "createdBy": null,
      "createdDateTime": "2021-02-07T05:48:34.4586857",
      "modifiedBy": null,
      "lastModified": "2020-06-18T05:20:33.207",
      "priority": 0,
      "status": 2,
      "fields": [
        {
          "id": 1,
          "specificulture": null,
          "attributeSetId": 1,
          "attributeSetName": "sys_menu_item",
          "configurations": "{\"upload\":{\"arrayAccepts\":[],\"accepts\":\"\",\"width\":null,\"height\":null,\"isCrop\":false}}",
          "referenceId": null,
          "regex": null,
          "isRegex": false,
          "title": "Title",
          "dataType": 7,
          "defaultValue": null,
          "strOptions": null,
          "options": null,
          "name": "title",
          "isRequire": true,
          "isEncrypt": false,
          "isSelect": false,
          "isUnique": false,
          "isMultiple": false,
          "createdBy": null,
          "createdDateTime": "2021-02-07T05:48:34.6339615",
          "modifiedBy": null,
          "lastModified": null,
          "priority": 0,
          "status": 2,
          "fieldConfigurations": {
            "upload": {
              "arrayAccepts": [],
              "accepts": "",
              "width": null,
              "height": null,
              "isCrop": false
            }
          }
        },
        {
          "id": 2,
          "specificulture": null,
          "attributeSetId": 1,
          "attributeSetName": "sys_menu_item",
          "configurations": "{\"upload\":{\"arrayAccepts\":[],\"accepts\":\"\",\"width\":null,\"height\":null,\"isCrop\":false}}",
          "referenceId": null,
          "regex": null,
          "isRegex": false,
          "title": "Uri",
          "dataType": 7,
          "defaultValue": null,
          "strOptions": "[]",
          "options": [],
          "name": "uri",
          "isRequire": false,
          "isEncrypt": false,
          "isSelect": false,
          "isUnique": false,
          "isMultiple": false,
          "createdBy": null,
          "createdDateTime": "2021-02-07T05:48:34.7012663",
          "modifiedBy": null,
          "lastModified": null,
          "priority": 1,
          "status": 2,
          "fieldConfigurations": {
            "upload": {
              "arrayAccepts": [],
              "accepts": "",
              "width": null,
              "height": null,
              "isCrop": false
            }
          }
        },
        {
          "id": 3,
          "specificulture": null,
          "attributeSetId": 1,
          "attributeSetName": "sys_menu_item",
          "configurations": "{\"upload\":{\"arrayAccepts\":[],\"accepts\":\"\",\"width\":null,\"height\":null,\"isCrop\":false}}",
          "referenceId": null,
          "regex": null,
          "isRegex": false,
          "title": "Icon",
          "dataType": 19,
          "defaultValue": null,
          "strOptions": "[]",
          "options": [],
          "name": "icon",
          "isRequire": false,
          "isEncrypt": false,
          "isSelect": false,
          "isUnique": false,
          "isMultiple": false,
          "createdBy": null,
          "createdDateTime": "2021-02-07T05:48:34.7152869",
          "modifiedBy": null,
          "lastModified": null,
          "priority": 2,
          "status": 2,
          "fieldConfigurations": {
            "upload": {
              "arrayAccepts": [],
              "accepts": "",
              "width": null,
              "height": null,
              "isCrop": false
            }
          }
        },
        {
          "id": 4,
          "specificulture": null,
          "attributeSetId": 1,
          "attributeSetName": "sys_menu_item",
          "configurations": "{\"upload\":{\"arrayAccepts\":[],\"accepts\":\"\",\"width\":null,\"height\":null,\"isCrop\":false}}",
          "referenceId": null,
          "regex": null,
          "isRegex": false,
          "title": "Type",
          "dataType": 7,
          "defaultValue": "Uri",
          "strOptions": "[\r\n  {\r\n    \"value\": \"Uri\",\r\n    \"dataType\": \"Text\"\r\n  },\r\n  {\r\n    \"value\": \"Page\",\r\n    \"dataType\": \"Text\"\r\n  },\r\n  {\r\n    \"value\": \"Post\",\r\n    \"dataType\": \"Text\"\r\n  }\r\n]",
          "options": [
            {
              "value": "Uri",
              "dataType": "Text"
            },
            {
              "value": "Page",
              "dataType": "Text"
            },
            {
              "value": "Post",
              "dataType": "Text"
            }
          ],
          "name": "type",
          "isRequire": false,
          "isEncrypt": false,
          "isSelect": true,
          "isUnique": false,
          "isMultiple": false,
          "createdBy": null,
          "createdDateTime": "2021-02-07T05:48:34.7357692",
          "modifiedBy": null,
          "lastModified": null,
          "priority": 3,
          "status": 2,
          "fieldConfigurations": {
            "upload": {
              "arrayAccepts": [],
              "accepts": "",
              "width": null,
              "height": null,
              "isCrop": false
            }
          }
        },
        {
          "id": 5,
          "specificulture": null,
          "attributeSetId": 1,
          "attributeSetName": "sys_menu_item",
          "configurations": "{\"upload\":{\"arrayAccepts\":[],\"accepts\":\"\",\"width\":null,\"height\":null,\"isCrop\":false}}",
          "referenceId": null,
          "regex": null,
          "isRegex": false,
          "title": "Target",
          "dataType": 7,
          "defaultValue": "_top",
          "strOptions": "[\r\n  {\r\n    \"value\": \"_blank\",\r\n    \"dataType\": \"Text\"\r\n  },\r\n  {\r\n    \"value\": \"_self\",\r\n    \"dataType\": \"Text\"\r\n  },\r\n  {\r\n    \"value\": \"_parent\",\r\n    \"dataType\": \"Text\"\r\n  },\r\n  {\r\n    \"value\": \"_top\",\r\n    \"dataType\": \"Text\"\r\n  },\r\n  {\r\n    \"value\": \"framename\",\r\n    \"dataType\": \"Text\"\r\n  }\r\n]",
          "options": [
            {
              "value": "_blank",
              "dataType": "Text"
            },
            {
              "value": "_self",
              "dataType": "Text"
            },
            {
              "value": "_parent",
              "dataType": "Text"
            },
            {
              "value": "_top",
              "dataType": "Text"
            },
            {
              "value": "framename",
              "dataType": "Text"
            }
          ],
          "name": "target",
          "isRequire": false,
          "isEncrypt": false,
          "isSelect": true,
          "isUnique": false,
          "isMultiple": false,
          "createdBy": null,
          "createdDateTime": "2021-02-07T05:48:34.7500678",
          "modifiedBy": null,
          "lastModified": null,
          "priority": 4,
          "status": 2,
          "fieldConfigurations": {
            "upload": {
              "arrayAccepts": [],
              "accepts": "",
              "width": null,
              "height": null,
              "isCrop": false
            }
          }
        },
        {
          "id": 6,
          "specificulture": null,
          "attributeSetId": 1,
          "attributeSetName": "sys_menu_item",
          "configurations": "{\"upload\":{\"arrayAccepts\":[],\"accepts\":\"\",\"width\":null,\"height\":null,\"isCrop\":false}}",
          "referenceId": null,
          "regex": null,
          "isRegex": false,
          "title": "Target Id",
          "dataType": 7,
          "defaultValue": "",
          "strOptions": "[]",
          "options": [],
          "name": "target_id",
          "isRequire": false,
          "isEncrypt": false,
          "isSelect": false,
          "isUnique": false,
          "isMultiple": false,
          "createdBy": null,
          "createdDateTime": "2021-02-07T05:48:34.7629646",
          "modifiedBy": null,
          "lastModified": null,
          "priority": 4,
          "status": 2,
          "fieldConfigurations": {
            "upload": {
              "arrayAccepts": [],
              "accepts": "",
              "width": null,
              "height": null,
              "isCrop": false
            }
          }
        },
        {
          "id": 7,
          "specificulture": null,
          "attributeSetId": 1,
          "attributeSetName": "sys_menu_item",
          "configurations": "{\"upload\":{\"arrayAccepts\":[],\"accepts\":\"\",\"width\":null,\"height\":null,\"isCrop\":false}}",
          "referenceId": null,
          "regex": null,
          "isRegex": false,
          "title": "Classes",
          "dataType": 7,
          "defaultValue": null,
          "strOptions": null,
          "options": null,
          "name": "classes",
          "isRequire": false,
          "isEncrypt": false,
          "isSelect": false,
          "isUnique": false,
          "isMultiple": false,
          "createdBy": null,
          "createdDateTime": "2021-02-07T05:48:34.7775875",
          "modifiedBy": null,
          "lastModified": null,
          "priority": 5,
          "status": 2,
          "fieldConfigurations": {
            "upload": {
              "arrayAccepts": [],
              "accepts": "",
              "width": null,
              "height": null,
              "isCrop": false
            }
          }
        },
        {
          "id": 8,
          "specificulture": null,
          "attributeSetId": 1,
          "attributeSetName": "sys_menu_item",
          "configurations": "{\"upload\":{\"arrayAccepts\":[],\"accepts\":\"\",\"width\":null,\"height\":null,\"isCrop\":false}}",
          "referenceId": null,
          "regex": null,
          "isRegex": false,
          "title": "Description",
          "dataType": 9,
          "defaultValue": null,
          "strOptions": null,
          "options": null,
          "name": "description",
          "isRequire": false,
          "isEncrypt": false,
          "isSelect": false,
          "isUnique": false,
          "isMultiple": false,
          "createdBy": null,
          "createdDateTime": "2021-02-07T05:48:34.7923729",
          "modifiedBy": null,
          "lastModified": null,
          "priority": 6,
          "status": 2,
          "fieldConfigurations": {
            "upload": {
              "arrayAccepts": [],
              "accepts": "",
              "width": null,
              "height": null,
              "isCrop": false
            }
          }
        },
        {
          "id": 9,
          "specificulture": null,
          "attributeSetId": 1,
          "attributeSetName": "sys_menu_item",
          "configurations": "{\"upload\":{\"arrayAccepts\":[],\"accepts\":\"\",\"width\":null,\"height\":null,\"isCrop\":false}}",
          "referenceId": 1,
          "regex": null,
          "isRegex": false,
          "title": "Menu Items",
          "dataType": 23,
          "defaultValue": null,
          "strOptions": null,
          "options": null,
          "name": "menu_items",
          "isRequire": false,
          "isEncrypt": false,
          "isSelect": false,
          "isUnique": false,
          "isMultiple": false,
          "createdBy": null,
          "createdDateTime": "2021-02-07T05:48:34.8053245",
          "modifiedBy": null,
          "lastModified": null,
          "priority": 7,
          "status": 2,
          "fieldConfigurations": {
            "upload": {
              "arrayAccepts": [],
              "accepts": "",
              "width": null,
              "height": null,
              "isCrop": false
            }
          }
        },
        {
          "id": 10,
          "specificulture": null,
          "attributeSetId": 1,
          "attributeSetName": "sys_menu_item",
          "configurations": "{\"upload\":{\"arrayAccepts\":[],\"accepts\":\"\",\"width\":null,\"height\":null,\"isCrop\":false}}",
          "referenceId": null,
          "regex": null,
          "isRegex": false,
          "title": "Alt",
          "dataType": 7,
          "defaultValue": null,
          "strOptions": "[]",
          "options": [],
          "name": "alt",
          "isRequire": false,
          "isEncrypt": false,
          "isSelect": false,
          "isUnique": false,
          "isMultiple": false,
          "createdBy": null,
          "createdDateTime": "2021-02-07T05:48:34.8188289",
          "modifiedBy": null,
          "lastModified": null,
          "priority": 8,
          "status": 2,
          "fieldConfigurations": {
            "upload": {
              "arrayAccepts": [],
              "accepts": "",
              "width": null,
              "height": null,
              "isCrop": false
            }
          }
        },
        {
          "id": 11,
          "specificulture": null,
          "attributeSetId": 1,
          "attributeSetName": "sys_menu_item",
          "configurations": "{\"upload\":{\"arrayAccepts\":[],\"accepts\":\"\",\"width\":null,\"height\":null,\"isCrop\":false}}",
          "referenceId": null,
          "regex": null,
          "isRegex": false,
          "title": "Hreflang",
          "dataType": 7,
          "defaultValue": null,
          "strOptions": "[]",
          "options": [],
          "name": "hreflang",
          "isRequire": false,
          "isEncrypt": false,
          "isSelect": false,
          "isUnique": false,
          "isMultiple": false,
          "createdBy": null,
          "createdDateTime": "2021-02-07T05:48:34.8345855",
          "modifiedBy": null,
          "lastModified": null,
          "priority": 9,
          "status": 2,
          "fieldConfigurations": {
            "upload": {
              "arrayAccepts": [],
              "accepts": "",
              "width": null,
              "height": null,
              "isCrop": false
            }
          }
        },
        {
          "id": 12,
          "specificulture": null,
          "attributeSetId": 1,
          "attributeSetName": "sys_menu_item",
          "configurations": "{\"upload\":{\"arrayAccepts\":[],\"accepts\":\"\",\"width\":null,\"height\":null,\"isCrop\":false}}",
          "referenceId": null,
          "regex": null,
          "isRegex": false,
          "title": "Rel",
          "dataType": 7,
          "defaultValue": null,
          "strOptions": "[\r\n  {\r\n    \"value\": \"next\",\r\n    \"dataType\": \"Text\"\r\n  },\r\n  {\r\n    \"value\": \"nofollow\",\r\n    \"dataType\": \"Text\"\r\n  },\r\n  {\r\n    \"value\": \"noreferrer\",\r\n    \"dataType\": \"Text\"\r\n  },\r\n  {\r\n    \"value\": \"prev\",\r\n    \"dataType\": \"Text\"\r\n  }\r\n]",
          "options": [
            {
              "value": "next",
              "dataType": "Text"
            },
            {
              "value": "nofollow",
              "dataType": "Text"
            },
            {
              "value": "noreferrer",
              "dataType": "Text"
            },
            {
              "value": "prev",
              "dataType": "Text"
            }
          ],
          "name": "rel",
          "isRequire": false,
          "isEncrypt": false,
          "isSelect": true,
          "isUnique": false,
          "isMultiple": false,
          "createdBy": null,
          "createdDateTime": "2021-02-07T05:48:34.8494255",
          "modifiedBy": null,
          "lastModified": null,
          "priority": 10,
          "status": 2,
          "fieldConfigurations": {
            "upload": {
              "arrayAccepts": [],
              "accepts": "",
              "width": null,
              "height": null,
              "isCrop": false
            }
          }
        }
      ],
      "isExportData": true
    },
    {
      "id": 2,
      "ReferenceId": null,
      "type": "System",
      "title": "Navigation",
      "name": "sys_navigation",
      "description": null,
      "formTemplate": "Forms/_Blank.cshtml",
      "edmTemplate": "Edms/_Blank.cshtml",
      "edmSubject": null,
      "edmFrom": null,
      "edmAutoSend": null,
      "createdBy": null,
      "createdDateTime": "2021-02-07T05:48:34.5187406",
      "modifiedBy": null,
      "lastModified": null,
      "priority": 0,
      "status": 2,
      "fields": [
        {
          "id": 13,
          "specificulture": null,
          "attributeSetId": 2,
          "attributeSetName": "sys_navigation",
          "configurations": "{\"upload\":{\"arrayAccepts\":[],\"accepts\":\"\",\"width\":null,\"height\":null,\"isCrop\":false}}",
          "referenceId": null,
          "regex": null,
          "isRegex": false,
          "title": "Title",
          "dataType": 7,
          "defaultValue": null,
          "strOptions": "[]",
          "options": [],
          "name": "title",
          "isRequire": true,
          "isEncrypt": false,
          "isSelect": false,
          "isUnique": false,
          "isMultiple": false,
          "createdBy": null,
          "createdDateTime": "2021-02-07T05:48:34.8635044",
          "modifiedBy": null,
          "lastModified": null,
          "priority": 0,
          "status": 2,
          "fieldConfigurations": {
            "upload": {
              "arrayAccepts": [],
              "accepts": "",
              "width": null,
              "height": null,
              "isCrop": false
            }
          }
        },
        {
          "id": 14,
          "specificulture": null,
          "attributeSetId": 2,
          "attributeSetName": "sys_navigation",
          "configurations": "{\"upload\":{\"arrayAccepts\":[],\"accepts\":\"\",\"width\":null,\"height\":null,\"isCrop\":false}}",
          "referenceId": null,
          "regex": null,
          "isRegex": false,
          "title": "Name",
          "dataType": 7,
          "defaultValue": null,
          "strOptions": null,
          "options": null,
          "name": "name",
          "isRequire": true,
          "isEncrypt": false,
          "isSelect": false,
          "isUnique": false,
          "isMultiple": false,
          "createdBy": null,
          "createdDateTime": "2021-02-07T05:48:34.880492",
          "modifiedBy": null,
          "lastModified": null,
          "priority": 1,
          "status": 2,
          "fieldConfigurations": {
            "upload": {
              "arrayAccepts": [],
              "accepts": "",
              "width": null,
              "height": null,
              "isCrop": false
            }
          }
        },
        {
          "id": 15,
          "specificulture": null,
          "attributeSetId": 2,
          "attributeSetName": "sys_navigation",
          "configurations": "{\"upload\":{\"arrayAccepts\":[],\"accepts\":\"\",\"width\":null,\"height\":null,\"isCrop\":false}}",
          "referenceId": 1,
          "regex": null,
          "isRegex": false,
          "title": "Menu Items",
          "dataType": 23,
          "defaultValue": null,
          "strOptions": "[]",
          "options": [],
          "name": "menu_items",
          "isRequire": false,
          "isEncrypt": false,
          "isSelect": false,
          "isUnique": false,
          "isMultiple": false,
          "createdBy": null,
          "createdDateTime": "2021-02-07T05:48:34.893558",
          "modifiedBy": null,
          "lastModified": null,
          "priority": 2,
          "status": 2,
          "fieldConfigurations": {
            "upload": {
              "arrayAccepts": [],
              "accepts": "",
              "width": null,
              "height": null,
              "isCrop": false
            }
          }
        }
      ],
      "isExportData": true
    },
    {
      "id": 3,
      "ReferenceId": null,
      "type": "System",
      "title": "Page",
      "name": "sys_additional_field_page",
      "description": null,
      "formTemplate": "Forms/_Blank.cshtml",
      "edmTemplate": "Edms/_Blank.cshtml",
      "edmSubject": null,
      "edmFrom": null,
      "edmAutoSend": null,
      "createdBy": null,
      "createdDateTime": "2021-02-07T05:48:34.5387495",
      "modifiedBy": null,
      "lastModified": null,
      "priority": 0,
      "status": 2,
      "fields": [],
      "isExportData": true
    },
    {
      "id": 4,
      "ReferenceId": null,
      "type": "System",
      "title": "Module",
      "name": "sys_additional_field_module",
      "description": null,
      "formTemplate": "Forms/_Blank.cshtml",
      "edmTemplate": "Edms/_Blank.cshtml",
      "edmSubject": null,
      "edmFrom": null,
      "edmAutoSend": null,
      "createdBy": null,
      "createdDateTime": "2021-02-07T05:48:34.5527688",
      "modifiedBy": null,
      "lastModified": null,
      "priority": 0,
      "status": 2,
      "fields": [],
      "isExportData": true
    },
    {
      "id": 5,
      "ReferenceId": null,
      "type": "System",
      "title": "Post",
      "name": "sys_additional_field_post",
      "description": null,
      "formTemplate": "Forms/_Blank.cshtml",
      "edmTemplate": "Edms/_Blank.cshtml",
      "edmSubject": null,
      "edmFrom": null,
      "edmAutoSend": null,
      "createdBy": null,
      "createdDateTime": "2021-02-07T05:48:34.5655509",
      "modifiedBy": null,
      "lastModified": null,
      "priority": 0,
      "status": 2,
      "fields": [],
      "isExportData": true
    },
    {
      "id": 6,
      "ReferenceId": null,
      "type": "System",
      "title": "Additional Field",
      "name": "sys_additional_field",
      "description": null,
      "formTemplate": "Forms/_Blank.cshtml",
      "edmTemplate": "Edms/_Blank.cshtml",
      "edmSubject": null,
      "edmFrom": null,
      "edmAutoSend": null,
      "createdBy": null,
      "createdDateTime": "2021-02-07T05:48:34.5773688",
      "modifiedBy": null,
      "lastModified": null,
      "priority": 1,
      "status": 2,
      "fields": [],
      "isExportData": true
    },
    {
      "id": 7,
      "ReferenceId": null,
      "type": "System",
      "title": "Category",
      "name": "sys_category",
      "description": null,
      "formTemplate": null,
      "edmTemplate": null,
      "edmSubject": null,
      "edmFrom": null,
      "edmAutoSend": null,
      "createdBy": null,
      "createdDateTime": "2021-02-07T05:48:34.5898878",
      "modifiedBy": null,
      "lastModified": null,
      "priority": 2,
      "status": 2,
      "fields": [
        {
          "id": 16,
          "specificulture": null,
          "attributeSetId": 7,
          "attributeSetName": "sys_category",
          "configurations": "{\"upload\":{\"arrayAccepts\":[],\"accepts\":\"\",\"width\":null,\"height\":null,\"isCrop\":false}}",
          "referenceId": null,
          "regex": null,
          "isRegex": false,
          "title": "Title",
          "dataType": 7,
          "defaultValue": null,
          "strOptions": "[]",
          "options": [],
          "name": "title",
          "isRequire": true,
          "isEncrypt": false,
          "isSelect": false,
          "isUnique": true,
          "isMultiple": false,
          "createdBy": null,
          "createdDateTime": "2021-02-07T05:48:34.9089236",
          "modifiedBy": null,
          "lastModified": null,
          "priority": 1,
          "status": 2,
          "fieldConfigurations": {
            "upload": {
              "arrayAccepts": [],
              "accepts": "",
              "width": null,
              "height": null,
              "isCrop": false
            }
          }
        },
        {
          "id": 17,
          "specificulture": null,
          "attributeSetId": 7,
          "attributeSetName": "sys_category",
          "configurations": "{\"upload\":{\"arrayAccepts\":[],\"accepts\":\"\",\"width\":null,\"height\":null,\"isCrop\":false}}",
          "referenceId": null,
          "regex": null,
          "isRegex": false,
          "title": "Slug",
          "dataType": 7,
          "defaultValue": null,
          "strOptions": "[]",
          "options": [],
          "name": "slug",
          "isRequire": true,
          "isEncrypt": false,
          "isSelect": false,
          "isUnique": true,
          "isMultiple": false,
          "createdBy": null,
          "createdDateTime": "2021-02-07T05:48:34.9236854",
          "modifiedBy": null,
          "lastModified": null,
          "priority": 2,
          "status": 2,
          "fieldConfigurations": {
            "upload": {
              "arrayAccepts": [],
              "accepts": "",
              "width": null,
              "height": null,
              "isCrop": false
            }
          }
        },
        {
          "id": 18,
          "specificulture": null,
          "attributeSetId": 7,
          "attributeSetName": "sys_category",
          "configurations": "{\"upload\":{\"arrayAccepts\":[],\"accepts\":\"\",\"width\":null,\"height\":null,\"isCrop\":false}}",
          "referenceId": null,
          "regex": null,
          "isRegex": false,
          "title": "Type",
          "dataType": 7,
          "defaultValue": "Post",
          "strOptions": "[\r\n  {\r\n    \"value\": \"Post\",\r\n    \"dataType\": \"Text\"\r\n  },\r\n  {\r\n    \"value\": \"Page\",\r\n    \"dataType\": \"Text\"\r\n  },\r\n  {\r\n    \"value\": \"Module\",\r\n    \"dataType\": \"Text\"\r\n  }\r\n]",
          "options": [
            {
              "value": "Post",
              "dataType": "Text"
            },
            {
              "value": "Page",
              "dataType": "Text"
            },
            {
              "value": "Module",
              "dataType": "Text"
            }
          ],
          "name": "type",
          "isRequire": false,
          "isEncrypt": false,
          "isSelect": true,
          "isUnique": false,
          "isMultiple": false,
          "createdBy": null,
          "createdDateTime": "2021-02-07T05:48:34.9394657",
          "modifiedBy": null,
          "lastModified": null,
          "priority": 3,
          "status": 2,
          "fieldConfigurations": {
            "upload": {
              "arrayAccepts": [],
              "accepts": "",
              "width": null,
              "height": null,
              "isCrop": false
            }
          }
        },
        {
          "id": 19,
          "specificulture": null,
          "attributeSetId": 7,
          "attributeSetName": "sys_category",
          "configurations": "{\"upload\":{\"arrayAccepts\":[],\"accepts\":\"\",\"width\":null,\"height\":null,\"isCrop\":false}}",
          "referenceId": null,
          "regex": null,
          "isRegex": false,
          "title": "Icon",
          "dataType": 19,
          "defaultValue": null,
          "strOptions": "[]",
          "options": [],
          "name": "icon",
          "isRequire": false,
          "isEncrypt": false,
          "isSelect": false,
          "isUnique": false,
          "isMultiple": false,
          "createdBy": null,
          "createdDateTime": "2021-02-07T05:48:34.9530178",
          "modifiedBy": null,
          "lastModified": null,
          "priority": 4,
          "status": 2,
          "fieldConfigurations": {
            "upload": {
              "arrayAccepts": [],
              "accepts": "",
              "width": null,
              "height": null,
              "isCrop": false
            }
          }
        },
        {
          "id": 20,
          "specificulture": null,
          "attributeSetId": 7,
          "attributeSetName": "sys_category",
          "configurations": "{\"upload\":{\"arrayAccepts\":[],\"accepts\":\"\",\"width\":null,\"height\":null,\"isCrop\":false}}",
          "referenceId": null,
          "regex": null,
          "isRegex": false,
          "title": "Description",
          "dataType": 9,
          "defaultValue": null,
          "strOptions": "[]",
          "options": [],
          "name": "description",
          "isRequire": false,
          "isEncrypt": false,
          "isSelect": false,
          "isUnique": false,
          "isMultiple": false,
          "createdBy": null,
          "createdDateTime": "2021-02-07T05:48:34.9732413",
          "modifiedBy": null,
          "lastModified": null,
          "priority": 5,
          "status": 2,
          "fieldConfigurations": {
            "upload": {
              "arrayAccepts": [],
              "accepts": "",
              "width": null,
              "height": null,
              "isCrop": false
            }
          }
        }
      ],
      "isExportData": true
    },
    {
      "id": 8,
      "ReferenceId": null,
      "type": "System",
      "title": "Tag",
      "name": "sys_tag",
      "description": null,
      "formTemplate": "Forms/_Blank.cshtml",
      "edmTemplate": "Edms/_Blank.cshtml",
      "edmSubject": null,
      "edmFrom": null,
      "edmAutoSend": null,
      "createdBy": null,
      "createdDateTime": "2021-02-07T05:48:34.6030872",
      "modifiedBy": null,
      "lastModified": null,
      "priority": 3,
      "status": 2,
      "fields": [
        {
          "id": 21,
          "specificulture": null,
          "attributeSetId": 8,
          "attributeSetName": "sys_tag",
          "configurations": "{\"upload\":{\"arrayAccepts\":[],\"accepts\":\"\",\"width\":null,\"height\":null,\"isCrop\":false}}",
          "referenceId": null,
          "regex": null,
          "isRegex": false,
          "title": "Title",
          "dataType": 7,
          "defaultValue": null,
          "strOptions": "[]",
          "options": [],
          "name": "title",
          "isRequire": true,
          "isEncrypt": false,
          "isSelect": false,
          "isUnique": true,
          "isMultiple": false,
          "createdBy": null,
          "createdDateTime": "2021-02-07T05:48:34.9916461",
          "modifiedBy": null,
          "lastModified": null,
          "priority": 1,
          "status": 2,
          "fieldConfigurations": {
            "upload": {
              "arrayAccepts": [],
              "accepts": "",
              "width": null,
              "height": null,
              "isCrop": false
            }
          }
        },
        {
          "id": 22,
          "specificulture": null,
          "attributeSetId": 8,
          "attributeSetName": "sys_tag",
          "configurations": "{\"upload\":{\"arrayAccepts\":[],\"accepts\":\"\",\"width\":null,\"height\":null,\"isCrop\":false}}",
          "referenceId": null,
          "regex": null,
          "isRegex": false,
          "title": "Slug",
          "dataType": 7,
          "defaultValue": null,
          "strOptions": "[]",
          "options": [],
          "name": "slug",
          "isRequire": true,
          "isEncrypt": false,
          "isSelect": false,
          "isUnique": true,
          "isMultiple": false,
          "createdBy": null,
          "createdDateTime": "2021-02-07T05:48:35.0073312",
          "modifiedBy": null,
          "lastModified": null,
          "priority": 2,
          "status": 2,
          "fieldConfigurations": {
            "upload": {
              "arrayAccepts": [],
              "accepts": "",
              "width": null,
              "height": null,
              "isCrop": false
            }
          }
        },
        {
          "id": 23,
          "specificulture": null,
          "attributeSetId": 8,
          "attributeSetName": "sys_tag",
          "configurations": "{\"upload\":{\"arrayAccepts\":[],\"accepts\":\"\",\"width\":null,\"height\":null,\"isCrop\":false}}",
          "referenceId": null,
          "regex": null,
          "isRegex": false,
          "title": "Type",
          "dataType": 7,
          "defaultValue": "Post",
          "strOptions": "[]",
          "options": [],
          "name": "type",
          "isRequire": false,
          "isEncrypt": false,
          "isSelect": false,
          "isUnique": false,
          "isMultiple": false,
          "createdBy": null,
          "createdDateTime": "2021-02-07T05:48:35.0205451",
          "modifiedBy": null,
          "lastModified": null,
          "priority": 3,
          "status": 2,
          "fieldConfigurations": {
            "upload": {
              "arrayAccepts": [],
              "accepts": "",
              "width": null,
              "height": null,
              "isCrop": false
            }
          }
        }
      ],
      "isExportData": true
    },
    {
      "id": 9,
      "ReferenceId": null,
      "type": "System",
      "title": "Post Type",
      "name": "post_type",
      "description": null,
      "formTemplate": null,
      "edmTemplate": null,
      "edmSubject": null,
      "edmFrom": null,
      "edmAutoSend": null,
      "createdBy": null,
      "createdDateTime": "2021-02-07T05:48:34.6160783",
      "modifiedBy": null,
      "lastModified": "2020-09-26T10:19:31",
      "priority": 0,
      "status": 2,
      "fields": [
        {
          "id": 24,
          "specificulture": null,
          "attributeSetId": 9,
          "attributeSetName": "post_type",
          "configurations": "{\"upload\":{\"arrayAccepts\":[],\"accepts\":\"\",\"width\":null,\"height\":null,\"isCrop\":false}}",
          "referenceId": null,
          "regex": null,
          "isRegex": false,
          "title": "Title",
          "dataType": 7,
          "defaultValue": null,
          "strOptions": "[]",
          "options": [],
          "name": "title",
          "isRequire": false,
          "isEncrypt": false,
          "isSelect": false,
          "isUnique": false,
          "isMultiple": false,
          "createdBy": null,
          "createdDateTime": "2021-02-07T05:48:35.0392816",
          "modifiedBy": null,
          "lastModified": null,
          "priority": 1,
          "status": 2,
          "fieldConfigurations": {
            "upload": {
              "arrayAccepts": [],
              "accepts": "",
              "width": null,
              "height": null,
              "isCrop": false
            }
          }
        },
        {
          "id": 25,
          "specificulture": null,
          "attributeSetId": 9,
          "attributeSetName": "post_type",
          "configurations": "{\"upload\":{\"arrayAccepts\":[],\"accepts\":\"\",\"width\":null,\"height\":null,\"isCrop\":false}}",
          "referenceId": null,
          "regex": null,
          "isRegex": false,
          "title": "Attribute Set Name",
          "dataType": 7,
          "defaultValue": null,
          "strOptions": "[]",
          "options": [],
          "name": "attribute_set_name",
          "isRequire": false,
          "isEncrypt": false,
          "isSelect": false,
          "isUnique": false,
          "isMultiple": false,
          "createdBy": null,
          "createdDateTime": "2021-02-07T05:48:35.0536739",
          "modifiedBy": null,
          "lastModified": null,
          "priority": 2,
          "status": 2,
          "fieldConfigurations": {
            "upload": {
              "arrayAccepts": [],
              "accepts": "",
              "width": null,
              "height": null,
              "isCrop": false
            }
          }
        },
        {
          "id": 26,
          "specificulture": null,
          "attributeSetId": 9,
          "attributeSetName": "post_type",
          "configurations": "{\"upload\":{\"arrayAccepts\":[],\"accepts\":\"\",\"width\":null,\"height\":null,\"isCrop\":false}}",
          "referenceId": null,
          "regex": null,
          "isRegex": false,
          "title": "Icon",
          "dataType": 19,
          "defaultValue": null,
          "strOptions": "[]",
          "options": [],
          "name": "icon",
          "isRequire": false,
          "isEncrypt": false,
          "isSelect": false,
          "isUnique": false,
          "isMultiple": false,
          "createdBy": null,
          "createdDateTime": "2021-02-07T05:48:35.0712709",
          "modifiedBy": null,
          "lastModified": null,
          "priority": 3,
          "status": 2,
          "fieldConfigurations": {
            "upload": {
              "arrayAccepts": [],
              "accepts": "",
              "width": null,
              "height": null,
              "isCrop": false
            }
          }
        }
      ],
      "isExportData": true
    }
  ],
  "configurations": [
    {
      "id": 1,
      "specificulture": "en-us",
      "cultures": [
        {
          "id": 1,
          "specificulture": "en-us",
          "lcid": null,
          "alias": null,
          "fullName": "United States - English",
          "description": "United States - English",
          "icon": "flag-icon-us",
          "isSupported": true
        }
      ],
      "keyword": "SiteName",
      "category": "Common",
      "value": "Test blank",
      "dataType": "Text",
      "description": "Site Name",
      "createdBy": null,
      "createdDateTime": "2021-02-07T05:48:21.4684291",
      "modifiedBy": null,
      "lastModified": null,
      "priority": 0,
      "status": 2,
      "domain": null,
      "property": {
        "dataType": "Text",
        "value": "Test blank",
        "name": "SiteName"
      }
    },
    {
      "id": 2,
      "specificulture": "en-us",
      "cultures": [
        {
          "id": 1,
          "specificulture": "en-us",
          "lcid": null,
          "alias": null,
          "fullName": "United States - English",
          "description": "United States - English",
          "icon": "flag-icon-us",
          "isSupported": true
        }
      ],
      "keyword": "LanguageVersion",
      "category": "Version",
      "value": "1",
      "dataType": "Text",
      "description": "Language Version",
      "createdBy": null,
      "createdDateTime": "2021-02-07T05:48:21.8341664",
      "modifiedBy": null,
      "lastModified": null,
      "priority": 0,
      "status": 2,
      "domain": null,
      "property": {
        "dataType": "Text",
        "value": "1",
        "name": "LanguageVersion"
      }
    },
    {
      "id": 3,
      "specificulture": "en-us",
      "cultures": [
        {
          "id": 1,
          "specificulture": "en-us",
          "lcid": null,
          "alias": null,
          "fullName": "United States - English",
          "description": "United States - English",
          "icon": "flag-icon-us",
          "isSupported": true
        }
      ],
      "keyword": "SettingVersion",
      "category": "Version",
      "value": "1",
      "dataType": "Text",
      "description": "Settings Version",
      "createdBy": null,
      "createdDateTime": "2021-02-07T05:48:21.8471338",
      "modifiedBy": null,
      "lastModified": null,
      "priority": 0,
      "status": 2,
      "domain": null,
      "property": {
        "dataType": "Text",
        "value": "1",
        "name": "SettingVersion"
      }
    },
    {
      "id": 4,
      "specificulture": "en-us",
      "cultures": [
        {
          "id": 1,
          "specificulture": "en-us",
          "lcid": null,
          "alias": null,
          "fullName": "United States - English",
          "description": "United States - English",
          "icon": "flag-icon-us",
          "isSupported": true
        }
      ],
      "keyword": "ThemeName",
      "category": "Site",
      "value": "test-blank",
      "dataType": "Text",
      "description": "Theme Name",
      "createdBy": null,
      "createdDateTime": "2021-02-07T05:48:21.8597648",
      "modifiedBy": null,
      "lastModified": null,
      "priority": 0,
      "status": 2,
      "domain": null,
      "property": {
        "dataType": "Text",
        "value": "test-blank",
        "name": "ThemeName"
      }
    },
    {
      "id": 5,
      "specificulture": "en-us",
      "cultures": [
        {
          "id": 1,
          "specificulture": "en-us",
          "lcid": null,
          "alias": null,
          "fullName": "United States - English",
          "description": "United States - English",
          "icon": "flag-icon-us",
          "isSupported": true
        }
      ],
      "keyword": "ThemeFolder",
      "category": "Site",
      "value": "test-blank",
      "dataType": "Text",
      "description": "Theme Folder",
      "createdBy": null,
      "createdDateTime": "2021-02-07T05:48:21.8737365",
      "modifiedBy": null,
      "lastModified": null,
      "priority": 0,
      "status": 2,
      "domain": null,
      "property": {
        "dataType": "Text",
        "value": "test-blank",
        "name": "ThemeFolder"
      }
    },
    {
      "id": 6,
      "specificulture": "en-us",
      "cultures": [
        {
          "id": 1,
          "specificulture": "en-us",
          "lcid": null,
          "alias": null,
          "fullName": "United States - English",
          "description": "United States - English",
          "icon": "flag-icon-us",
          "isSupported": true
        }
      ],
      "keyword": "ThemeId",
      "category": "Site",
      "value": "1",
      "dataType": "Text",
      "description": "Theme Id",
      "createdBy": null,
      "createdDateTime": "2021-02-07T05:48:21.8877147",
      "modifiedBy": null,
      "lastModified": null,
      "priority": 0,
      "status": 2,
      "domain": null,
      "property": {
        "dataType": "Text",
        "value": "1",
        "name": "ThemeId"
      }
    },
    {
      "id": 7,
      "specificulture": "en-us",
      "cultures": [
        {
          "id": 1,
          "specificulture": "en-us",
          "lcid": null,
          "alias": null,
          "fullName": "United States - English",
          "description": "United States - English",
          "icon": "flag-icon-us",
          "isSupported": true
        }
      ],
      "keyword": "DateTimeFormat",
      "category": "Common",
      "value": "dd-MM-yyyy HH:mm:ss",
      "dataType": "Text",
      "description": "Date Time Format",
      "createdBy": null,
      "createdDateTime": "2021-02-07T05:48:21.9028031",
      "modifiedBy": null,
      "lastModified": null,
      "priority": 0,
      "status": 2,
      "domain": null,
      "property": {
        "dataType": "Text",
        "value": "dd-MM-yyyy HH:mm:ss",
        "name": "DateTimeFormat"
      }
    },
    {
      "id": 8,
      "specificulture": "en-us",
      "cultures": [
        {
          "id": 1,
          "specificulture": "en-us",
          "lcid": null,
          "alias": null,
          "fullName": "United States - English",
          "description": "United States - English",
          "icon": "flag-icon-us",
          "isSupported": true
        }
      ],
      "keyword": "StartWeekOn",
      "category": "Common",
      "value": "Monday",
      "dataType": "Text",
      "description": "Day",
      "createdBy": null,
      "createdDateTime": "2021-02-07T05:48:21.917456",
      "modifiedBy": null,
      "lastModified": null,
      "priority": 0,
      "status": 2,
      "domain": null,
      "property": {
        "dataType": "Text",
        "value": "Monday",
        "name": "StartWeekOn"
      }
    },
    {
      "id": 9,
      "specificulture": "en-us",
      "cultures": [
        {
          "id": 1,
          "specificulture": "en-us",
          "lcid": null,
          "alias": null,
          "fullName": "United States - English",
          "description": "United States - English",
          "icon": "flag-icon-us",
          "isSupported": true
        }
      ],
      "keyword": "post_image_width",
      "category": "Site",
      "value": "",
      "dataType": "Integer",
      "description": "Post Image Width",
      "createdBy": null,
      "createdDateTime": "2021-02-07T05:48:21.9314927",
      "modifiedBy": null,
      "lastModified": null,
      "priority": 0,
      "status": 2,
      "domain": null,
      "property": {
        "dataType": "Integer",
        "value": "",
        "name": "post_image_width"
      }
    },
    {
      "id": 10,
      "specificulture": "en-us",
      "cultures": [
        {
          "id": 1,
          "specificulture": "en-us",
          "lcid": null,
          "alias": null,
          "fullName": "United States - English",
          "description": "United States - English",
          "icon": "flag-icon-us",
          "isSupported": true
        }
      ],
      "keyword": "post_image_height",
      "category": "Site",
      "value": "",
      "dataType": "Integer",
      "description": "Post Image Width",
      "createdBy": null,
      "createdDateTime": "2021-02-07T05:48:21.9451689",
      "modifiedBy": null,
      "lastModified": null,
      "priority": 0,
      "status": 2,
      "domain": null,
      "property": {
        "dataType": "Integer",
        "value": "",
        "name": "post_image_height"
      }
    },
    {
      "id": 11,
      "specificulture": "en-us",
      "cultures": [
        {
          "id": 1,
          "specificulture": "en-us",
          "lcid": null,
          "alias": null,
          "fullName": "United States - English",
          "description": "United States - English",
          "icon": "flag-icon-us",
          "isSupported": true
        }
      ],
      "keyword": "Google_Analytic_Ids",
      "category": "Site",
      "value": "",
      "dataType": "Text",
      "description": null,
      "createdBy": "tinku",
      "createdDateTime": "2021-02-07T05:49:49.5836949",
      "modifiedBy": "tinku",
      "lastModified": "2021-02-07T06:21:03.9705824",
      "priority": 0,
      "status": 2,
      "domain": null,
      "property": {
        "dataType": "Text",
        "value": "",
        "name": "Google_Analytic_Ids"
      }
    },
    {
      "id": 12,
      "specificulture": "en-us",
      "cultures": [
        {
          "id": 1,
          "specificulture": "en-us",
          "lcid": null,
          "alias": null,
          "fullName": "United States - English",
          "description": "United States - English",
          "icon": "flag-icon-us",
          "isSupported": true
        }
      ],
      "keyword": "Google_Client_Id",
      "category": "Site",
      "value": "",
      "dataType": "Text",
      "description": null,
      "createdBy": "tinku",
      "createdDateTime": "2021-02-07T05:50:14.5204278",
      "modifiedBy": "tinku",
      "lastModified": "2021-02-07T06:20:57.3334334",
      "priority": 0,
      "status": 2,
      "domain": null,
      "property": {
        "dataType": "Text",
        "value": "",
        "name": "Google_Client_Id"
      }
    }
  ],
  "languages": [],
  "relatedData": [
    {
      "id": "f87ff70d-c749-458f-aa96-47b8632be727",
      "specificulture": "en-us",
      "dataId": "98edad1c-286e-42a0-88c7-0ef100f92d3f",
      "cultures": null,
      "parentId": "8f4caf9b-9d68-4cf1-bae6-92ae36b04d47",
      "parentType": 0,
      "attributeSetId": 1,
      "attributeSetName": "sys_menu_item",
      "description": null,
      "CreatedBy": null,
      "createdDateTime": "2021-02-03T05:38:25.8903149",
      "modifiedBy": null,
      "lastModified": null,
      "priority": 0,
      "status": 2,
      "isProcessed": false
    },
    {
      "id": "bb008103-93e6-4839-b2bf-cf49aa288fd5",
      "specificulture": "en-us",
      "dataId": "c37fcda6-c926-4e9b-8c99-43b2d355624f",
      "cultures": null,
      "parentId": "e90b728a-c312-4058-840c-f90c975e08d8",
      "parentType": 0,
      "attributeSetId": 1,
      "attributeSetName": "sys_menu_item",
      "description": null,
      "CreatedBy": null,
      "createdDateTime": "2021-02-07T06:22:18.1372026",
      "modifiedBy": null,
      "lastModified": null,
      "priority": 0,
      "status": 2,
      "isProcessed": false
    },
    {
      "id": "00c759ca-d59e-4a7c-b809-a26a545601a2",
      "specificulture": "en-us",
      "dataId": "88e7ca99-17bb-4be7-9d2f-06ca2dd2c8bd",
      "cultures": null,
      "parentId": "e90b728a-c312-4058-840c-f90c975e08d8",
      "parentType": 0,
      "attributeSetId": 1,
      "attributeSetName": "sys_menu_item",
      "description": null,
      "CreatedBy": null,
      "createdDateTime": "2021-02-07T06:22:28.1347475",
      "modifiedBy": null,
      "lastModified": null,
      "priority": 0,
      "status": 2,
      "isProcessed": false
    }
  ],
  "pagePostNavs": [
    {
      "id": 1,
      "specificulture": "en-us",
      "postId": 1,
      "pageId": 8,
      "isActived": false,
      "image": null,
      "description": "Mixcore CMS",
      "createdBy": null,
      "createdDateTime": "2021-02-07T06:22:00.4483692",
      "modifiedBy": null,
      "lastModified": null,
      "priority": 0,
      "status": 2,
      "post": {
        "id": 1,
        "specificulture": "en-us",
        "cultures": null,
        "template": "Posts/_Blank.cshtml",
        "thumbnail": null,
        "image": null,
        "icon": null,
        "title": "Mixcore CMS",
        "excerpt": "Fully Open Source UI Tools to create multi-purpose Web Apps, Mobile Apps & Application Services",
        "content": "Run with Docker\n<p>Latest Docker Image\n</p><p>docker pull mixcore/mix.core:latest\n</p><p>docker run -it --rm -p 5000:80 --name mixcore_cms mixcore/mix.core:latest\n</p><p>Or with Docker Compose\n</p><p>docker-compose build\n</p><p>docker-compose up\n</p><p>GITs clone\n</p><p>mkdir mixcore\n</p><p>cd mixcore\n</p><p>\n</p><p>git clone https://github.com/mixcore/mix.core.git\n</p><p>Optional:\n</p><p>\n</p><p>Optional steps as those packages are Nuget Library\n</p><p>\n</p><p>git clone https://github.com/mixcore/mix.heart.git\n</p><p>git clone https://github.com/mixcore/mix.identity.git\n</p><p>Build &amp; Run with Dotnet SDK\n</p><p>Build &amp; Run Mixcore CMS\n</p><p>REM Make sure you already read and download Dotnet Core SDK here https://dotnet.microsoft.com/download\n</p><p>\n</p><p>cd mix.core/src/Mix.Cms.Web\n</p><p>\n</p><p>dotnet restore\n</p><p>dotnet build\n</p><p>dotnet run\n</p><p>Modify &amp; Build Portal Front-End source (Optional)\n</p><p>This step is optional and only needed in case you would like to modify the portal front-end code\n</p><p>\n</p><p>cd mix.core/src/portal-app\n</p><p>\n</p><p>npm install\n</p><p>npm install --global gulp-cli\n</p><p>gulp build\n</p><p>Note: If you facing any System.Data.SqlClient.SqlException error, please replace all content inside \"appsettings.json\" file with \"{}\".</p>",
        "seoName": "mixcore-cms",
        "seoTitle": "Mixcore CMS",
        "seoDescription": "Fully Open Source UI Tools to create multi-purpose Web Apps, Mobile Apps & Application Services",
        "seoKeywords": "mixcore-cms",
        "source": null,
        "views": null,
        "type": "sys_additional_field_post",
        "publishedDateTime": null,
        "tags": "[]",
        "CreatedBy": null,
        "createdDateTime": "2021-02-07T05:48:34.3810512",
        "modifiedBy": null,
        "lastModified": "2020-10-11T10:00:33",
        "priority": 0,
        "status": 2,
        "domain": "",
        "categories": null,
        "modules": null,
        "mediaNavs": null,
        "postNavs": null,
        "listTag": [],
        "attributes": null,
        "attributeData": null,
        "sysCategories": null,
        "sysTags": null,
        "urlAliases": null,
        "relatedData": null
      },
      "page": null
    }
  ],
  "pageModuleNavs": [],
  "modulePostNavs": [],
  "posts": [
    {
      "id": 1,
      "specificulture": "en-us",
      "cultures": null,
      "template": "Posts/_Blank.cshtml",
      "thumbnail": null,
      "image": null,
      "icon": null,
      "title": "Mixcore CMS",
      "excerpt": "Fully Open Source UI Tools to create multi-purpose Web Apps, Mobile Apps & Application Services",
      "content": "Run with Docker\n<p>Latest Docker Image\n</p><p>docker pull mixcore/mix.core:latest\n</p><p>docker run -it --rm -p 5000:80 --name mixcore_cms mixcore/mix.core:latest\n</p><p>Or with Docker Compose\n</p><p>docker-compose build\n</p><p>docker-compose up\n</p><p>GITs clone\n</p><p>mkdir mixcore\n</p><p>cd mixcore\n</p><p>\n</p><p>git clone https://github.com/mixcore/mix.core.git\n</p><p>Optional:\n</p><p>\n</p><p>Optional steps as those packages are Nuget Library\n</p><p>\n</p><p>git clone https://github.com/mixcore/mix.heart.git\n</p><p>git clone https://github.com/mixcore/mix.identity.git\n</p><p>Build &amp; Run with Dotnet SDK\n</p><p>Build &amp; Run Mixcore CMS\n</p><p>REM Make sure you already read and download Dotnet Core SDK here https://dotnet.microsoft.com/download\n</p><p>\n</p><p>cd mix.core/src/Mix.Cms.Web\n</p><p>\n</p><p>dotnet restore\n</p><p>dotnet build\n</p><p>dotnet run\n</p><p>Modify &amp; Build Portal Front-End source (Optional)\n</p><p>This step is optional and only needed in case you would like to modify the portal front-end code\n</p><p>\n</p><p>cd mix.core/src/portal-app\n</p><p>\n</p><p>npm install\n</p><p>npm install --global gulp-cli\n</p><p>gulp build\n</p><p>Note: If you facing any System.Data.SqlClient.SqlException error, please replace all content inside \"appsettings.json\" file with \"{}\".</p>",
      "seoName": "mixcore-cms",
      "seoTitle": "Mixcore CMS",
      "seoDescription": "Fully Open Source UI Tools to create multi-purpose Web Apps, Mobile Apps & Application Services",
      "seoKeywords": "mixcore-cms",
      "source": null,
      "views": null,
      "type": "sys_additional_field_post",
      "publishedDateTime": null,
      "tags": "[]",
      "CreatedBy": null,
      "createdDateTime": "2021-02-07T05:48:34.3810512",
      "modifiedBy": null,
      "lastModified": "2020-10-11T10:00:33",
      "priority": 0,
      "status": 2,
      "domain": "",
      "categories": null,
      "modules": null,
      "mediaNavs": null,
      "postNavs": null,
      "listTag": [],
      "attributes": null,
      "attributeData": null,
      "sysCategories": null,
      "sysTags": null,
      "urlAliases": null,
      "relatedData": null
    }
  ],
  "moduleDatas": [],
  "attributeSetDatas": [
    {
      "id": "8f4caf9b-9d68-4cf1-bae6-92ae36b04d47",
      "specificulture": "en-us",
      "cultures": null,
      "attributeSetId": 1,
      "attributeSetName": "sys_menu_item",
      "createdBy": "tinku",
      "createdDateTime": "2021-02-07T05:48:35.0918943",
      "modifiedBy": "tinku",
      "lastModified": "2021-02-03T05:36:57.8752001",
      "priority": 1,
      "status": 2,
      "obj": {
        "id": "8f4caf9b-9d68-4cf1-bae6-92ae36b04d47",
        "title": "Maintenance",
        "uri": "/[CULTURE]/page/maintenance",
        "icon": null,
        "type": "Page",
        "target": "_top",
        "target_id": "6",
        "classes": null,
        "description": null,
        "menu_items": [],
        "alt": null,
        "hreflang": null,
        "rel": null
      },
      "parentId": null,
      "parentType": 0,
      "relatedData": [],
      "fields": null
    },
    {
      "id": "98edad1c-286e-42a0-88c7-0ef100f92d3f",
      "specificulture": "en-us",
      "cultures": null,
      "attributeSetId": 1,
      "attributeSetName": "sys_menu_item",
      "createdBy": "tinku",
      "createdDateTime": "2021-02-07T05:48:35.6044318",
      "modifiedBy": null,
      "lastModified": null,
      "priority": 1,
      "status": 2,
      "obj": {
        "id": "98edad1c-286e-42a0-88c7-0ef100f92d3f",
        "title": "Home",
        "uri": "/[CULTURE]/page/home",
        "icon": null,
        "type": "Page",
        "target": "_top",
        "target_id": "7",
        "classes": null,
        "description": null,
        "menu_items": [],
        "alt": null,
        "hreflang": null,
        "rel": null
      },
      "parentId": null,
      "parentType": 0,
      "relatedData": [],
      "fields": null
    },
    {
      "id": "210fb29a-33c3-4a9d-b4ac-38ab6331e8c8",
      "specificulture": "en-us",
      "cultures": null,
      "attributeSetId": 1,
      "attributeSetName": "sys_menu_item",
      "createdBy": "tinku",
      "createdDateTime": "2021-02-07T05:48:35.8163511",
      "modifiedBy": null,
      "lastModified": null,
      "priority": 1,
      "status": 2,
      "obj": {
        "id": "210fb29a-33c3-4a9d-b4ac-38ab6331e8c8",
        "title": "Search",
        "uri": "/[CULTURE]/page/search",
        "icon": null,
        "type": "Page",
        "target": "_top",
        "target_id": "2",
        "classes": null,
        "description": null,
        "menu_items": [],
        "alt": null,
        "hreflang": null,
        "rel": null
      },
      "parentId": null,
      "parentType": 0,
      "relatedData": [],
      "fields": null
    },
    {
      "id": "c37fcda6-c926-4e9b-8c99-43b2d355624f",
      "specificulture": "en-us",
      "cultures": null,
      "attributeSetId": 1,
      "attributeSetName": "sys_menu_item",
      "createdBy": "tinku",
      "createdDateTime": "2021-02-07T06:22:17.8790045",
      "modifiedBy": null,
      "lastModified": null,
      "priority": 1,
      "status": 2,
      "obj": {
        "id": "c37fcda6-c926-4e9b-8c99-43b2d355624f",
        "title": "Home",
        "uri": "/[CULTURE]/page/home",
        "icon": null,
        "type": "Page",
        "target": "_top",
        "target_id": "7",
        "classes": null,
        "description": null,
        "menu_items": [],
        "alt": null,
        "hreflang": null,
        "rel": null
      },
      "parentId": null,
      "parentType": 0,
      "relatedData": [],
      "fields": null
    },
    {
      "id": "88e7ca99-17bb-4be7-9d2f-06ca2dd2c8bd",
      "specificulture": "en-us",
      "cultures": null,
      "attributeSetId": 1,
      "attributeSetName": "sys_menu_item",
      "createdBy": "tinku",
      "createdDateTime": "2021-02-07T06:22:27.9349851",
      "modifiedBy": null,
      "lastModified": null,
      "priority": 1,
      "status": 2,
      "obj": {
        "id": "88e7ca99-17bb-4be7-9d2f-06ca2dd2c8bd",
        "title": "Blogs",
        "uri": "/[CULTURE]/page/blogs",
        "icon": null,
        "type": "Page",
        "target": "_top",
        "target_id": "8",
        "classes": null,
        "description": null,
        "menu_items": [],
        "alt": null,
        "hreflang": null,
        "rel": null
      },
      "parentId": null,
      "parentType": 0,
      "relatedData": [],
      "fields": null
    },
    {
      "id": "e90b728a-c312-4058-840c-f90c975e08d8",
      "specificulture": "en-us",
      "cultures": null,
      "attributeSetId": 2,
      "attributeSetName": "sys_navigation",
      "createdBy": "tinku",
      "createdDateTime": "2021-02-07T05:48:36.0217945",
      "modifiedBy": null,
      "lastModified": null,
      "priority": 1,
      "status": 2,
      "obj": {
        "id": "e90b728a-c312-4058-840c-f90c975e08d8",
        "title": "Top",
        "name": "top",
        "menu_items": []
      },
      "parentId": null,
      "parentType": 0,
      "relatedData": [],
      "fields": null
    },
    {
      "id": "731d219b-73d1-40cd-8f12-26d90a77cc44",
      "specificulture": "en-us",
      "cultures": null,
      "attributeSetId": 3,
      "attributeSetName": "sys_additional_field_page",
      "createdBy": null,
      "createdDateTime": "2021-02-07T06:21:46.4282466",
      "modifiedBy": "tinku",
      "lastModified": "2021-02-07T06:28:17.2642337",
      "priority": 0,
      "status": 2,
      "obj": {
        "id": "731d219b-73d1-40cd-8f12-26d90a77cc44"
      },
      "parentId": null,
      "parentType": 0,
      "relatedData": [],
      "fields": null
    },
    {
      "id": "54e95026-d5d7-4715-8362-624c3d6c08e9",
      "specificulture": "en-us",
      "cultures": null,
      "attributeSetId": 3,
      "attributeSetName": "sys_additional_field_page",
      "createdBy": "tinku",
      "createdDateTime": "2021-02-07T06:21:46.6907874",
      "modifiedBy": null,
      "lastModified": null,
      "priority": 2,
      "status": 2,
      "obj": {
        "id": "54e95026-d5d7-4715-8362-624c3d6c08e9"
      },
      "parentId": null,
      "parentType": 0,
      "relatedData": [],
      "fields": null
    }
  ],
  "specificulture": "en-us",
  "themeName": "test-blank"
}
