{
  "pages": [
    {
      "id": 1,
      "specificulture": "en-us",
      "cultures": null,
      "template": "Pages/_Tag.cshtml",
      "thumbnail": null,
      "image": "/mix-app/assets/img/bgs/home.jpg",
      "icon": null,
      "cssClass": null,
      "layout": "Masters/_Layout.cshtml",
      "title": "Tag",
      "excerpt": null,
      "content": null,
      "seoName": "tag",
      "seoTitle": "tag",
      "seoDescription": "tag",
      "seoKeywords": "tag",
      "source": null,
      "views": null,
      "type": "ListPost",
      "tags": null,
      "staticUrl": null,
      "level": 0,
      "pageSize": null,
      "createdBy": "admin",
      "createdDateTime": "2021-02-02T14:26:36.5861121",
      "modifiedBy": null,
      "lastModified": "2019-07-13T01:41:55.923",
      "priority": 0,
      "status": 2,
      "urlAliases": [],
      "isExportData": true,
      "themeName": "default"
    },
    {
      "id": 2,
      "specificulture": "en-us",
      "cultures": null,
      "template": "Pages/_Search.cshtml",
      "thumbnail": null,
      "image": "/mix-app/assets/img/bgs/home.jpg",
      "icon": null,
      "cssClass": null,
      "layout": "Masters/_Layout.cshtml",
      "title": "Search",
      "excerpt": null,
      "content": null,
      "seoName": "search",
      "seoTitle": "search",
      "seoDescription": "search",
      "seoKeywords": "search",
      "source": null,
      "views": null,
      "type": "ListPost",
      "tags": null,
      "staticUrl": null,
      "level": 0,
      "pageSize": null,
      "createdBy": "admin",
      "createdDateTime": "2021-02-02T14:26:36.6622794",
      "modifiedBy": null,
      "lastModified": "2019-07-13T01:41:41.72",
      "priority": 0,
      "status": 2,
      "urlAliases": [],
      "isExportData": true,
      "themeName": "default"
    },
    {
      "id": 3,
      "specificulture": "en-us",
      "cultures": null,
      "template": "Pages/_Error.cshtml",
      "thumbnail": null,
      "image": "/mix-app/assets/img/bgs/maintenance.jpg",
      "icon": null,
      "cssClass": null,
      "layout": "Masters/_Blank.cshtml",
      "title": "404",
      "excerpt": null,
      "content": null,
      "seoName": "404",
      "seoTitle": "404",
      "seoDescription": "404",
      "seoKeywords": "404",
      "source": null,
      "views": null,
      "type": "ListPost",
      "tags": null,
      "staticUrl": null,
      "level": 0,
      "pageSize": null,
      "createdBy": "admin",
      "createdDateTime": "2021-02-02T14:26:36.6804744",
      "modifiedBy": null,
      "lastModified": "2019-07-13T01:43:50.107",
      "priority": 0,
      "status": 2,
      "urlAliases": [],
      "isExportData": true,
      "themeName": "default"
    },
    {
      "id": 4,
      "specificulture": "en-us",
      "cultures": null,
      "template": "Pages/_Error.cshtml",
      "thumbnail": null,
      "image": "/mix-app/assets/img/bgs/maintenance.jpg",
      "icon": null,
      "cssClass": null,
      "layout": "Masters/_Blank.cshtml",
      "title": "403",
      "excerpt": null,
      "content": null,
      "seoName": "403",
      "seoTitle": "403",
      "seoDescription": "403",
      "seoKeywords": "403",
      "source": null,
      "views": null,
      "type": "ListPost",
      "tags": null,
      "staticUrl": null,
      "level": 0,
      "pageSize": null,
      "createdBy": "admin",
      "createdDateTime": "2021-02-02T14:26:36.6957999",
      "modifiedBy": null,
      "lastModified": "2019-07-13T01:44:08.35",
      "priority": 0,
      "status": 2,
      "urlAliases": [],
      "isExportData": true,
      "themeName": "default"
    },
    {
      "id": 5,
      "specificulture": "en-us",
      "cultures": null,
      "template": "Pages/_Error.cshtml",
      "thumbnail": null,
      "image": "/mix-app/assets/img/bgs/maintenance.jpg",
      "icon": null,
      "cssClass": null,
      "layout": "Masters/_Blank.cshtml",
      "title": "500",
      "excerpt": null,
      "content": null,
      "seoName": "500",
      "seoTitle": "500",
      "seoDescription": "500",
      "seoKeywords": "500",
      "source": null,
      "views": null,
      "type": "ListPost",
      "tags": null,
      "staticUrl": null,
      "level": 0,
      "pageSize": null,
      "createdBy": "admin",
      "createdDateTime": "2021-02-02T14:26:36.7126678",
      "modifiedBy": null,
      "lastModified": "2019-07-13T01:46:15.697",
      "priority": 0,
      "status": 2,
      "urlAliases": [],
      "isExportData": true,
      "themeName": "default"
    },
    {
      "id": 6,
      "specificulture": "en-us",
      "cultures": null,
      "template": "Pages/_Error.cshtml",
      "thumbnail": null,
      "image": "/mix-app/assets/img/bgs/maintenance.jpg",
      "icon": null,
      "cssClass": null,
      "layout": "Masters/_Blank.cshtml",
      "title": "Maintenance",
      "excerpt": null,
      "content": null,
      "seoName": "maintenance",
      "seoTitle": "maintenance",
      "seoDescription": "maintenance",
      "seoKeywords": "maintenance",
      "source": null,
      "views": null,
      "type": "ListPost",
      "tags": null,
      "staticUrl": null,
      "level": 0,
      "pageSize": null,
      "createdBy": "admin",
      "createdDateTime": "2021-02-02T14:26:36.7279698",
      "modifiedBy": null,
      "lastModified": "2020-06-18T05:43:45.593",
      "priority": 0,
      "status": 2,
      "urlAliases": [],
      "isExportData": true,
      "themeName": "default"
    },
    {
      "id": 7,
      "specificulture": "en-us",
      "cultures": null,
      "template": "Pages/Home.cshtml",
      "thumbnail": null,
      "image": "/mix-app/assets/img/bgs/home.jpg",
      "icon": null,
      "cssClass": null,
      "layout": "Masters/_Layout.cshtml",
      "title": "Home",
      "excerpt": null,
      "content": null,
      "seoName": "home",
      "seoTitle": "home",
      "seoDescription": "home",
      "seoKeywords": "home",
      "source": null,
      "views": null,
      "type": "Home",
      "tags": null,
      "staticUrl": null,
      "level": 0,
      "pageSize": null,
      "createdBy": "admin",
      "createdDateTime": "2021-02-02T14:26:36.7439924",
      "modifiedBy": null,
      "lastModified": "2020-06-16T18:15:28.51",
      "priority": 0,
      "status": 2,
      "urlAliases": [],
      "isExportData": true,
      "themeName": "default"
    }
  ],
  "modules": [],
  "attributeSets": [
    {
      "id": 1,
      "ReferenceId": null,
      "type": "System",
      "title": "Menu Item",
      "name": "sys_menu_item",
      "description": null,
      "formTemplate": "Layouts/Footer.cshtml",
      "edmTemplate": "Layouts/Footer.cshtml",
      "edmSubject": null,
      "edmFrom": null,
      "edmAutoSend": null,
      "createdBy": null,
      "createdDateTime": "2021-02-02T14:26:39.8500665",
      "modifiedBy": null,
      "lastModified": "2020-06-18T05:20:33.207",
      "priority": 0,
      "status": 2,
      "fields": [
        {
          "id": 1,
          "specificulture": null,
          "attributeSetId": 1,
          "attributeSetName": "sys_menu_item",
          "configurations": "{\"upload\":{\"arrayAccepts\":[],\"accepts\":\"\",\"width\":null,\"height\":null,\"isCrop\":false}}",
          "referenceId": null,
          "regex": null,
          "isRegex": false,
          "title": "Title",
          "dataType": 7,
          "defaultValue": null,
          "strOptions": null,
          "options": null,
          "name": "title",
          "isRequire": true,
          "isEncrypt": false,
          "isSelect": false,
          "isUnique": false,
          "isMultiple": false,
          "createdBy": null,
          "createdDateTime": "2021-02-02T14:26:39.9814604",
          "modifiedBy": null,
          "lastModified": null,
          "priority": 0,
          "status": 2,
          "fieldConfigurations": {
            "upload": {
              "arrayAccepts": [],
              "accepts": "",
              "width": null,
              "height": null,
              "isCrop": false
            }
          }
        },
        {
          "id": 2,
          "specificulture": null,
          "attributeSetId": 1,
          "attributeSetName": "sys_menu_item",
          "configurations": "{\"upload\":{\"arrayAccepts\":[],\"accepts\":\"\",\"width\":null,\"height\":null,\"isCrop\":false}}",
          "referenceId": null,
          "regex": null,
          "isRegex": false,
          "title": "Uri",
          "dataType": 7,
          "defaultValue": null,
          "strOptions": "[]",
          "options": [],
          "name": "uri",
          "isRequire": false,
          "isEncrypt": false,
          "isSelect": false,
          "isUnique": false,
          "isMultiple": false,
          "createdBy": null,
          "createdDateTime": "2021-02-02T14:26:40.0312905",
          "modifiedBy": null,
          "lastModified": null,
          "priority": 1,
          "status": 2,
          "fieldConfigurations": {
            "upload": {
              "arrayAccepts": [],
              "accepts": "",
              "width": null,
              "height": null,
              "isCrop": false
            }
          }
        },
        {
          "id": 3,
          "specificulture": null,
          "attributeSetId": 1,
          "attributeSetName": "sys_menu_item",
          "configurations": "{\"upload\":{\"arrayAccepts\":[],\"accepts\":\"\",\"width\":null,\"height\":null,\"isCrop\":false}}",
          "referenceId": null,
          "regex": null,
          "isRegex": false,
          "title": "Icon",
          "dataType": 19,
          "defaultValue": null,
          "strOptions": "[]",
          "options": [],
          "name": "icon",
          "isRequire": false,
          "isEncrypt": false,
          "isSelect": false,
          "isUnique": false,
          "isMultiple": false,
          "createdBy": null,
          "createdDateTime": "2021-02-02T14:26:40.042959",
          "modifiedBy": null,
          "lastModified": null,
          "priority": 2,
          "status": 2,
          "fieldConfigurations": {
            "upload": {
              "arrayAccepts": [],
              "accepts": "",
              "width": null,
              "height": null,
              "isCrop": false
            }
          }
        },
        {
          "id": 4,
          "specificulture": null,
          "attributeSetId": 1,
          "attributeSetName": "sys_menu_item",
          "configurations": "{\"upload\":{\"arrayAccepts\":[],\"accepts\":\"\",\"width\":null,\"height\":null,\"isCrop\":false}}",
          "referenceId": null,
          "regex": null,
          "isRegex": false,
          "title": "Type",
          "dataType": 7,
          "defaultValue": "Uri",
          "strOptions": "[\r\n  {\r\n    \"value\": \"Uri\",\r\n    \"dataType\": \"Text\"\r\n  },\r\n  {\r\n    \"value\": \"Page\",\r\n    \"dataType\": \"Text\"\r\n  },\r\n  {\r\n    \"value\": \"Post\",\r\n    \"dataType\": \"Text\"\r\n  }\r\n]",
          "options": [
            {
              "value": "Uri",
              "dataType": "Text"
            },
            {
              "value": "Page",
              "dataType": "Text"
            },
            {
              "value": "Post",
              "dataType": "Text"
            }
          ],
          "name": "type",
          "isRequire": false,
          "isEncrypt": false,
          "isSelect": true,
          "isUnique": false,
          "isMultiple": false,
          "createdBy": null,
          "createdDateTime": "2021-02-02T14:26:40.0544733",
          "modifiedBy": null,
          "lastModified": null,
          "priority": 3,
          "status": 2,
          "fieldConfigurations": {
            "upload": {
              "arrayAccepts": [],
              "accepts": "",
              "width": null,
              "height": null,
              "isCrop": false
            }
          }
        },
        {
          "id": 5,
          "specificulture": null,
          "attributeSetId": 1,
          "attributeSetName": "sys_menu_item",
          "configurations": "{\"upload\":{\"arrayAccepts\":[],\"accepts\":\"\",\"width\":null,\"height\":null,\"isCrop\":false}}",
          "referenceId": null,
          "regex": null,
          "isRegex": false,
          "title": "Target",
          "dataType": 7,
          "defaultValue": "_top",
          "strOptions": "[\r\n  {\r\n    \"value\": \"_blank\",\r\n    \"dataType\": \"Text\"\r\n  },\r\n  {\r\n    \"value\": \"_self\",\r\n    \"dataType\": \"Text\"\r\n  },\r\n  {\r\n    \"value\": \"_parent\",\r\n    \"dataType\": \"Text\"\r\n  },\r\n  {\r\n    \"value\": \"_top\",\r\n    \"dataType\": \"Text\"\r\n  },\r\n  {\r\n    \"value\": \"framename\",\r\n    \"dataType\": \"Text\"\r\n  }\r\n]",
          "options": [
            {
              "value": "_blank",
              "dataType": "Text"
            },
            {
              "value": "_self",
              "dataType": "Text"
            },
            {
              "value": "_parent",
              "dataType": "Text"
            },
            {
              "value": "_top",
              "dataType": "Text"
            },
            {
              "value": "framename",
              "dataType": "Text"
            }
          ],
          "name": "target",
          "isRequire": false,
          "isEncrypt": false,
          "isSelect": true,
          "isUnique": false,
          "isMultiple": false,
          "createdBy": null,
          "createdDateTime": "2021-02-02T14:26:40.0659999",
          "modifiedBy": null,
          "lastModified": null,
          "priority": 4,
          "status": 2,
          "fieldConfigurations": {
            "upload": {
              "arrayAccepts": [],
              "accepts": "",
              "width": null,
              "height": null,
              "isCrop": false
            }
          }
        },
        {
          "id": 6,
          "specificulture": null,
          "attributeSetId": 1,
          "attributeSetName": "sys_menu_item",
          "configurations": "{\"upload\":{\"arrayAccepts\":[],\"accepts\":\"\",\"width\":null,\"height\":null,\"isCrop\":false}}",
          "referenceId": null,
          "regex": null,
          "isRegex": false,
          "title": "Target Id",
          "dataType": 7,
          "defaultValue": "",
          "strOptions": "[]",
          "options": [],
          "name": "target_id",
          "isRequire": false,
          "isEncrypt": false,
          "isSelect": false,
          "isUnique": false,
          "isMultiple": false,
          "createdBy": null,
          "createdDateTime": "2021-02-02T14:26:40.0777065",
          "modifiedBy": null,
          "lastModified": null,
          "priority": 4,
          "status": 2,
          "fieldConfigurations": {
            "upload": {
              "arrayAccepts": [],
              "accepts": "",
              "width": null,
              "height": null,
              "isCrop": false
            }
          }
        },
        {
          "id": 7,
          "specificulture": null,
          "attributeSetId": 1,
          "attributeSetName": "sys_menu_item",
          "configurations": "{\"upload\":{\"arrayAccepts\":[],\"accepts\":\"\",\"width\":null,\"height\":null,\"isCrop\":false}}",
          "referenceId": null,
          "regex": null,
          "isRegex": false,
          "title": "Classes",
          "dataType": 7,
          "defaultValue": null,
          "strOptions": null,
          "options": null,
          "name": "classes",
          "isRequire": false,
          "isEncrypt": false,
          "isSelect": false,
          "isUnique": false,
          "isMultiple": false,
          "createdBy": null,
          "createdDateTime": "2021-02-02T14:26:40.0894527",
          "modifiedBy": null,
          "lastModified": null,
          "priority": 5,
          "status": 2,
          "fieldConfigurations": {
            "upload": {
              "arrayAccepts": [],
              "accepts": "",
              "width": null,
              "height": null,
              "isCrop": false
            }
          }
        },
        {
          "id": 8,
          "specificulture": null,
          "attributeSetId": 1,
          "attributeSetName": "sys_menu_item",
          "configurations": "{\"upload\":{\"arrayAccepts\":[],\"accepts\":\"\",\"width\":null,\"height\":null,\"isCrop\":false}}",
          "referenceId": null,
          "regex": null,
          "isRegex": false,
          "title": "Description",
          "dataType": 9,
          "defaultValue": null,
          "strOptions": null,
          "options": null,
          "name": "description",
          "isRequire": false,
          "isEncrypt": false,
          "isSelect": false,
          "isUnique": false,
          "isMultiple": false,
          "createdBy": null,
          "createdDateTime": "2021-02-02T14:26:40.1012477",
          "modifiedBy": null,
          "lastModified": null,
          "priority": 6,
          "status": 2,
          "fieldConfigurations": {
            "upload": {
              "arrayAccepts": [],
              "accepts": "",
              "width": null,
              "height": null,
              "isCrop": false
            }
          }
        },
        {
          "id": 9,
          "specificulture": null,
          "attributeSetId": 1,
          "attributeSetName": "sys_menu_item",
          "configurations": "{\"upload\":{\"arrayAccepts\":[],\"accepts\":\"\",\"width\":null,\"height\":null,\"isCrop\":false}}",
          "referenceId": 1,
          "regex": null,
          "isRegex": false,
          "title": "Menu Items",
          "dataType": 23,
          "defaultValue": null,
          "strOptions": null,
          "options": null,
          "name": "menu_items",
          "isRequire": false,
          "isEncrypt": false,
          "isSelect": false,
          "isUnique": false,
          "isMultiple": false,
          "createdBy": null,
          "createdDateTime": "2021-02-02T14:26:40.11313",
          "modifiedBy": null,
          "lastModified": null,
          "priority": 7,
          "status": 2,
          "fieldConfigurations": {
            "upload": {
              "arrayAccepts": [],
              "accepts": "",
              "width": null,
              "height": null,
              "isCrop": false
            }
          }
        },
        {
          "id": 10,
          "specificulture": null,
          "attributeSetId": 1,
          "attributeSetName": "sys_menu_item",
          "configurations": "{\"upload\":{\"arrayAccepts\":[],\"accepts\":\"\",\"width\":null,\"height\":null,\"isCrop\":false}}",
          "referenceId": null,
          "regex": null,
          "isRegex": false,
          "title": "Alt",
          "dataType": 7,
          "defaultValue": null,
          "strOptions": "[]",
          "options": [],
          "name": "alt",
          "isRequire": false,
          "isEncrypt": false,
          "isSelect": false,
          "isUnique": false,
          "isMultiple": false,
          "createdBy": null,
          "createdDateTime": "2021-02-02T14:26:40.1247636",
          "modifiedBy": null,
          "lastModified": null,
          "priority": 8,
          "status": 2,
          "fieldConfigurations": {
            "upload": {
              "arrayAccepts": [],
              "accepts": "",
              "width": null,
              "height": null,
              "isCrop": false
            }
          }
        },
        {
          "id": 11,
          "specificulture": null,
          "attributeSetId": 1,
          "attributeSetName": "sys_menu_item",
          "configurations": "{\"upload\":{\"arrayAccepts\":[],\"accepts\":\"\",\"width\":null,\"height\":null,\"isCrop\":false}}",
          "referenceId": null,
          "regex": null,
          "isRegex": false,
          "title": "Hreflang",
          "dataType": 7,
          "defaultValue": null,
          "strOptions": "[]",
          "options": [],
          "name": "hreflang",
          "isRequire": false,
          "isEncrypt": false,
          "isSelect": false,
          "isUnique": false,
          "isMultiple": false,
          "createdBy": null,
          "createdDateTime": "2021-02-02T14:26:40.1367575",
          "modifiedBy": null,
          "lastModified": null,
          "priority": 9,
          "status": 2,
          "fieldConfigurations": {
            "upload": {
              "arrayAccepts": [],
              "accepts": "",
              "width": null,
              "height": null,
              "isCrop": false
            }
          }
        },
        {
          "id": 12,
          "specificulture": null,
          "attributeSetId": 1,
          "attributeSetName": "sys_menu_item",
          "configurations": "{\"upload\":{\"arrayAccepts\":[],\"accepts\":\"\",\"width\":null,\"height\":null,\"isCrop\":false}}",
          "referenceId": null,
          "regex": null,
          "isRegex": false,
          "title": "Rel",
          "dataType": 7,
          "defaultValue": null,
          "strOptions": "[\r\n  {\r\n    \"value\": \"next\",\r\n    \"dataType\": \"Text\"\r\n  },\r\n  {\r\n    \"value\": \"nofollow\",\r\n    \"dataType\": \"Text\"\r\n  },\r\n  {\r\n    \"value\": \"noreferrer\",\r\n    \"dataType\": \"Text\"\r\n  },\r\n  {\r\n    \"value\": \"prev\",\r\n    \"dataType\": \"Text\"\r\n  }\r\n]",
          "options": [
            {
              "value": "next",
              "dataType": "Text"
            },
            {
              "value": "nofollow",
              "dataType": "Text"
            },
            {
              "value": "noreferrer",
              "dataType": "Text"
            },
            {
              "value": "prev",
              "dataType": "Text"
            }
          ],
          "name": "rel",
          "isRequire": false,
          "isEncrypt": false,
          "isSelect": true,
          "isUnique": false,
          "isMultiple": false,
          "createdBy": null,
          "createdDateTime": "2021-02-02T14:26:40.1488666",
          "modifiedBy": null,
          "lastModified": null,
          "priority": 10,
          "status": 2,
          "fieldConfigurations": {
            "upload": {
              "arrayAccepts": [],
              "accepts": "",
              "width": null,
              "height": null,
              "isCrop": false
            }
          }
        }
      ],
      "isExportData": true
    },
    {
      "id": 2,
      "ReferenceId": null,
      "type": "System",
      "title": "Navigation",
      "name": "sys_navigation",
      "description": null,
      "formTemplate": "Forms/_Blank.cshtml",
      "edmTemplate": "Edms/_Blank.cshtml",
      "edmSubject": null,
      "edmFrom": null,
      "edmAutoSend": null,
      "createdBy": null,
      "createdDateTime": "2021-02-02T14:26:39.9009424",
      "modifiedBy": null,
      "lastModified": null,
      "priority": 0,
      "status": 2,
      "fields": [
        {
          "id": 13,
          "specificulture": null,
          "attributeSetId": 2,
          "attributeSetName": "sys_navigation",
          "configurations": "{\"upload\":{\"arrayAccepts\":[],\"accepts\":\"\",\"width\":null,\"height\":null,\"isCrop\":false}}",
          "referenceId": null,
          "regex": null,
          "isRegex": false,
          "title": "Title",
          "dataType": 7,
          "defaultValue": null,
          "strOptions": "[]",
          "options": [],
          "name": "title",
          "isRequire": true,
          "isEncrypt": false,
          "isSelect": false,
          "isUnique": false,
          "isMultiple": false,
          "createdBy": null,
          "createdDateTime": "2021-02-02T14:26:40.1603951",
          "modifiedBy": null,
          "lastModified": null,
          "priority": 0,
          "status": 2,
          "fieldConfigurations": {
            "upload": {
              "arrayAccepts": [],
              "accepts": "",
              "width": null,
              "height": null,
              "isCrop": false
            }
          }
        },
        {
          "id": 14,
          "specificulture": null,
          "attributeSetId": 2,
          "attributeSetName": "sys_navigation",
          "configurations": "{\"upload\":{\"arrayAccepts\":[],\"accepts\":\"\",\"width\":null,\"height\":null,\"isCrop\":false}}",
          "referenceId": null,
          "regex": null,
          "isRegex": false,
          "title": "Name",
          "dataType": 7,
          "defaultValue": null,
          "strOptions": null,
          "options": null,
          "name": "name",
          "isRequire": true,
          "isEncrypt": false,
          "isSelect": false,
          "isUnique": false,
          "isMultiple": false,
          "createdBy": null,
          "createdDateTime": "2021-02-02T14:26:40.171857",
          "modifiedBy": null,
          "lastModified": null,
          "priority": 1,
          "status": 2,
          "fieldConfigurations": {
            "upload": {
              "arrayAccepts": [],
              "accepts": "",
              "width": null,
              "height": null,
              "isCrop": false
            }
          }
        },
        {
          "id": 15,
          "specificulture": null,
          "attributeSetId": 2,
          "attributeSetName": "sys_navigation",
          "configurations": "{\"upload\":{\"arrayAccepts\":[],\"accepts\":\"\",\"width\":null,\"height\":null,\"isCrop\":false}}",
          "referenceId": 1,
          "regex": null,
          "isRegex": false,
          "title": "Menu Items",
          "dataType": 23,
          "defaultValue": null,
          "strOptions": "[]",
          "options": [],
          "name": "menu_items",
          "isRequire": false,
          "isEncrypt": false,
          "isSelect": false,
          "isUnique": false,
          "isMultiple": false,
          "createdBy": null,
          "createdDateTime": "2021-02-02T14:26:40.1835822",
          "modifiedBy": null,
          "lastModified": null,
          "priority": 2,
          "status": 2,
          "fieldConfigurations": {
            "upload": {
              "arrayAccepts": [],
              "accepts": "",
              "width": null,
              "height": null,
              "isCrop": false
            }
          }
        }
      ],
      "isExportData": true
    },
    {
      "id": 3,
      "ReferenceId": null,
      "type": "System",
      "title": "Page",
      "name": "sys_additional_field_page",
      "description": null,
      "formTemplate": "Forms/_Blank.cshtml",
      "edmTemplate": "Edms/_Blank.cshtml",
      "edmSubject": null,
      "edmFrom": null,
      "edmAutoSend": null,
      "createdBy": null,
      "createdDateTime": "2021-02-02T14:26:39.9109864",
      "modifiedBy": null,
      "lastModified": null,
      "priority": 0,
      "status": 2,
      "fields": [],
      "isExportData": true
    },
    {
      "id": 4,
      "ReferenceId": null,
      "type": "System",
      "title": "Module",
      "name": "sys_additional_field_module",
      "description": null,
      "formTemplate": "Forms/_Blank.cshtml",
      "edmTemplate": "Edms/_Blank.cshtml",
      "edmSubject": null,
      "edmFrom": null,
      "edmAutoSend": null,
      "createdBy": null,
      "createdDateTime": "2021-02-02T14:26:39.9219266",
      "modifiedBy": null,
      "lastModified": null,
      "priority": 0,
      "status": 2,
      "fields": [],
      "isExportData": true
    },
    {
      "id": 5,
      "ReferenceId": null,
      "type": "System",
      "title": "Post",
      "name": "sys_additional_field_post",
      "description": null,
      "formTemplate": "Forms/_Blank.cshtml",
      "edmTemplate": "Edms/_Blank.cshtml",
      "edmSubject": null,
      "edmFrom": null,
      "edmAutoSend": null,
      "createdBy": null,
      "createdDateTime": "2021-02-02T14:26:39.9318304",
      "modifiedBy": null,
      "lastModified": null,
      "priority": 0,
      "status": 2,
      "fields": [],
      "isExportData": true
    },
    {
      "id": 6,
      "ReferenceId": null,
      "type": "System",
      "title": "Additional Field",
      "name": "sys_additional_field",
      "description": null,
      "formTemplate": "Forms/_Blank.cshtml",
      "edmTemplate": "Edms/_Blank.cshtml",
      "edmSubject": null,
      "edmFrom": null,
      "edmAutoSend": null,
      "createdBy": null,
      "createdDateTime": "2021-02-02T14:26:39.9415186",
      "modifiedBy": null,
      "lastModified": null,
      "priority": 1,
      "status": 2,
      "fields": [],
      "isExportData": true
    },
    {
      "id": 7,
      "ReferenceId": null,
      "type": "System",
      "title": "Category",
      "name": "sys_category",
      "description": null,
      "formTemplate": null,
      "edmTemplate": null,
      "edmSubject": null,
      "edmFrom": null,
      "edmAutoSend": null,
      "createdBy": null,
      "createdDateTime": "2021-02-02T14:26:39.9513931",
      "modifiedBy": null,
      "lastModified": null,
      "priority": 2,
      "status": 2,
      "fields": [
        {
          "id": 16,
          "specificulture": null,
          "attributeSetId": 7,
          "attributeSetName": "sys_category",
          "configurations": "{\"upload\":{\"arrayAccepts\":[],\"accepts\":\"\",\"width\":null,\"height\":null,\"isCrop\":false}}",
          "referenceId": null,
          "regex": null,
          "isRegex": false,
          "title": "Title",
          "dataType": 7,
          "defaultValue": null,
          "strOptions": "[]",
          "options": [],
          "name": "title",
          "isRequire": true,
          "isEncrypt": false,
          "isSelect": false,
          "isUnique": true,
          "isMultiple": false,
          "createdBy": null,
          "createdDateTime": "2021-02-02T14:26:40.195998",
          "modifiedBy": null,
          "lastModified": null,
          "priority": 1,
          "status": 2,
          "fieldConfigurations": {
            "upload": {
              "arrayAccepts": [],
              "accepts": "",
              "width": null,
              "height": null,
              "isCrop": false
            }
          }
        },
        {
          "id": 17,
          "specificulture": null,
          "attributeSetId": 7,
          "attributeSetName": "sys_category",
          "configurations": "{\"upload\":{\"arrayAccepts\":[],\"accepts\":\"\",\"width\":null,\"height\":null,\"isCrop\":false}}",
          "referenceId": null,
          "regex": null,
          "isRegex": false,
          "title": "Slug",
          "dataType": 7,
          "defaultValue": null,
          "strOptions": "[]",
          "options": [],
          "name": "slug",
          "isRequire": true,
          "isEncrypt": false,
          "isSelect": false,
          "isUnique": true,
          "isMultiple": false,
          "createdBy": null,
          "createdDateTime": "2021-02-02T14:26:40.2083579",
          "modifiedBy": null,
          "lastModified": null,
          "priority": 2,
          "status": 2,
          "fieldConfigurations": {
            "upload": {
              "arrayAccepts": [],
              "accepts": "",
              "width": null,
              "height": null,
              "isCrop": false
            }
          }
        },
        {
          "id": 18,
          "specificulture": null,
          "attributeSetId": 7,
          "attributeSetName": "sys_category",
          "configurations": "{\"upload\":{\"arrayAccepts\":[],\"accepts\":\"\",\"width\":null,\"height\":null,\"isCrop\":false}}",
          "referenceId": null,
          "regex": null,
          "isRegex": false,
          "title": "Type",
          "dataType": 7,
          "defaultValue": "Post",
          "strOptions": "[\r\n  {\r\n    \"value\": \"Post\",\r\n    \"dataType\": \"Text\"\r\n  },\r\n  {\r\n    \"value\": \"Page\",\r\n    \"dataType\": \"Text\"\r\n  },\r\n  {\r\n    \"value\": \"Module\",\r\n    \"dataType\": \"Text\"\r\n  }\r\n]",
          "options": [
            {
              "value": "Post",
              "dataType": "Text"
            },
            {
              "value": "Page",
              "dataType": "Text"
            },
            {
              "value": "Module",
              "dataType": "Text"
            }
          ],
          "name": "type",
          "isRequire": false,
          "isEncrypt": false,
          "isSelect": true,
          "isUnique": false,
          "isMultiple": false,
          "createdBy": null,
          "createdDateTime": "2021-02-02T14:26:40.2210313",
          "modifiedBy": null,
          "lastModified": null,
          "priority": 3,
          "status": 2,
          "fieldConfigurations": {
            "upload": {
              "arrayAccepts": [],
              "accepts": "",
              "width": null,
              "height": null,
              "isCrop": false
            }
          }
        },
        {
          "id": 19,
          "specificulture": null,
          "attributeSetId": 7,
          "attributeSetName": "sys_category",
          "configurations": "{\"upload\":{\"arrayAccepts\":[],\"accepts\":\"\",\"width\":null,\"height\":null,\"isCrop\":false}}",
          "referenceId": null,
          "regex": null,
          "isRegex": false,
          "title": "Icon",
          "dataType": 19,
          "defaultValue": null,
          "strOptions": "[]",
          "options": [],
          "name": "icon",
          "isRequire": false,
          "isEncrypt": false,
          "isSelect": false,
          "isUnique": false,
          "isMultiple": false,
          "createdBy": null,
          "createdDateTime": "2021-02-02T14:26:40.2331394",
          "modifiedBy": null,
          "lastModified": null,
          "priority": 4,
          "status": 2,
          "fieldConfigurations": {
            "upload": {
              "arrayAccepts": [],
              "accepts": "",
              "width": null,
              "height": null,
              "isCrop": false
            }
          }
        },
        {
          "id": 20,
          "specificulture": null,
          "attributeSetId": 7,
          "attributeSetName": "sys_category",
          "configurations": "{\"upload\":{\"arrayAccepts\":[],\"accepts\":\"\",\"width\":null,\"height\":null,\"isCrop\":false}}",
          "referenceId": null,
          "regex": null,
          "isRegex": false,
          "title": "Description",
          "dataType": 9,
          "defaultValue": null,
          "strOptions": "[]",
          "options": [],
          "name": "description",
          "isRequire": false,
          "isEncrypt": false,
          "isSelect": false,
          "isUnique": false,
          "isMultiple": false,
          "createdBy": null,
          "createdDateTime": "2021-02-02T14:26:40.2488459",
          "modifiedBy": null,
          "lastModified": null,
          "priority": 5,
          "status": 2,
          "fieldConfigurations": {
            "upload": {
              "arrayAccepts": [],
              "accepts": "",
              "width": null,
              "height": null,
              "isCrop": false
            }
          }
        }
      ],
      "isExportData": true
    },
    {
      "id": 8,
      "ReferenceId": null,
      "type": "System",
      "title": "Tag",
      "name": "sys_tag",
      "description": null,
      "formTemplate": "Forms/_Blank.cshtml",
      "edmTemplate": "Edms/_Blank.cshtml",
      "edmSubject": null,
      "edmFrom": null,
      "edmAutoSend": null,
      "createdBy": null,
      "createdDateTime": "2021-02-02T14:26:39.9612761",
      "modifiedBy": null,
      "lastModified": null,
      "priority": 3,
      "status": 2,
      "fields": [
        {
          "id": 21,
          "specificulture": null,
          "attributeSetId": 8,
          "attributeSetName": "sys_tag",
          "configurations": "{\"upload\":{\"arrayAccepts\":[],\"accepts\":\"\",\"width\":null,\"height\":null,\"isCrop\":false}}",
          "referenceId": null,
          "regex": null,
          "isRegex": false,
          "title": "Title",
          "dataType": 7,
          "defaultValue": null,
          "strOptions": "[]",
          "options": [],
          "name": "title",
          "isRequire": true,
          "isEncrypt": false,
          "isSelect": false,
          "isUnique": true,
          "isMultiple": false,
          "createdBy": null,
          "createdDateTime": "2021-02-02T14:26:40.2646094",
          "modifiedBy": null,
          "lastModified": null,
          "priority": 1,
          "status": 2,
          "fieldConfigurations": {
            "upload": {
              "arrayAccepts": [],
              "accepts": "",
              "width": null,
              "height": null,
              "isCrop": false
            }
          }
        },
        {
          "id": 22,
          "specificulture": null,
          "attributeSetId": 8,
          "attributeSetName": "sys_tag",
          "configurations": "{\"upload\":{\"arrayAccepts\":[],\"accepts\":\"\",\"width\":null,\"height\":null,\"isCrop\":false}}",
          "referenceId": null,
          "regex": null,
          "isRegex": false,
          "title": "Slug",
          "dataType": 7,
          "defaultValue": null,
          "strOptions": "[]",
          "options": [],
          "name": "slug",
          "isRequire": true,
          "isEncrypt": false,
          "isSelect": false,
          "isUnique": true,
          "isMultiple": false,
          "createdBy": null,
          "createdDateTime": "2021-02-02T14:26:40.2764043",
          "modifiedBy": null,
          "lastModified": null,
          "priority": 2,
          "status": 2,
          "fieldConfigurations": {
            "upload": {
              "arrayAccepts": [],
              "accepts": "",
              "width": null,
              "height": null,
              "isCrop": false
            }
          }
        },
        {
          "id": 23,
          "specificulture": null,
          "attributeSetId": 8,
          "attributeSetName": "sys_tag",
          "configurations": "{\"upload\":{\"arrayAccepts\":[],\"accepts\":\"\",\"width\":null,\"height\":null,\"isCrop\":false}}",
          "referenceId": null,
          "regex": null,
          "isRegex": false,
          "title": "Type",
          "dataType": 7,
          "defaultValue": "Post",
          "strOptions": "[]",
          "options": [],
          "name": "type",
          "isRequire": false,
          "isEncrypt": false,
          "isSelect": false,
          "isUnique": false,
          "isMultiple": false,
          "createdBy": null,
          "createdDateTime": "2021-02-02T14:26:40.2888092",
          "modifiedBy": null,
          "lastModified": null,
          "priority": 3,
          "status": 2,
          "fieldConfigurations": {
            "upload": {
              "arrayAccepts": [],
              "accepts": "",
              "width": null,
              "height": null,
              "isCrop": false
            }
          }
        }
      ],
      "isExportData": true
    },
    {
      "id": 9,
      "ReferenceId": null,
      "type": "System",
      "title": "Post Type",
      "name": "post_type",
      "description": null,
      "formTemplate": null,
      "edmTemplate": null,
      "edmSubject": null,
      "edmFrom": null,
      "edmAutoSend": null,
      "createdBy": null,
      "createdDateTime": "2021-02-02T14:26:39.9708817",
      "modifiedBy": null,
      "lastModified": "2020-09-26T10:19:31",
      "priority": 0,
      "status": 2,
      "fields": [
        {
          "id": 24,
          "specificulture": null,
          "attributeSetId": 9,
          "attributeSetName": "post_type",
          "configurations": "{\"upload\":{\"arrayAccepts\":[],\"accepts\":\"\",\"width\":null,\"height\":null,\"isCrop\":false}}",
          "referenceId": null,
          "regex": null,
          "isRegex": false,
          "title": "Title",
          "dataType": 7,
          "defaultValue": null,
          "strOptions": "[]",
          "options": [],
          "name": "title",
          "isRequire": false,
          "isEncrypt": false,
          "isSelect": false,
          "isUnique": false,
          "isMultiple": false,
          "createdBy": null,
          "createdDateTime": "2021-02-02T14:26:40.3009405",
          "modifiedBy": null,
          "lastModified": null,
          "priority": 1,
          "status": 2,
          "fieldConfigurations": {
            "upload": {
              "arrayAccepts": [],
              "accepts": "",
              "width": null,
              "height": null,
              "isCrop": false
            }
          }
        },
        {
          "id": 25,
          "specificulture": null,
          "attributeSetId": 9,
          "attributeSetName": "post_type",
          "configurations": "{\"upload\":{\"arrayAccepts\":[],\"accepts\":\"\",\"width\":null,\"height\":null,\"isCrop\":false}}",
          "referenceId": null,
          "regex": null,
          "isRegex": false,
          "title": "Attribute Set Name",
          "dataType": 7,
          "defaultValue": null,
          "strOptions": "[]",
          "options": [],
          "name": "attribute_set_name",
          "isRequire": false,
          "isEncrypt": false,
          "isSelect": false,
          "isUnique": false,
          "isMultiple": false,
          "createdBy": null,
          "createdDateTime": "2021-02-02T14:26:40.313568",
          "modifiedBy": null,
          "lastModified": null,
          "priority": 2,
          "status": 2,
          "fieldConfigurations": {
            "upload": {
              "arrayAccepts": [],
              "accepts": "",
              "width": null,
              "height": null,
              "isCrop": false
            }
          }
        },
        {
          "id": 26,
          "specificulture": null,
          "attributeSetId": 9,
          "attributeSetName": "post_type",
          "configurations": "{\"upload\":{\"arrayAccepts\":[],\"accepts\":\"\",\"width\":null,\"height\":null,\"isCrop\":false}}",
          "referenceId": null,
          "regex": null,
          "isRegex": false,
          "title": "Icon",
          "dataType": 19,
          "defaultValue": null,
          "strOptions": "[]",
          "options": [],
          "name": "icon",
          "isRequire": false,
          "isEncrypt": false,
          "isSelect": false,
          "isUnique": false,
          "isMultiple": false,
          "createdBy": null,
          "createdDateTime": "2021-02-02T14:26:40.3257706",
          "modifiedBy": null,
          "lastModified": null,
          "priority": 3,
          "status": 2,
          "fieldConfigurations": {
            "upload": {
              "arrayAccepts": [],
              "accepts": "",
              "width": null,
              "height": null,
              "isCrop": false
            }
          }
        }
      ],
      "isExportData": true
    }
  ],
  "configurations": [
    {
      "id": 1,
      "specificulture": "en-us",
      "cultures": [
        {
          "id": 1,
          "specificulture": "en-us",
          "lcid": null,
          "alias": null,
          "fullName": "United States - English",
          "description": "United States - English",
          "icon": "flag-icon-us",
          "isSupported": true
        }
      ],
      "keyword": "SiteName",
      "category": "Common",
      "value": "asda",
      "dataType": "Text",
      "description": "Site Name",
      "createdBy": null,
      "createdDateTime": "2021-02-02T14:26:24.1893573",
      "modifiedBy": null,
      "lastModified": null,
      "priority": 0,
      "status": 2,
      "domain": null,
      "property": {
        "dataType": "Text",
        "value": "asda",
        "name": "SiteName"
      }
    },
    {
      "id": 2,
      "specificulture": "en-us",
      "cultures": [
        {
          "id": 1,
          "specificulture": "en-us",
          "lcid": null,
          "alias": null,
          "fullName": "United States - English",
          "description": "United States - English",
          "icon": "flag-icon-us",
          "isSupported": true
        }
      ],
      "keyword": "LanguageVersion",
      "category": "Version",
      "value": "1",
      "dataType": "Text",
      "description": "Language Version",
      "createdBy": null,
      "createdDateTime": "2021-02-02T14:26:24.4987619",
      "modifiedBy": null,
      "lastModified": null,
      "priority": 0,
      "status": 2,
      "domain": null,
      "property": {
        "dataType": "Text",
        "value": "1",
        "name": "LanguageVersion"
      }
    },
    {
      "id": 3,
      "specificulture": "en-us",
      "cultures": [
        {
          "id": 1,
          "specificulture": "en-us",
          "lcid": null,
          "alias": null,
          "fullName": "United States - English",
          "description": "United States - English",
          "icon": "flag-icon-us",
          "isSupported": true
        }
      ],
      "keyword": "SettingVersion",
      "category": "Version",
      "value": "1",
      "dataType": "Text",
      "description": "Settings Version",
      "createdBy": null,
      "createdDateTime": "2021-02-02T14:26:24.5089097",
      "modifiedBy": null,
      "lastModified": null,
      "priority": 0,
      "status": 2,
      "domain": null,
      "property": {
        "dataType": "Text",
        "value": "1",
        "name": "SettingVersion"
      }
    },
    {
      "id": 4,
      "specificulture": "en-us",
      "cultures": [
        {
          "id": 1,
          "specificulture": "en-us",
          "lcid": null,
          "alias": null,
          "fullName": "United States - English",
          "description": "United States - English",
          "icon": "flag-icon-us",
          "isSupported": true
        }
      ],
      "keyword": "ThemeName",
      "category": "Site",
      "value": "asda",
      "dataType": "Text",
      "description": "Theme Name",
      "createdBy": null,
      "createdDateTime": "2021-02-02T14:26:24.523367",
      "modifiedBy": null,
      "lastModified": null,
      "priority": 0,
      "status": 2,
      "domain": null,
      "property": {
        "dataType": "Text",
        "value": "asda",
        "name": "ThemeName"
      }
    },
    {
      "id": 5,
      "specificulture": "en-us",
      "cultures": [
        {
          "id": 1,
          "specificulture": "en-us",
          "lcid": null,
          "alias": null,
          "fullName": "United States - English",
          "description": "United States - English",
          "icon": "flag-icon-us",
          "isSupported": true
        }
      ],
      "keyword": "ThemeFolder",
      "category": "Site",
      "value": "asda",
      "dataType": "Text",
      "description": "Theme Folder",
      "createdBy": null,
      "createdDateTime": "2021-02-02T14:26:24.5342063",
      "modifiedBy": null,
      "lastModified": null,
      "priority": 0,
      "status": 2,
      "domain": null,
      "property": {
        "dataType": "Text",
        "value": "asda",
        "name": "ThemeFolder"
      }
    },
    {
      "id": 6,
      "specificulture": "en-us",
      "cultures": [
        {
          "id": 1,
          "specificulture": "en-us",
          "lcid": null,
          "alias": null,
          "fullName": "United States - English",
          "description": "United States - English",
          "icon": "flag-icon-us",
          "isSupported": true
        }
      ],
      "keyword": "ThemeId",
      "category": "Site",
      "value": "1",
      "dataType": "Text",
      "description": "Theme Id",
      "createdBy": null,
      "createdDateTime": "2021-02-02T14:26:24.5454539",
      "modifiedBy": null,
      "lastModified": null,
      "priority": 0,
      "status": 2,
      "domain": null,
      "property": {
        "dataType": "Text",
        "value": "1",
        "name": "ThemeId"
      }
    },
    {
      "id": 7,
      "specificulture": "en-us",
      "cultures": [
        {
          "id": 1,
          "specificulture": "en-us",
          "lcid": null,
          "alias": null,
          "fullName": "United States - English",
          "description": "United States - English",
          "icon": "flag-icon-us",
          "isSupported": true
        }
      ],
      "keyword": "DateTimeFormat",
      "category": "Common",
      "value": "dd-MM-yyyy HH:mm:ss",
      "dataType": "Text",
      "description": "Date Time Format",
      "createdBy": null,
      "createdDateTime": "2021-02-02T14:26:24.5590234",
      "modifiedBy": null,
      "lastModified": null,
      "priority": 0,
      "status": 2,
      "domain": null,
      "property": {
        "dataType": "Text",
        "value": "dd-MM-yyyy HH:mm:ss",
        "name": "DateTimeFormat"
      }
    },
    {
      "id": 8,
      "specificulture": "en-us",
      "cultures": [
        {
          "id": 1,
          "specificulture": "en-us",
          "lcid": null,
          "alias": null,
          "fullName": "United States - English",
          "description": "United States - English",
          "icon": "flag-icon-us",
          "isSupported": true
        }
      ],
      "keyword": "StartWeekOn",
      "category": "Common",
      "value": "Monday",
      "dataType": "Text",
      "description": "Day",
      "createdBy": null,
      "createdDateTime": "2021-02-02T14:26:24.5701097",
      "modifiedBy": null,
      "lastModified": null,
      "priority": 0,
      "status": 2,
      "domain": null,
      "property": {
        "dataType": "Text",
        "value": "Monday",
        "name": "StartWeekOn"
      }
    },
    {
      "id": 9,
      "specificulture": "en-us",
      "cultures": [
        {
          "id": 1,
          "specificulture": "en-us",
          "lcid": null,
          "alias": null,
          "fullName": "United States - English",
          "description": "United States - English",
          "icon": "flag-icon-us",
          "isSupported": true
        }
      ],
      "keyword": "post_image_width",
      "category": "Site",
      "value": "",
      "dataType": "Integer",
      "description": "Post Image Width",
      "createdBy": null,
      "createdDateTime": "2021-02-02T14:26:24.581852",
      "modifiedBy": null,
      "lastModified": null,
      "priority": 0,
      "status": 2,
      "domain": null,
      "property": {
        "dataType": "Integer",
        "value": "",
        "name": "post_image_width"
      }
    },
    {
      "id": 10,
      "specificulture": "en-us",
      "cultures": [
        {
          "id": 1,
          "specificulture": "en-us",
          "lcid": null,
          "alias": null,
          "fullName": "United States - English",
          "description": "United States - English",
          "icon": "flag-icon-us",
          "isSupported": true
        }
      ],
      "keyword": "post_image_height",
      "category": "Site",
      "value": "",
      "dataType": "Integer",
      "description": "Post Image Width",
      "createdBy": null,
      "createdDateTime": "2021-02-02T14:26:24.5938241",
      "modifiedBy": null,
      "lastModified": null,
      "priority": 0,
      "status": 2,
      "domain": null,
      "property": {
        "dataType": "Integer",
        "value": "",
        "name": "post_image_height"
      }
    }
  ],
  "languages": [],
  "relatedData": [
    {
      "id": "239d5459-ecb2-4a79-8b15-196cac13f396",
      "specificulture": "en-us",
      "dataId": "98edad1c-286e-42a0-88c7-0ef100f92d3f",
      "cultures": null,
      "parentId": "8f4caf9b-9d68-4cf1-bae6-92ae36b04d47",
      "parentType": 0,
      "attributeSetId": 1,
      "attributeSetName": "sys_menu_item",
      "description": null,
      "CreatedBy": null,
      "createdDateTime": "2021-02-03T05:38:25.8903149",
      "modifiedBy": null,
      "lastModified": null,
      "priority": 0,
      "status": 2,
      "isProcessed": false
    },
    {
      "id": "695cda07-32a6-46cf-b1cc-780871362c2a",
      "specificulture": "en-us",
      "dataId": "8f4caf9b-9d68-4cf1-bae6-92ae36b04d47",
      "cultures": null,
      "parentId": "e90b728a-c312-4058-840c-f90c975e08d8",
      "parentType": 0,
      "attributeSetId": 1,
      "attributeSetName": "sys_menu_item",
      "description": null,
      "CreatedBy": null,
      "createdDateTime": "2021-02-03T05:35:05.9631443",
      "modifiedBy": null,
      "lastModified": null,
      "priority": 0,
      "status": 2,
      "isProcessed": false
    },
    {
      "id": "cd2cbf08-dfcd-470d-b2b6-963e5785c053",
      "specificulture": "en-us",
      "dataId": "210fb29a-33c3-4a9d-b4ac-38ab6331e8c8",
      "cultures": null,
      "parentId": "e90b728a-c312-4058-840c-f90c975e08d8",
      "parentType": 0,
      "attributeSetId": 1,
      "attributeSetName": "sys_menu_item",
      "description": null,
      "CreatedBy": null,
      "createdDateTime": "2021-02-03T13:54:05.2165402",
      "modifiedBy": null,
      "lastModified": null,
      "priority": 0,
      "status": 2,
      "isProcessed": false
    }
  ],
  "pagePostNavs": [],
  "pageModuleNavs": [],
  "modulePostNavs": [],
  "posts": [
    {
      "status": "Published",
      "id": 1,
      "template": "Posts/_Blank.cshtml",
      "thumbnail": null,
      "image": null,
      "icon": null,
      "title": "Mixcore CMS",
      "excerpt": "Fully Open Source UI Tools to create multi-purpose Web Apps, Mobile Apps & Application Services",
      "content": "Run with Docker\n<p>Latest Docker Image\n</p><p>docker pull mixcore/mix.core:latest\n</p><p>docker run -it --rm -p 5000:80 --name mixcore_cms mixcore/mix.core:latest\n</p><p>Or with Docker Compose\n</p><p>docker-compose build\n</p><p>docker-compose up\n</p><p>GITs clone\n</p><p>mkdir mixcore\n</p><p>cd mixcore\n</p><p>\n</p><p>git clone https://github.com/mixcore/mix.core.git\n</p><p>Optional:\n</p><p>\n</p><p>Optional steps as those packages are Nuget Library\n</p><p>\n</p><p>git clone https://github.com/mixcore/mix.heart.git\n</p><p>git clone https://github.com/mixcore/mix.identity.git\n</p><p>Build &amp; Run with Dotnet SDK\n</p><p>Build &amp; Run Mixcore CMS\n</p><p>REM Make sure you already read and download Dotnet Core SDK here https://dotnet.microsoft.com/download\n</p><p>\n</p><p>cd mix.core/src/Mix.Cms.Web\n</p><p>\n</p><p>dotnet restore\n</p><p>dotnet build\n</p><p>dotnet run\n</p><p>Modify &amp; Build Portal Front-End source (Optional)\n</p><p>This step is optional and only needed in case you would like to modify the portal front-end code\n</p><p>\n</p><p>cd mix.core/src/portal-app\n</p><p>\n</p><p>npm install\n</p><p>npm install --global gulp-cli\n</p><p>gulp build\n</p><p>Note: If you facing any System.Data.SqlClient.SqlException error, please replace all content inside \"appsettings.json\" file with \"{}\".</p>",
      "seoName": "mixcore-cms",
      "seoTitle": "Mixcore CMS",
      "seoDescription": "Fully Open Source UI Tools to create multi-purpose Web Apps, Mobile Apps & Application Services",
      "seoKeywords": "mixcore-cms",
      "source": null,
      "views": null,
      "type": "sys_additional_field_post",
      "publishedDateTime": null,
      "tags": "[]",
      "createdBy": null,
      "createdDateTime": "2020-10-11T10:00:33",
      "modifiedBy": null,
      "lastModified": "2020-10-11T10:00:33",
      "priority": 0,
      "domain": "",
      "categories": [],
      "imageFileStream": null,
      "thumbnailFileStream": null,
      "properties": null,
      "urlAliases": []
    }
  ],
  "moduleDatas": [],
  "attributeSetDatas": [
    {
      "id": "8f4caf9b-9d68-4cf1-bae6-92ae36b04d47",
      "specificulture": "en-us",
      "cultures": null,
      "attributeSetId": 1,
      "attributeSetName": "sys_menu_item",
      "createdBy": "tinku",
      "createdDateTime": "2021-02-03T05:35:05.7432965",
      "modifiedBy": "tinku",
      "lastModified": "2021-02-03T05:36:57.8752001",
      "priority": 1,
      "status": 2,
      "obj": {
        "id": "8f4caf9b-9d68-4cf1-bae6-92ae36b04d47",
        "title": "Maintenance",
        "uri": "/page/[CULTURE]/maintenance",
        "icon": null,
        "type": "Page",
        "target": "_top",
        "target_id": "6",
        "classes": null,
        "description": null,
        "menu_items": [],
        "alt": null,
        "hreflang": null,
        "rel": null
      },
      "parentId": null,
      "parentType": 0,
      "relatedData": [],
      "fields": null
    },
    {
      "id": "98edad1c-286e-42a0-88c7-0ef100f92d3f",
      "specificulture": "en-us",
      "cultures": null,
      "attributeSetId": 1,
      "attributeSetName": "sys_menu_item",
      "createdBy": "tinku",
      "createdDateTime": "2021-02-03T05:38:25.6668141",
      "modifiedBy": null,
      "lastModified": null,
      "priority": 1,
      "status": 2,
      "obj": {
        "id": "98edad1c-286e-42a0-88c7-0ef100f92d3f",
        "title": "Home",
        "uri": "/page/[CULTURE]/home",
        "icon": null,
        "type": "Page",
        "target": "_top",
        "target_id": "7",
        "classes": null,
        "description": null,
        "menu_items": [],
        "alt": null,
        "hreflang": null,
        "rel": null
      },
      "parentId": null,
      "parentType": 0,
      "relatedData": [],
      "fields": null
    },
    {
      "id": "210fb29a-33c3-4a9d-b4ac-38ab6331e8c8",
      "specificulture": "en-us",
      "cultures": null,
      "attributeSetId": 1,
      "attributeSetName": "sys_menu_item",
      "createdBy": "tinku",
      "createdDateTime": "2021-02-03T13:54:04.694302",
      "modifiedBy": null,
      "lastModified": null,
      "priority": 1,
      "status": 2,
      "obj": {
        "id": "210fb29a-33c3-4a9d-b4ac-38ab6331e8c8",
        "title": "Search",
        "uri": "/page/[CULTURE]/search",
        "icon": null,
        "type": "Page",
        "target": "_top",
        "target_id": "2",
        "classes": null,
        "description": null,
        "menu_items": [],
        "alt": null,
        "hreflang": null,
        "rel": null
      },
      "parentId": null,
      "parentType": 0,
      "relatedData": [],
      "fields": null
    },
    {
      "id": "e90b728a-c312-4058-840c-f90c975e08d8",
      "specificulture": "en-us",
      "cultures": null,
      "attributeSetId": 2,
      "attributeSetName": "sys_navigation",
      "createdBy": "tinku",
      "createdDateTime": "2021-02-03T05:34:57.5891129",
      "modifiedBy": null,
      "lastModified": null,
      "priority": 1,
      "status": 2,
      "obj": {
        "id": "e90b728a-c312-4058-840c-f90c975e08d8",
        "title": "Top",
        "name": "top",
        "menu_items": []
      },
      "parentId": null,
      "parentType": 0,
      "relatedData": [],
      "fields": null
    }
  ],
  "specificulture": "en-us",
  "themeName": "asda"
}
