{"createdBy":null,"specificulture":null,"themeName":null,"posts":[],"pages":[],"modules":[],"mixDatabases":[{"type":"System","mixDatabaseColumns":null,"systemName":"sysUserData","displayName":"User Data","description":null,"mixTenantId":1,"mixTenant":null,"id":1,"createdDateTime":"2021-11-27T18:20:57.6745588","lastModified":null,"createdBy":null,"modifiedBy":null,"priority":0,"status":"Published"}],"templates":[],"configurations":[],"languages":[],"mixDatabaseColumns":[{"systemName":"avatar","displayName":"Avatar","mixDatabaseName":"sysUserData","dataType":"Upload","configurations":"{\"IsEncrypt\":false,\"Upload\":{\"ArrayAccepts\":[],\"Accepts\":\"\",\"IsCrop\":false}}","referenceId":null,"defaultValue":null,"mixDatabaseId":1,"mixDatabase":null,"id":1,"createdDateTime":"2021-11-27T18:20:57.7471967","lastModified":null,"createdBy":null,"modifiedBy":null,"priority":1,"status":"Published"}],"postContents":[],"pageContents":[],"moduleContents":[],"configurationContents":[],"languageContents":[],"datas":[],"dataContents":[],"dataContentValues":[],"dataContentAssociations":[],"moduleDatas":[],"pagePosts":[],"pageModules":[],"modulePosts":[],"mixUrlAliases":[]}
