{
  "pages": [
    {
      "id": 1,
      "specificulture": "en-us",
      "cultures": null,
      "template": "Pages/_Tag.cshtml",
      "thumbnail": null,
      "image": "assets/img/bgs/tag.jpg",
      "icon": null,
      "cssClass": null,
      "layout": "Masters/_Layout.cshtml",
      "title": "Tag",
      "excerpt": null,
      "content": null,
      "seoName": "tag",
      "seoTitle": "tag",
      "seoDescription": "tag",
      "seoKeywords": "tag",
      "source": null,
      "views": null,
      "type": 8,
      "tags": null,
      "staticUrl": null,
      "level": 0,
      "pageSize": null,
      "createdBy": "admin",
      "createdDateTime": "2020-06-04T12:13:59.33",
      "modifiedBy": null,
      "lastModified": "2019-07-13T01:41:55.923",
      "priority": 0,
      "status": 2,
      "moduleNavs": null,
      "urlAliases": null,
      "isExportData": false,
      "themeName": "default"
    },
    {
      "id": 2,
      "specificulture": "en-us",
      "cultures": null,
      "template": "Pages/_Search.cshtml",
      "thumbnail": null,
      "image": "assets/img/bgs/search.jpg",
      "icon": null,
      "cssClass": null,
      "layout": "Masters/_Layout.cshtml",
      "title": "Search",
      "excerpt": null,
      "content": null,
      "seoName": "search",
      "seoTitle": "search",
      "seoDescription": "search",
      "seoKeywords": "search",
      "source": null,
      "views": null,
      "type": 8,
      "tags": null,
      "staticUrl": null,
      "level": 0,
      "pageSize": null,
      "createdBy": "admin",
      "createdDateTime": "2020-06-04T12:14:00.167",
      "modifiedBy": null,
      "lastModified": "2019-07-13T01:41:41.72",
      "priority": 0,
      "status": 2,
      "moduleNavs": null,
      "urlAliases": null,
      "isExportData": false,
      "themeName": "default"
    },
    {
      "id": 3,
      "specificulture": "en-us",
      "cultures": null,
      "template": "Pages/_Blank.cshtml",
      "thumbnail": null,
      "image": "assets/img/bgs/404.jpg",
      "icon": null,
      "cssClass": null,
      "layout": "Masters/_Blank.cshtml",
      "title": "404",
      "excerpt": null,
      "content": null,
      "seoName": "404",
      "seoTitle": "404",
      "seoDescription": "404",
      "seoKeywords": "404",
      "source": null,
      "views": null,
      "type": 8,
      "tags": null,
      "staticUrl": null,
      "level": 0,
      "pageSize": null,
      "createdBy": "admin",
      "createdDateTime": "2020-06-04T12:14:00.71",
      "modifiedBy": null,
      "lastModified": "2019-07-13T01:43:50.107",
      "priority": 0,
      "status": 2,
      "moduleNavs": null,
      "urlAliases": null,
      "isExportData": false,
      "themeName": "default"
    },
    {
      "id": 4,
      "specificulture": "en-us",
      "cultures": null,
      "template": "Pages/_Blank.cshtml",
      "thumbnail": null,
      "image": "assets/img/bgs/403.png",
      "icon": null,
      "cssClass": null,
      "layout": "Masters/_Blank.cshtml",
      "title": "403",
      "excerpt": null,
      "content": null,
      "seoName": "403",
      "seoTitle": "403",
      "seoDescription": "403",
      "seoKeywords": "403",
      "source": null,
      "views": null,
      "type": 8,
      "tags": null,
      "staticUrl": null,
      "level": 0,
      "pageSize": null,
      "createdBy": "admin",
      "createdDateTime": "2020-06-04T12:14:01.083",
      "modifiedBy": null,
      "lastModified": "2019-07-13T01:44:08.35",
      "priority": 0,
      "status": 2,
      "moduleNavs": null,
      "urlAliases": null,
      "isExportData": false,
      "themeName": "default"
    },
    {
      "id": 5,
      "specificulture": "en-us",
      "cultures": null,
      "template": "Pages/_Blank.cshtml",
      "thumbnail": null,
      "image": "assets/img/bgs/500.png",
      "icon": null,
      "cssClass": null,
      "layout": "Masters/_Blank.cshtml",
      "title": "500",
      "excerpt": null,
      "content": null,
      "seoName": "500",
      "seoTitle": "500",
      "seoDescription": "500",
      "seoKeywords": "500",
      "source": null,
      "views": null,
      "type": 8,
      "tags": null,
      "staticUrl": null,
      "level": 0,
      "pageSize": null,
      "createdBy": "admin",
      "createdDateTime": "2020-06-04T12:14:01.483",
      "modifiedBy": null,
      "lastModified": "2019-07-13T01:46:15.697",
      "priority": 0,
      "status": 2,
      "moduleNavs": null,
      "urlAliases": null,
      "isExportData": false,
      "themeName": "default"
    },
    {
      "id": 6,
      "specificulture": "en-us",
      "cultures": null,
      "template": "Pages/_Maintenance.cshtml",
      "thumbnail": null,
      "image": "assets/img/bgs/Maintenance.jpg",
      "icon": null,
      "cssClass": null,
      "layout": "Masters/_Blank.cshtml",
      "title": "Maintenance",
      "excerpt": null,
      "content": null,
      "seoName": "maintenance",
      "seoTitle": "maintenance",
      "seoDescription": "maintenance",
      "seoKeywords": "maintenance",
      "source": null,
      "views": null,
      "type": 8,
      "tags": null,
      "staticUrl": null,
      "level": 0,
      "pageSize": null,
      "createdBy": "admin",
      "createdDateTime": "2020-06-04T12:14:01.747",
      "modifiedBy": null,
      "lastModified": "2020-06-18T05:43:45.593",
      "priority": 0,
      "status": 2,
      "moduleNavs": null,
      "urlAliases": null,
      "isExportData": false,
      "themeName": "default"
    },
    {
      "id": 7,
      "specificulture": "en-us",
      "cultures": null,
      "template": "Pages/Home.cshtml",
      "thumbnail": null,
      "image": "https://dev.mixcore.org/assets/img/bgs/home.jpeg",
      "icon": null,
      "cssClass": null,
      "layout": "Masters/_Layout.cshtml",
      "title": "Home",
      "excerpt": null,
      "content": null,
      "seoName": "home",
      "seoTitle": "home",
      "seoDescription": "home",
      "seoKeywords": "home",
      "source": null,
      "views": null,
      "type": 3,
      "tags": null,
      "staticUrl": null,
      "level": 0,
      "pageSize": null,
      "createdBy": "admin",
      "createdDateTime": "2020-06-04T12:14:02.197",
      "modifiedBy": null,
      "lastModified": "2020-06-16T18:15:28.51",
      "priority": 0,
      "status": 2,
      "moduleNavs": null,
      "urlAliases": null,
      "isExportData": false,
      "themeName": "default"
    }
  ],
  "modules": [],
  "attributeSets": [
    {
      "id": 1,
      "ReferenceId": null,
      "type": 0,
      "title": "Menu Item",
      "name": "sys_menu_item",
      "description": null,
      "formTemplate": "Layouts/Footer.cshtml",
      "edmTemplate": "Layouts/Footer.cshtml",
      "edmSubject": null,
      "edmFrom": null,
      "edmAutoSend": null,
      "createdBy": null,
      "createdDateTime": "2020-06-04T12:14:02.863",
      "modifiedBy": null,
      "lastModified": "2020-06-18T05:20:33.207",
      "priority": 0,
      "status": 2,
      "fields": [
        {
          "id": 1,
          "specificulture": null,
          "attributeSetId": 1,
          "attributeSetName": "sys_menu_item",
          "referenceId": null,
          "regex": null,
          "isRegex": false,
          "title": "Title",
          "dataType": 7,
          "defaultValue": null,
          "strOptions": null,
          "options": null,
          "name": "title",
          "isRequire": true,
          "isEncrypt": false,
          "isSelect": false,
          "isUnique": false,
          "isMultiple": false,
          "createdBy": null,
          "createdDateTime": "2020-06-04T12:14:02.863",
          "modifiedBy": null,
          "lastModified": null,
          "priority": 0,
          "status": 2
        },
        {
          "id": 32,
          "specificulture": null,
          "attributeSetId": 1,
          "attributeSetName": "sys_menu_item",
          "referenceId": null,
          "regex": null,
          "isRegex": false,
          "title": "Uri",
          "dataType": 7,
          "defaultValue": null,
          "strOptions": "[]",
          "options": [],
          "name": "uri",
          "isRequire": false,
          "isEncrypt": false,
          "isSelect": false,
          "isUnique": false,
          "isMultiple": false,
          "createdBy": null,
          "createdDateTime": "2020-06-18T05:20:34.177",
          "modifiedBy": null,
          "lastModified": null,
          "priority": 1,
          "status": 2
        },
        {
          "id": 3,
          "specificulture": null,
          "attributeSetId": 1,
          "attributeSetName": "sys_menu_item",
          "referenceId": null,
          "regex": null,
          "isRegex": false,
          "title": "Icon",
          "dataType": 19,
          "defaultValue": null,
          "strOptions": "[]",
          "options": [],
          "name": "icon",
          "isRequire": false,
          "isEncrypt": false,
          "isSelect": false,
          "isUnique": false,
          "isMultiple": false,
          "createdBy": null,
          "createdDateTime": "2020-06-04T12:14:02.863",
          "modifiedBy": null,
          "lastModified": null,
          "priority": 2,
          "status": 2
        },
        {
          "id": 4,
          "specificulture": null,
          "attributeSetId": 1,
          "attributeSetName": "sys_menu_item",
          "referenceId": null,
          "regex": null,
          "isRegex": false,
          "title": "Type",
          "dataType": 7,
          "defaultValue": "Uri",
          "strOptions": "[\r\n  {\r\n    \"value\": \"Uri\",\r\n    \"dataType\": 7\r\n  },\r\n  {\r\n    \"value\": \"Page\",\r\n    \"dataType\": 7\r\n  },\r\n  {\r\n    \"value\": \"Post\",\r\n    \"dataType\": 7\r\n  }\r\n]",
          "options": [
            {
              "value": "Uri",
              "dataType": 7
            },
            {
              "value": "Page",
              "dataType": 7
            },
            {
              "value": "Post",
              "dataType": 7
            }
          ],
          "name": "type",
          "isRequire": false,
          "isEncrypt": false,
          "isSelect": true,
          "isUnique": false,
          "isMultiple": false,
          "createdBy": null,
          "createdDateTime": "2020-06-04T12:14:02.863",
          "modifiedBy": null,
          "lastModified": null,
          "priority": 3,
          "status": 2
        },
        {
          "id": 5,
          "specificulture": null,
          "attributeSetId": 1,
          "attributeSetName": "sys_menu_item",
          "referenceId": null,
          "regex": null,
          "isRegex": false,
          "title": "Target",
          "dataType": 7,
          "defaultValue": "_top",
          "strOptions": "[\r\n  {\r\n    \"value\": \"_blank\",\r\n    \"dataType\": 7\r\n  },\r\n  {\r\n    \"value\": \"_self\",\r\n    \"dataType\": 7\r\n  },\r\n  {\r\n    \"value\": \"_parent\",\r\n    \"dataType\": 7\r\n  },\r\n  {\r\n    \"value\": \"_top\",\r\n    \"dataType\": 7\r\n  },\r\n  {\r\n    \"value\": \"framename\",\r\n    \"dataType\": 7\r\n  }\r\n]",
          "options": [
            {
              "value": "_blank",
              "dataType": 7
            },
            {
              "value": "_self",
              "dataType": 7
            },
            {
              "value": "_parent",
              "dataType": 7
            },
            {
              "value": "_top",
              "dataType": 7
            },
            {
              "value": "framename",
              "dataType": 7
            }
          ],
          "name": "target",
          "isRequire": false,
          "isEncrypt": false,
          "isSelect": true,
          "isUnique": false,
          "isMultiple": false,
          "createdBy": null,
          "createdDateTime": "2020-06-04T12:14:02.863",
          "modifiedBy": null,
          "lastModified": null,
          "priority": 4,
          "status": 2
        },
        {
          "id": 6,
          "specificulture": null,
          "attributeSetId": 1,
          "attributeSetName": "sys_menu_item",
          "referenceId": null,
          "regex": null,
          "isRegex": false,
          "title": "Classes",
          "dataType": 7,
          "defaultValue": null,
          "strOptions": null,
          "options": null,
          "name": "classes",
          "isRequire": false,
          "isEncrypt": false,
          "isSelect": false,
          "isUnique": false,
          "isMultiple": false,
          "createdBy": null,
          "createdDateTime": "2020-06-04T12:14:02.863",
          "modifiedBy": null,
          "lastModified": null,
          "priority": 5,
          "status": 2
        },
        {
          "id": 7,
          "specificulture": null,
          "attributeSetId": 1,
          "attributeSetName": "sys_menu_item",
          "referenceId": null,
          "regex": null,
          "isRegex": false,
          "title": "Description",
          "dataType": 9,
          "defaultValue": null,
          "strOptions": null,
          "options": null,
          "name": "description",
          "isRequire": false,
          "isEncrypt": false,
          "isSelect": false,
          "isUnique": false,
          "isMultiple": false,
          "createdBy": null,
          "createdDateTime": "2020-06-04T12:14:02.863",
          "modifiedBy": null,
          "lastModified": null,
          "priority": 6,
          "status": 2
        },
        {
          "id": 8,
          "specificulture": null,
          "attributeSetId": 1,
          "attributeSetName": "sys_menu_item",
          "referenceId": 1,
          "regex": null,
          "isRegex": false,
          "title": "Menu Items",
          "dataType": 23,
          "defaultValue": null,
          "strOptions": null,
          "options": null,
          "name": "menu_items",
          "isRequire": false,
          "isEncrypt": false,
          "isSelect": false,
          "isUnique": false,
          "isMultiple": false,
          "createdBy": null,
          "createdDateTime": "2020-06-04T12:14:02.863",
          "modifiedBy": null,
          "lastModified": null,
          "priority": 7,
          "status": 2
        },
        {
          "id": 9,
          "specificulture": null,
          "attributeSetId": 1,
          "attributeSetName": "sys_menu_item",
          "referenceId": null,
          "regex": null,
          "isRegex": false,
          "title": "Alt",
          "dataType": 7,
          "defaultValue": null,
          "strOptions": "[]",
          "options": [],
          "name": "alt",
          "isRequire": false,
          "isEncrypt": false,
          "isSelect": false,
          "isUnique": false,
          "isMultiple": false,
          "createdBy": null,
          "createdDateTime": "2020-06-04T12:14:02.863",
          "modifiedBy": null,
          "lastModified": null,
          "priority": 8,
          "status": 2
        },
        {
          "id": 10,
          "specificulture": null,
          "attributeSetId": 1,
          "attributeSetName": "sys_menu_item",
          "referenceId": null,
          "regex": null,
          "isRegex": false,
          "title": "Hreflang",
          "dataType": 7,
          "defaultValue": null,
          "strOptions": "[]",
          "options": [],
          "name": "hreflang",
          "isRequire": false,
          "isEncrypt": false,
          "isSelect": false,
          "isUnique": false,
          "isMultiple": false,
          "createdBy": null,
          "createdDateTime": "2020-06-04T12:14:02.863",
          "modifiedBy": null,
          "lastModified": null,
          "priority": 9,
          "status": 2
        },
        {
          "id": 11,
          "specificulture": null,
          "attributeSetId": 1,
          "attributeSetName": "sys_menu_item",
          "referenceId": null,
          "regex": null,
          "isRegex": false,
          "title": "Rel",
          "dataType": 7,
          "defaultValue": null,
          "strOptions": "[\r\n  {\r\n    \"value\": \"next\",\r\n    \"dataType\": 7\r\n  },\r\n  {\r\n    \"value\": \"nofollow\",\r\n    \"dataType\": 7\r\n  },\r\n  {\r\n    \"value\": \"noreferrer\",\r\n    \"dataType\": 7\r\n  },\r\n  {\r\n    \"value\": \"prev\",\r\n    \"dataType\": 7\r\n  }\r\n]",
          "options": [
            {
              "value": "next",
              "dataType": 7
            },
            {
              "value": "nofollow",
              "dataType": 7
            },
            {
              "value": "noreferrer",
              "dataType": 7
            },
            {
              "value": "prev",
              "dataType": 7
            }
          ],
          "name": "rel",
          "isRequire": false,
          "isEncrypt": false,
          "isSelect": true,
          "isUnique": false,
          "isMultiple": false,
          "createdBy": null,
          "createdDateTime": "2020-06-04T12:14:02.863",
          "modifiedBy": null,
          "lastModified": null,
          "priority": 10,
          "status": 2
        }
      ],
      "isExportData": false
    },
    {
      "id": 2,
      "ReferenceId": null,
      "type": 0,
      "title": "Navigation",
      "name": "sys_navigation",
      "description": null,
      "formTemplate": "Forms/_Blank.cshtml",
      "edmTemplate": "Edms/_Blank.cshtml",
      "edmSubject": null,
      "edmFrom": null,
      "edmAutoSend": null,
      "createdBy": null,
      "createdDateTime": "2020-06-04T12:14:05.67",
      "modifiedBy": null,
      "lastModified": null,
      "priority": 0,
      "status": 2,
      "fields": [
        {
          "id": 12,
          "specificulture": null,
          "attributeSetId": 2,
          "attributeSetName": "sys_navigation",
          "referenceId": null,
          "regex": null,
          "isRegex": false,
          "title": "Title",
          "dataType": 7,
          "defaultValue": null,
          "strOptions": "[]",
          "options": [],
          "name": "title",
          "isRequire": true,
          "isEncrypt": false,
          "isSelect": false,
          "isUnique": false,
          "isMultiple": false,
          "createdBy": null,
          "createdDateTime": "2020-06-04T12:14:05.67",
          "modifiedBy": null,
          "lastModified": null,
          "priority": 0,
          "status": 2
        },
        {
          "id": 13,
          "specificulture": null,
          "attributeSetId": 2,
          "attributeSetName": "sys_navigation",
          "referenceId": null,
          "regex": null,
          "isRegex": false,
          "title": "Name",
          "dataType": 7,
          "defaultValue": null,
          "strOptions": null,
          "options": null,
          "name": "name",
          "isRequire": true,
          "isEncrypt": false,
          "isSelect": false,
          "isUnique": false,
          "isMultiple": false,
          "createdBy": null,
          "createdDateTime": "2020-06-04T12:14:05.67",
          "modifiedBy": null,
          "lastModified": null,
          "priority": 1,
          "status": 2
        },
        {
          "id": 14,
          "specificulture": null,
          "attributeSetId": 2,
          "attributeSetName": "sys_navigation",
          "referenceId": 1,
          "regex": null,
          "isRegex": false,
          "title": "Menu Items",
          "dataType": 23,
          "defaultValue": null,
          "strOptions": "[]",
          "options": [],
          "name": "menu_items",
          "isRequire": false,
          "isEncrypt": false,
          "isSelect": false,
          "isUnique": false,
          "isMultiple": false,
          "createdBy": null,
          "createdDateTime": "2020-06-04T12:14:05.67",
          "modifiedBy": null,
          "lastModified": null,
          "priority": 2,
          "status": 2
        }
      ],
      "isExportData": false
    },
    {
      "id": 3,
      "ReferenceId": null,
      "type": 0,
      "title": "Page",
      "name": "sys_additional_field_page",
      "description": null,
      "formTemplate": "Forms/_Blank.cshtml",
      "edmTemplate": "Edms/_Blank.cshtml",
      "edmSubject": null,
      "edmFrom": null,
      "edmAutoSend": null,
      "createdBy": null,
      "createdDateTime": "2020-06-04T12:14:06.417",
      "modifiedBy": null,
      "lastModified": null,
      "priority": 0,
      "status": 2,
      "fields": [],
      "isExportData": false
    },
    {
      "id": 4,
      "ReferenceId": null,
      "type": 0,
      "title": "Module",
      "name": "sys_additional_field_module",
      "description": null,
      "formTemplate": "Forms/_Blank.cshtml",
      "edmTemplate": "Edms/_Blank.cshtml",
      "edmSubject": null,
      "edmFrom": null,
      "edmAutoSend": null,
      "createdBy": null,
      "createdDateTime": "2020-06-04T12:14:06.543",
      "modifiedBy": null,
      "lastModified": null,
      "priority": 0,
      "status": 2,
      "fields": [],
      "isExportData": false
    },
    {
      "id": 5,
      "ReferenceId": null,
      "type": 0,
      "title": "Post",
      "name": "sys_additional_field_post",
      "description": null,
      "formTemplate": "Forms/_Blank.cshtml",
      "edmTemplate": "Edms/_Blank.cshtml",
      "edmSubject": null,
      "edmFrom": null,
      "edmAutoSend": null,
      "createdBy": null,
      "createdDateTime": "2020-06-04T12:14:06.677",
      "modifiedBy": null,
      "lastModified": null,
      "priority": 0,
      "status": 2,
      "fields": [],
      "isExportData": false
    },
    {
      "id": 6,
      "ReferenceId": null,
      "type": 0,
      "title": "Additional Field",
      "name": "sys_additional_field",
      "description": null,
      "formTemplate": "Forms/_Blank.cshtml",
      "edmTemplate": "Edms/_Blank.cshtml",
      "edmSubject": null,
      "edmFrom": null,
      "edmAutoSend": null,
      "createdBy": null,
      "createdDateTime": "2020-06-04T12:14:06.79",
      "modifiedBy": null,
      "lastModified": null,
      "priority": 1,
      "status": 2,
      "fields": [
        {
          "id": 15,
          "specificulture": null,
          "attributeSetId": 6,
          "attributeSetName": "sys_additional_field",
          "referenceId": null,
          "regex": null,
          "isRegex": false,
          "title": "Title",
          "dataType": 7,
          "defaultValue": null,
          "strOptions": null,
          "options": null,
          "name": "title",
          "isRequire": false,
          "isEncrypt": false,
          "isSelect": false,
          "isUnique": false,
          "isMultiple": false,
          "createdBy": null,
          "createdDateTime": "2020-06-04T12:14:06.79",
          "modifiedBy": null,
          "lastModified": null,
          "priority": 1,
          "status": 0
        },
        {
          "id": 16,
          "specificulture": null,
          "attributeSetId": 6,
          "attributeSetName": "sys_additional_field",
          "referenceId": null,
          "regex": null,
          "isRegex": false,
          "title": "Title",
          "dataType": 7,
          "defaultValue": null,
          "strOptions": null,
          "options": null,
          "name": "title",
          "isRequire": false,
          "isEncrypt": false,
          "isSelect": false,
          "isUnique": false,
          "isMultiple": false,
          "createdBy": null,
          "createdDateTime": "2020-06-04T12:14:06.79",
          "modifiedBy": null,
          "lastModified": null,
          "priority": 1,
          "status": 0
        },
        {
          "id": 17,
          "specificulture": null,
          "attributeSetId": 6,
          "attributeSetName": "sys_additional_field",
          "referenceId": null,
          "regex": null,
          "isRegex": false,
          "title": "Title",
          "dataType": 7,
          "defaultValue": null,
          "strOptions": null,
          "options": null,
          "name": "title",
          "isRequire": false,
          "isEncrypt": false,
          "isSelect": false,
          "isUnique": false,
          "isMultiple": false,
          "createdBy": null,
          "createdDateTime": "2020-06-04T12:14:06.79",
          "modifiedBy": null,
          "lastModified": null,
          "priority": 1,
          "status": 0
        },
        {
          "id": 18,
          "specificulture": null,
          "attributeSetId": 6,
          "attributeSetName": "sys_additional_field",
          "referenceId": null,
          "regex": null,
          "isRegex": false,
          "title": "Excerpt",
          "dataType": 9,
          "defaultValue": null,
          "strOptions": null,
          "options": null,
          "name": "excerpt",
          "isRequire": false,
          "isEncrypt": false,
          "isSelect": false,
          "isUnique": false,
          "isMultiple": false,
          "createdBy": null,
          "createdDateTime": "2020-06-04T12:14:06.79",
          "modifiedBy": null,
          "lastModified": null,
          "priority": 2,
          "status": 0
        },
        {
          "id": 2,
          "specificulture": null,
          "attributeSetId": 6,
          "attributeSetName": "sys_additional_field",
          "referenceId": null,
          "regex": null,
          "isRegex": false,
          "title": "Uri",
          "dataType": 7,
          "defaultValue": null,
          "strOptions": null,
          "options": null,
          "name": "uri",
          "isRequire": false,
          "isEncrypt": false,
          "isSelect": false,
          "isUnique": false,
          "isMultiple": false,
          "createdBy": null,
          "createdDateTime": "2020-06-04T12:14:02.863",
          "modifiedBy": null,
          "lastModified": null,
          "priority": 3,
          "status": 0
        }
      ],
      "isExportData": false
    },
    {
      "id": 7,
      "ReferenceId": null,
      "type": 0,
      "title": "Category",
      "name": "sys_category",
      "description": null,
      "formTemplate": null,
      "edmTemplate": null,
      "edmSubject": null,
      "edmFrom": null,
      "edmAutoSend": null,
      "createdBy": null,
      "createdDateTime": "2020-06-04T12:14:08.813",
      "modifiedBy": null,
      "lastModified": null,
      "priority": 2,
      "status": 2,
      "fields": [
        {
          "id": 24,
          "specificulture": null,
          "attributeSetId": 7,
          "attributeSetName": "sys_category",
          "referenceId": null,
          "regex": null,
          "isRegex": false,
          "title": "Title",
          "dataType": 7,
          "defaultValue": null,
          "strOptions": "[]",
          "options": [],
          "name": "title",
          "isRequire": true,
          "isEncrypt": false,
          "isSelect": false,
          "isUnique": true,
          "isMultiple": false,
          "createdBy": null,
          "createdDateTime": "2020-06-04T12:14:08.813",
          "modifiedBy": null,
          "lastModified": null,
          "priority": 1,
          "status": 2
        },
        {
          "id": 25,
          "specificulture": null,
          "attributeSetId": 7,
          "attributeSetName": "sys_category",
          "referenceId": null,
          "regex": null,
          "isRegex": false,
          "title": "Slug",
          "dataType": 7,
          "defaultValue": null,
          "strOptions": "[]",
          "options": [],
          "name": "slug",
          "isRequire": true,
          "isEncrypt": false,
          "isSelect": false,
          "isUnique": true,
          "isMultiple": false,
          "createdBy": null,
          "createdDateTime": "2020-06-04T12:14:08.813",
          "modifiedBy": null,
          "lastModified": null,
          "priority": 2,
          "status": 2
        },
        {
          "id": 26,
          "specificulture": null,
          "attributeSetId": 7,
          "attributeSetName": "sys_category",
          "referenceId": null,
          "regex": null,
          "isRegex": false,
          "title": "Type",
          "dataType": 7,
          "defaultValue": "Post",
          "strOptions": "[\r\n  {\r\n    \"value\": \"Post\",\r\n    \"dataType\": 7\r\n  },\r\n  {\r\n    \"value\": \"Page\",\r\n    \"dataType\": 7\r\n  },\r\n  {\r\n    \"value\": \"Module\",\r\n    \"dataType\": 7\r\n  }\r\n]",
          "options": [
            {
              "value": "Post",
              "dataType": 7
            },
            {
              "value": "Page",
              "dataType": 7
            },
            {
              "value": "Module",
              "dataType": 7
            }
          ],
          "name": "type",
          "isRequire": false,
          "isEncrypt": false,
          "isSelect": true,
          "isUnique": false,
          "isMultiple": false,
          "createdBy": null,
          "createdDateTime": "2020-06-04T12:14:08.813",
          "modifiedBy": null,
          "lastModified": null,
          "priority": 3,
          "status": 2
        },
        {
          "id": 27,
          "specificulture": null,
          "attributeSetId": 7,
          "attributeSetName": "sys_category",
          "referenceId": null,
          "regex": null,
          "isRegex": false,
          "title": "Icon",
          "dataType": 19,
          "defaultValue": null,
          "strOptions": "[]",
          "options": [],
          "name": "icon",
          "isRequire": false,
          "isEncrypt": false,
          "isSelect": false,
          "isUnique": false,
          "isMultiple": false,
          "createdBy": null,
          "createdDateTime": "2020-06-04T12:14:08.813",
          "modifiedBy": null,
          "lastModified": null,
          "priority": 4,
          "status": 2
        },
        {
          "id": 28,
          "specificulture": null,
          "attributeSetId": 7,
          "attributeSetName": "sys_category",
          "referenceId": null,
          "regex": null,
          "isRegex": false,
          "title": "Description",
          "dataType": 9,
          "defaultValue": null,
          "strOptions": "[]",
          "options": [],
          "name": "description",
          "isRequire": false,
          "isEncrypt": false,
          "isSelect": false,
          "isUnique": false,
          "isMultiple": false,
          "createdBy": null,
          "createdDateTime": "2020-06-04T12:14:08.813",
          "modifiedBy": null,
          "lastModified": null,
          "priority": 5,
          "status": 2
        }
      ],
      "isExportData": false
    },
    {
      "id": 8,
      "ReferenceId": null,
      "type": 0,
      "title": "Tag",
      "name": "sys_tag",
      "description": null,
      "formTemplate": "Forms/_Blank.cshtml",
      "edmTemplate": "Edms/_Blank.cshtml",
      "edmSubject": null,
      "edmFrom": null,
      "edmAutoSend": null,
      "createdBy": null,
      "createdDateTime": "2020-06-04T12:14:09.997",
      "modifiedBy": null,
      "lastModified": null,
      "priority": 3,
      "status": 2,
      "fields": [
        {
          "id": 29,
          "specificulture": null,
          "attributeSetId": 8,
          "attributeSetName": "sys_tag",
          "referenceId": null,
          "regex": null,
          "isRegex": false,
          "title": "Title",
          "dataType": 7,
          "defaultValue": null,
          "strOptions": "[]",
          "options": [],
          "name": "title",
          "isRequire": true,
          "isEncrypt": false,
          "isSelect": false,
          "isUnique": true,
          "isMultiple": false,
          "createdBy": null,
          "createdDateTime": "2020-06-04T12:14:09.997",
          "modifiedBy": null,
          "lastModified": null,
          "priority": 1,
          "status": 2
        },
        {
          "id": 30,
          "specificulture": null,
          "attributeSetId": 8,
          "attributeSetName": "sys_tag",
          "referenceId": null,
          "regex": null,
          "isRegex": false,
          "title": "Slug",
          "dataType": 7,
          "defaultValue": null,
          "strOptions": "[]",
          "options": [],
          "name": "slug",
          "isRequire": true,
          "isEncrypt": false,
          "isSelect": false,
          "isUnique": true,
          "isMultiple": false,
          "createdBy": null,
          "createdDateTime": "2020-06-04T12:14:09.997",
          "modifiedBy": null,
          "lastModified": null,
          "priority": 2,
          "status": 2
        },
        {
          "id": 31,
          "specificulture": null,
          "attributeSetId": 8,
          "attributeSetName": "sys_tag",
          "referenceId": null,
          "regex": null,
          "isRegex": false,
          "title": "Type",
          "dataType": 7,
          "defaultValue": "Post",
          "strOptions": "[]",
          "options": [],
          "name": "type",
          "isRequire": false,
          "isEncrypt": false,
          "isSelect": false,
          "isUnique": false,
          "isMultiple": false,
          "createdBy": null,
          "createdDateTime": "2020-06-04T12:14:09.997",
          "modifiedBy": null,
          "lastModified": null,
          "priority": 3,
          "status": 2
        }
      ],
      "isExportData": false
    }
  ],
  "configurations": null,
  "relatedData": [],
  "attributeSetDatas": [],
  "specificulture": "en-us",
  "themeName": "default"
}
