{
  "CreatedBy": null,
  "Specificulture": null,
  "ThemeName": null,
  "Posts": [],
  "Pages": [
    {
      "MixPageContents": null,
      "DisplayName": "aaaa",
      "Description": null,
      "MixTenantId": 1,
      "MixTenant": null,
      "Id": 2,
      "CreatedDateTime": "2021-11-23T10:22:25.7432882",
      "LastModified": null,
      "CreatedBy": null,
      "ModifiedBy": null,
      "Priority": 0,
      "Status": 2
    }
  ],
  "Modules": [],
  "MixDatabases": [],
  "Templates": [],
  "Configurations": [],
  "Languages": [],
  "MixDatabaseColumns": [],
  "PostContents": [],
  "PageContents": [
    {
      "ClassName": null,
      "PageSize": null,
      "Type": 0,
      "MixPage": null,
      "MixPostContents": null,
      "MixModuleContents": null,
      "MixDatabaseName": null,
      "MixDataContentId": null,
      "MixDataContent": null,
      "Title": "aaaa",
      "Excerpt": null,
      "Content": null,
      "Layout": null,
      "Template": null,
      "Image": null,
      "Source": null,
      "SeoDescription": null,
      "SeoKeywords": "aaaa",
      "SeoName": "aaaa",
      "SeoTitle": "aaaa",
      "PublishedDateTime": null,
      "Specificulture": "en-us",
      "ParentId": 2,
      "MixCultureId": 1,
      "MixCulture": null,
      "Id": 2,
      "CreatedDateTime": "2021-11-23T10:22:25.728698",
      "LastModified": null,
      "CreatedBy": null,
      "ModifiedBy": null,
      "Priority": 0,
      "Status": 2
    }
  ],
  "ModuleContents": [],
  "ConfigurationContents": [],
  "LanguageContents": [],
  "Datas": [],
  "DataContents": [],
  "DataContentValues": [],
  "DataContentAssociations": [],
  "ModuleDatas": [],
  "PagePosts": [],
  "PageModules": [],
  "ModulePosts": [],
  "MixUrlAliases": []
}
