{"createdBy":null,"specificulture":null,"themeName":null,"posts":[{"mixPostContents":null,"displayName":"asdas","description":null,"mixTenantId":1,"mixTenant":null,"id":1,"createdDateTime":"2021-11-28T07:14:37.4107389","lastModified":null,"createdBy":null,"modifiedBy":null,"priority":0,"status":"Published"},{"mixPostContents":null,"displayName":"post 2","description":null,"mixTenantId":1,"mixTenant":null,"id":2,"createdDateTime":"2021-11-28T07:15:06.9124685","lastModified":null,"createdBy":null,"modifiedBy":null,"priority":0,"status":"Published"}],"pages":[],"modules":[],"mixDatabases":[],"templates":[],"configurations":[],"languages":[],"mixDatabaseColumns":[],"postContents":[{"className":null,"mixPost":null,"mixPages":null,"mixPostContents":null,"mixDatabaseName":null,"mixDataContentId":null,"mixDataContent":null,"title":"asdas","excerpt":null,"content":null,"layout":null,"template":null,"image":null,"source":null,"seoDescription":null,"seoKeywords":null,"seoName":null,"seoTitle":null,"publishedDateTime":null,"specificulture":"en-us","parentId":1,"mixCultureId":1,"mixCulture":null,"id":1,"createdDateTime":"2021-11-28T07:14:37.4043756","lastModified":null,"createdBy":"admin","modifiedBy":null,"priority":0,"status":"Published"},{"className":null,"mixPost":null,"mixPages":null,"mixPostContents":null,"mixDatabaseName":null,"mixDataContentId":null,"mixDataContent":null,"title":"post 2","excerpt":null,"content":null,"layout":null,"template":null,"image":null,"source":null,"seoDescription":null,"seoKeywords":null,"seoName":null,"seoTitle":null,"publishedDateTime":null,"specificulture":"en-us","parentId":2,"mixCultureId":1,"mixCulture":null,"id":2,"createdDateTime":"2021-11-28T07:15:06.9122405","lastModified":null,"createdBy":"admin","modifiedBy":null,"priority":0,"status":"Published"}],"pageContents":[],"moduleContents":[],"configurationContents":[],"languageContents":[],"datas":[],"dataContents":[],"dataContentValues":[],"dataContentAssociations":[],"moduleDatas":[],"pagePosts":[],"pageModules":[],"modulePosts":[],"mixUrlAliases":[]}
