{
  "pages": [
    {
      "id": 1,
      "template": "Pages/_Modules_OnePage.cshtml",
      "thumbnail": null,
      "image": "assets/img/bgs/celebrate.jpg",
      "icon": null,
      "cssClass": null,
      "layout": "Masters/Layout_OnePage",
      "title": "Home Page",
      "excerpt": "mixcore is a free, open source, community-focused Content Management System (CMS) built on the ASP.NET Core | Dotnet Core platform software you can use to create a beautiful website, blog, forum, or app.",
      "content": "",
      "seoName": "home",
      "seoTitle": "home",
      "seoDescription": "home",
      "seoKeywords": "home",
      "source": null,
      "views": null,
      "type": 3,
      "status": 2,
      "createdDateTime": "2019-06-30T08:48:24.567",
      "updatedDateTime": null,
      "createdBy": "admin",
      "tags": null,
      "staticUrl": null,
      "level": 0,
      "lastModified": "2019-07-08T17:24:42.963",
      "modifiedBy": null,
      "pageSize": null,
      "moduleNavs": [
        {
          "moduleId": 2,
          "categoryId": 1,
          "isActived": true,
          "image": "assets/img/bgs/init.jpg",
          "description": "Mixcore Cms",
          "module": {
            "id": 2,
            "name": "header",
            "image": "assets/img/bgs/init.jpg",
            "thumbnail": null,
            "template": "Modules/Header.cshtml",
            "formTemplate": "Forms/_Subscribe.cshtml",
            "edmTemplate": "Edms/_Default.cshtml",
            "title": "Mixcore Cms",
            "description": "mixcore is a free, open source, community-focused Content Management System (CMS) built on the ASP.NET Core | Dotnet Core platform software you can use to create a beautiful website, blog, forum, or app.<p style=\"text-align: center; \"><span style=\"font-size: large;\"></span></p><p style=\"text-align: center;\"><span style=\"background-color: var(--bg-color); color: var(--text-color); font-size: 1rem;\"></span></p>",
            "fields": "[]",
            "type": 0,
            "status": 2,
            "pageSize": null,
            "lastModified": "2019-07-08T10:23:03.507",
            "createdDateTime": "2019-07-08T10:23:03.507",
            "createdBy": null,
            "modifiedBy": null,
            "data": {
              "items": [],
              "jsonItems": [],
              "pageIndex": 0,
              "page": 1,
              "pageSize": 0,
              "totalItems": 0,
              "totalPage": 1
            },
            "articleId": null,
            "categoryId": 0,
            "isClone": false,
            "cultures": null,
            "priority": 11,
            "specificulture": "en-us"
          },
          "isClone": false,
          "cultures": null,
          "priority": 4,
          "specificulture": "en-us"
        },
        {
          "moduleId": 3,
          "categoryId": 1,
          "isActived": true,
          "image": null,
          "description": "Get In Touch",
          "module": {
            "id": 3,
            "name": "get_in_touch",
            "image": null,
            "thumbnail": null,
            "template": "Modules/Get_In_Touch.cshtml",
            "formTemplate": "Forms/ContactUs.cshtml",
            "edmTemplate": "Edms/_Default.cshtml",
            "title": "Get In Touch",
            "description": null,
            "fields": "[{\"name\":\"full_name\",\"title\":\"Full Name\",\"defaultValue\":null,\"options\":[],\"priority\":0,\"dataType\":7,\"isUnique\":false,\"isRequired\":false,\"isDisplay\":true,\"isSelect\":false,\"isGroupBy\":false,\"width\":3},{\"name\":\"email\",\"title\":\"Email\",\"defaultValue\":null,\"options\":[],\"priority\":0,\"dataType\":10,\"isUnique\":false,\"isRequired\":false,\"isDisplay\":false,\"isSelect\":false,\"isGroupBy\":false,\"width\":3},{\"name\":\"phone\",\"title\":\"Phone\",\"defaultValue\":null,\"options\":[],\"priority\":0,\"dataType\":10,\"isUnique\":false,\"isRequired\":true,\"isDisplay\":true,\"isSelect\":false,\"isGroupBy\":false,\"width\":3},{\"name\":\"address\",\"title\":\"Address\",\"defaultValue\":null,\"options\":[],\"priority\":0,\"dataType\":7,\"isUnique\":false,\"isRequired\":false,\"isDisplay\":false,\"isSelect\":false,\"isGroupBy\":false,\"width\":3},{\"name\":\"message\",\"title\":\"Message\",\"defaultValue\":null,\"options\":[],\"priority\":0,\"dataType\":9,\"isUnique\":false,\"isRequired\":true,\"isDisplay\":true,\"isSelect\":false,\"isGroupBy\":false,\"width\":3}]",
            "type": 1,
            "status": 2,
            "pageSize": null,
            "lastModified": "2019-07-08T10:23:03.56",
            "createdDateTime": "2019-07-08T10:23:03.56",
            "createdBy": null,
            "modifiedBy": null,
            "data": {
              "items": [],
              "jsonItems": [],
              "pageIndex": 0,
              "page": 1,
              "pageSize": 0,
              "totalItems": 0,
              "totalPage": 1
            },
            "articleId": null,
            "categoryId": 0,
            "isClone": false,
            "cultures": null,
            "priority": 13,
            "specificulture": "en-us"
          },
          "isClone": false,
          "cultures": null,
          "priority": 6,
          "specificulture": "en-us"
        },
        {
          "moduleId": 5,
          "categoryId": 1,
          "isActived": true,
          "image": null,
          "description": "Services",
          "module": {
            "id": 5,
            "name": "services",
            "image": null,
            "thumbnail": null,
            "template": "Modules/Services.cshtml",
            "formTemplate": "Forms/_Subscribe.cshtml",
            "edmTemplate": "Edms/_Default.cshtml",
            "title": "Services",
            "description": "This is the paragraph where you can write more details about your team. Keep you user engaged by providing meaningful information",
            "fields": "[{\"name\":\"title\",\"title\":\"Title\",\"defaultValue\":null,\"options\":[],\"priority\":0,\"dataType\":7,\"isUnique\":false,\"isRequired\":true,\"isDisplay\":true,\"isSelect\":false,\"isGroupBy\":false,\"width\":3},{\"name\":\"category\",\"title\":\"Category\",\"defaultValue\":null,\"options\":[],\"priority\":0,\"dataType\":7,\"isUnique\":false,\"isRequired\":false,\"isDisplay\":false,\"isSelect\":false,\"isGroupBy\":false,\"width\":3},{\"name\":\"description\",\"title\":\"Description\",\"defaultValue\":null,\"options\":[],\"priority\":0,\"dataType\":9,\"isUnique\":false,\"isRequired\":false,\"isDisplay\":false,\"isSelect\":false,\"isGroupBy\":false,\"width\":3},{\"name\":\"url\",\"title\":\"Url\",\"defaultValue\":null,\"options\":[],\"priority\":0,\"dataType\":7,\"isUnique\":false,\"isRequired\":false,\"isDisplay\":true,\"isSelect\":false,\"isGroupBy\":false,\"width\":3},{\"name\":\"image\",\"title\":\"Image\",\"defaultValue\":null,\"options\":[],\"priority\":0,\"dataType\":16,\"isUnique\":false,\"isRequired\":false,\"isDisplay\":true,\"isSelect\":false,\"isGroupBy\":false,\"width\":3}]",
            "type": 1,
            "status": 2,
            "pageSize": null,
            "lastModified": "2019-07-08T10:23:03.663",
            "createdDateTime": "2019-07-08T10:23:03.663",
            "createdBy": null,
            "modifiedBy": null,
            "data": {
              "items": [
                {
                  "id": "1d5c596d-bf4b-47c2-9e2d-cea4a0350347",
                  "moduleId": 5,
                  "articleId": null,
                  "productId": null,
                  "categoryId": null,
                  "createdDateTime": "2019-07-08T15:26:57.32",
                  "updatedDateTime": null,
                  "dataProperties": [
                    {
                      "name": "title",
                      "title": "Title",
                      "isUnique": false,
                      "isRequired": true,
                      "dataType": 7,
                      "value": null,
                      "isDisplay": true,
                      "isSelect": false,
                      "isGroupBy": false,
                      "options": []
                    },
                    {
                      "name": "category",
                      "title": "Category",
                      "isUnique": false,
                      "isRequired": false,
                      "dataType": 7,
                      "value": null,
                      "isDisplay": false,
                      "isSelect": false,
                      "isGroupBy": false,
                      "options": []
                    },
                    {
                      "name": "description",
                      "title": "Description",
                      "isUnique": false,
                      "isRequired": false,
                      "dataType": 9,
                      "value": null,
                      "isDisplay": false,
                      "isSelect": false,
                      "isGroupBy": false,
                      "options": []
                    },
                    {
                      "name": "url",
                      "title": "Url",
                      "isUnique": false,
                      "isRequired": false,
                      "dataType": 7,
                      "value": null,
                      "isDisplay": true,
                      "isSelect": false,
                      "isGroupBy": false,
                      "options": []
                    },
                    {
                      "name": "image",
                      "title": "Image",
                      "isUnique": false,
                      "isRequired": false,
                      "dataType": 16,
                      "value": null,
                      "isDisplay": true,
                      "isSelect": false,
                      "isGroupBy": false,
                      "options": []
                    }
                  ],
                  "jItem": {
                    "title": {
                      "dataType": 7,
                      "value": "Chăm Sóc Da với Dermalogica"
                    },
                    "category": {
                      "dataType": 7,
                      "value": null
                    },
                    "description": {
                      "dataType": 9,
                      "value": null
                    },
                    "url": {
                      "dataType": 7,
                      "value": null
                    },
                    "image": {
                      "dataType": 16,
                      "value": "https://vietlandtravel.asia/content/templates/mavee-spa/uploads/2019-07/594261902252203588336973998556630482157568n224763210aee4b699c223e413bd7ef8a.jpg"
                    }
                  },
                  "isClone": false,
                  "cultures": null,
                  "priority": 0,
                  "specificulture": "en-us"
                },
                {
                  "id": "5a7e103c-8da8-4130-ac1f-3afde5fbe66e",
                  "moduleId": 5,
                  "articleId": null,
                  "productId": null,
                  "categoryId": null,
                  "createdDateTime": "2019-07-08T15:26:35.413",
                  "updatedDateTime": null,
                  "dataProperties": [
                    {
                      "name": "title",
                      "title": "Title",
                      "isUnique": false,
                      "isRequired": true,
                      "dataType": 7,
                      "value": null,
                      "isDisplay": true,
                      "isSelect": false,
                      "isGroupBy": false,
                      "options": []
                    },
                    {
                      "name": "category",
                      "title": "Category",
                      "isUnique": false,
                      "isRequired": false,
                      "dataType": 7,
                      "value": null,
                      "isDisplay": false,
                      "isSelect": false,
                      "isGroupBy": false,
                      "options": []
                    },
                    {
                      "name": "description",
                      "title": "Description",
                      "isUnique": false,
                      "isRequired": false,
                      "dataType": 9,
                      "value": null,
                      "isDisplay": false,
                      "isSelect": false,
                      "isGroupBy": false,
                      "options": []
                    },
                    {
                      "name": "url",
                      "title": "Url",
                      "isUnique": false,
                      "isRequired": false,
                      "dataType": 7,
                      "value": null,
                      "isDisplay": true,
                      "isSelect": false,
                      "isGroupBy": false,
                      "options": []
                    },
                    {
                      "name": "image",
                      "title": "Image",
                      "isUnique": false,
                      "isRequired": false,
                      "dataType": 16,
                      "value": null,
                      "isDisplay": true,
                      "isSelect": false,
                      "isGroupBy": false,
                      "options": []
                    }
                  ],
                  "jItem": {
                    "title": {
                      "dataType": 7,
                      "value": "Thư Giãn & Ngâm Bồn"
                    },
                    "category": {
                      "dataType": 7,
                      "value": null
                    },
                    "description": {
                      "dataType": 9,
                      "value": null
                    },
                    "url": {
                      "dataType": 7,
                      "value": null
                    },
                    "image": {
                      "dataType": 16,
                      "value": "content/templates/mix-core/uploads/2019-07/mdskincarepromosocialbb0c42194b0d4f25a873a7e4736f6e30.jpg"
                    }
                  },
                  "isClone": false,
                  "cultures": null,
                  "priority": 0,
                  "specificulture": "en-us"
                }
              ],
              "jsonItems": [
                {
                  "title": {
                    "dataType": 7,
                    "value": "Chăm Sóc Da với Dermalogica"
                  },
                  "category": {
                    "dataType": 7,
                    "value": null
                  },
                  "description": {
                    "dataType": 9,
                    "value": null
                  },
                  "url": {
                    "dataType": 7,
                    "value": null
                  },
                  "image": {
                    "dataType": 16,
                    "value": "https://vietlandtravel.asia/content/templates/mavee-spa/uploads/2019-07/594261902252203588336973998556630482157568n224763210aee4b699c223e413bd7ef8a.jpg"
                  }
                },
                {
                  "title": {
                    "dataType": 7,
                    "value": "Thư Giãn & Ngâm Bồn"
                  },
                  "category": {
                    "dataType": 7,
                    "value": null
                  },
                  "description": {
                    "dataType": 9,
                    "value": null
                  },
                  "url": {
                    "dataType": 7,
                    "value": null
                  },
                  "image": {
                    "dataType": 16,
                    "value": "content/templates/mix-core/uploads/2019-07/mdskincarepromosocialbb0c42194b0d4f25a873a7e4736f6e30.jpg"
                  }
                }
              ],
              "pageIndex": 0,
              "page": 1,
              "pageSize": 2,
              "totalItems": 2,
              "totalPage": 1
            },
            "articleId": null,
            "categoryId": 0,
            "isClone": false,
            "cultures": null,
            "priority": 17,
            "specificulture": "en-us"
          },
          "isClone": false,
          "cultures": null,
          "priority": 5,
          "specificulture": "en-us"
        }
      ],
      "urlAliases": [
        {
          "id": 1,
          "sourceId": "1",
          "type": 0,
          "description": null,
          "status": 2,
          "alias": "home",
          "createdDateTime": "2019-07-08T10:22:01.72",
          "isClone": false,
          "cultures": [
            {
              "id": 1,
              "specificulture": "en-us",
              "lcid": null,
              "alias": null,
              "fullName": "United States - English (Default)",
              "description": "United States - English (Default)",
              "icon": "flag-icon-us",
              "isSupported": true
            }
          ],
          "priority": 0,
          "specificulture": "en-us"
        }
      ],
      "isClone": false,
      "cultures": [
        {
          "id": 1,
          "specificulture": "en-us",
          "lcid": null,
          "alias": null,
          "fullName": "United States - English (Default)",
          "description": "United States - English (Default)",
          "icon": "flag-icon-us",
          "isSupported": true
        }
      ],
      "priority": 0,
      "specificulture": "en-us"
    },
    {
      "id": 2,
      "template": "Pages/_Tag.cshtml",
      "thumbnail": null,
      "image": "assets/img/bgs/tag.jpg",
      "icon": null,
      "cssClass": null,
      "layout": "Masters/_Layout",
      "title": "Tag",
      "excerpt": null,
      "content": null,
      "seoName": "tag",
      "seoTitle": "tag",
      "seoDescription": "tag",
      "seoKeywords": "tag",
      "source": null,
      "views": null,
      "type": 8,
      "status": 2,
      "createdDateTime": "2019-06-30T08:48:24.653",
      "updatedDateTime": null,
      "createdBy": "admin",
      "tags": null,
      "staticUrl": null,
      "level": 0,
      "lastModified": "2019-07-01T04:00:22.487",
      "modifiedBy": null,
      "pageSize": null,
      "moduleNavs": [],
      "urlAliases": [
        {
          "id": 2,
          "sourceId": "2",
          "type": 0,
          "description": null,
          "status": 2,
          "alias": "tag",
          "createdDateTime": "2019-07-08T10:22:01.72",
          "isClone": false,
          "cultures": [
            {
              "id": 1,
              "specificulture": "en-us",
              "lcid": null,
              "alias": null,
              "fullName": "United States - English (Default)",
              "description": "United States - English (Default)",
              "icon": "flag-icon-us",
              "isSupported": true
            }
          ],
          "priority": 0,
          "specificulture": "en-us"
        }
      ],
      "isClone": false,
      "cultures": [
        {
          "id": 1,
          "specificulture": "en-us",
          "lcid": null,
          "alias": null,
          "fullName": "United States - English (Default)",
          "description": "United States - English (Default)",
          "icon": "flag-icon-us",
          "isSupported": true
        }
      ],
      "priority": 0,
      "specificulture": "en-us"
    },
    {
      "id": 3,
      "template": "Pages/_Search.cshtml",
      "thumbnail": null,
      "image": "assets/img/bgs/search.jpg",
      "icon": null,
      "cssClass": null,
      "layout": "Masters/_Layout",
      "title": "Search Results",
      "excerpt": null,
      "content": null,
      "seoName": "search",
      "seoTitle": "search",
      "seoDescription": "search",
      "seoKeywords": "search",
      "source": null,
      "views": null,
      "type": 8,
      "status": 2,
      "createdDateTime": "2019-06-30T08:48:24.663",
      "updatedDateTime": null,
      "createdBy": "admin",
      "tags": null,
      "staticUrl": null,
      "level": 0,
      "lastModified": "2019-07-08T10:34:33.33",
      "modifiedBy": null,
      "pageSize": null,
      "moduleNavs": [],
      "urlAliases": [
        {
          "id": 3,
          "sourceId": "3",
          "type": 0,
          "description": null,
          "status": 2,
          "alias": "search",
          "createdDateTime": "2019-07-08T10:22:01.72",
          "isClone": false,
          "cultures": [
            {
              "id": 1,
              "specificulture": "en-us",
              "lcid": null,
              "alias": null,
              "fullName": "United States - English (Default)",
              "description": "United States - English (Default)",
              "icon": "flag-icon-us",
              "isSupported": true
            }
          ],
          "priority": 0,
          "specificulture": "en-us"
        }
      ],
      "isClone": false,
      "cultures": [
        {
          "id": 1,
          "specificulture": "en-us",
          "lcid": null,
          "alias": null,
          "fullName": "United States - English (Default)",
          "description": "United States - English (Default)",
          "icon": "flag-icon-us",
          "isSupported": true
        }
      ],
      "priority": 0,
      "specificulture": "en-us"
    },
    {
      "id": 4,
      "template": "Pages/_404.cshtml",
      "thumbnail": null,
      "image": "/assets/img/bgs/404.jpg",
      "icon": null,
      "cssClass": null,
      "layout": "Masters/_Blank",
      "title": "404",
      "excerpt": null,
      "content": null,
      "seoName": "404",
      "seoTitle": "404",
      "seoDescription": "404",
      "seoKeywords": "404",
      "source": null,
      "views": null,
      "type": 1,
      "status": 2,
      "createdDateTime": "2019-06-30T08:48:24.667",
      "updatedDateTime": null,
      "createdBy": "SuperAdmin",
      "tags": null,
      "staticUrl": null,
      "level": 0,
      "lastModified": null,
      "modifiedBy": null,
      "pageSize": null,
      "moduleNavs": [],
      "urlAliases": [
        {
          "id": 4,
          "sourceId": "4",
          "type": 0,
          "description": null,
          "status": 2,
          "alias": "404",
          "createdDateTime": "2019-07-08T10:22:01.723",
          "isClone": false,
          "cultures": [
            {
              "id": 1,
              "specificulture": "en-us",
              "lcid": null,
              "alias": null,
              "fullName": "United States - English (Default)",
              "description": "United States - English (Default)",
              "icon": "flag-icon-us",
              "isSupported": true
            }
          ],
          "priority": 0,
          "specificulture": "en-us"
        }
      ],
      "isClone": false,
      "cultures": [
        {
          "id": 1,
          "specificulture": "en-us",
          "lcid": null,
          "alias": null,
          "fullName": "United States - English (Default)",
          "description": "United States - English (Default)",
          "icon": "flag-icon-us",
          "isSupported": true
        }
      ],
      "priority": 0,
      "specificulture": "en-us"
    },
    {
      "id": 5,
      "template": "Pages/_403.cshtml",
      "thumbnail": null,
      "image": "/assets/img/bgs/403.png",
      "icon": null,
      "cssClass": null,
      "layout": "Masters/_Blank",
      "title": "403",
      "excerpt": null,
      "content": null,
      "seoName": "403",
      "seoTitle": "403",
      "seoDescription": "403",
      "seoKeywords": "403",
      "source": null,
      "views": null,
      "type": 1,
      "status": 2,
      "createdDateTime": "2019-06-30T08:48:24.673",
      "updatedDateTime": null,
      "createdBy": "SuperAdmin",
      "tags": null,
      "staticUrl": null,
      "level": 0,
      "lastModified": null,
      "modifiedBy": null,
      "pageSize": null,
      "moduleNavs": [],
      "urlAliases": [
        {
          "id": 5,
          "sourceId": "5",
          "type": 0,
          "description": null,
          "status": 2,
          "alias": "403",
          "createdDateTime": "2019-07-08T10:22:01.723",
          "isClone": false,
          "cultures": [
            {
              "id": 1,
              "specificulture": "en-us",
              "lcid": null,
              "alias": null,
              "fullName": "United States - English (Default)",
              "description": "United States - English (Default)",
              "icon": "flag-icon-us",
              "isSupported": true
            }
          ],
          "priority": 0,
          "specificulture": "en-us"
        }
      ],
      "isClone": false,
      "cultures": [
        {
          "id": 1,
          "specificulture": "en-us",
          "lcid": null,
          "alias": null,
          "fullName": "United States - English (Default)",
          "description": "United States - English (Default)",
          "icon": "flag-icon-us",
          "isSupported": true
        }
      ],
      "priority": 0,
      "specificulture": "en-us"
    },
    {
      "id": 6,
      "template": "Pages/_403.cshtml",
      "thumbnail": null,
      "image": "/assets/img/bgs/500.png",
      "icon": null,
      "cssClass": null,
      "layout": "Masters/_Blank",
      "title": "500",
      "excerpt": null,
      "content": null,
      "seoName": "500",
      "seoTitle": "500",
      "seoDescription": "500",
      "seoKeywords": "500",
      "source": null,
      "views": null,
      "type": 1,
      "status": 2,
      "createdDateTime": "2019-06-30T08:48:24.677",
      "updatedDateTime": null,
      "createdBy": "SuperAdmin",
      "tags": null,
      "staticUrl": null,
      "level": 0,
      "lastModified": null,
      "modifiedBy": null,
      "pageSize": null,
      "moduleNavs": [],
      "urlAliases": [
        {
          "id": 6,
          "sourceId": "6",
          "type": 0,
          "description": null,
          "status": 2,
          "alias": "500",
          "createdDateTime": "2019-07-08T10:22:01.723",
          "isClone": false,
          "cultures": [
            {
              "id": 1,
              "specificulture": "en-us",
              "lcid": null,
              "alias": null,
              "fullName": "United States - English (Default)",
              "description": "United States - English (Default)",
              "icon": "flag-icon-us",
              "isSupported": true
            }
          ],
          "priority": 0,
          "specificulture": "en-us"
        }
      ],
      "isClone": false,
      "cultures": [
        {
          "id": 1,
          "specificulture": "en-us",
          "lcid": null,
          "alias": null,
          "fullName": "United States - English (Default)",
          "description": "United States - English (Default)",
          "icon": "flag-icon-us",
          "isSupported": true
        }
      ],
      "priority": 0,
      "specificulture": "en-us"
    },
    {
      "id": 7,
      "template": "Pages/_Maintenance.cshtml",
      "thumbnail": null,
      "image": "/assets/img/bgs/Maintenance.jpg",
      "icon": null,
      "cssClass": null,
      "layout": "Masters/_Blank",
      "title": "Maintenance",
      "excerpt": null,
      "content": null,
      "seoName": "maintenance",
      "seoTitle": "maintenance",
      "seoDescription": "maintenance",
      "seoKeywords": "maintenance",
      "source": null,
      "views": null,
      "type": 1,
      "status": 2,
      "createdDateTime": "2019-06-30T08:48:24.68",
      "updatedDateTime": null,
      "createdBy": "SuperAdmin",
      "tags": null,
      "staticUrl": null,
      "level": 0,
      "lastModified": null,
      "modifiedBy": null,
      "pageSize": null,
      "moduleNavs": [],
      "urlAliases": [
        {
          "id": 7,
          "sourceId": "7",
          "type": 0,
          "description": null,
          "status": 2,
          "alias": "maintenance",
          "createdDateTime": "2019-07-08T10:22:01.723",
          "isClone": false,
          "cultures": [
            {
              "id": 1,
              "specificulture": "en-us",
              "lcid": null,
              "alias": null,
              "fullName": "United States - English (Default)",
              "description": "United States - English (Default)",
              "icon": "flag-icon-us",
              "isSupported": true
            }
          ],
          "priority": 0,
          "specificulture": "en-us"
        }
      ],
      "isClone": false,
      "cultures": [
        {
          "id": 1,
          "specificulture": "en-us",
          "lcid": null,
          "alias": null,
          "fullName": "United States - English (Default)",
          "description": "United States - English (Default)",
          "icon": "flag-icon-us",
          "isSupported": true
        }
      ],
      "priority": 0,
      "specificulture": "en-us"
    }
  ],
  "modules": [
    {
      "id": 1,
      "name": "testimonials",
      "image": null,
      "thumbnail": null,
      "template": "Modules/Testimonials-3.cshtml",
      "formTemplate": "Forms/_Subscribe.cshtml",
      "edmTemplate": "Edms/_Default.cshtml",
      "title": "Testimonials",
      "description": null,
      "fields": "[{\"name\":\"image\",\"title\":\"Image\",\"defaultValue\":null,\"options\":[],\"priority\":0,\"dataType\":16,\"isUnique\":false,\"isRequired\":true,\"isDisplay\":true,\"isSelect\":false,\"isGroupBy\":false,\"width\":3},{\"name\":\"name\",\"title\":\"Name\",\"defaultValue\":null,\"options\":[],\"priority\":0,\"dataType\":7,\"isUnique\":false,\"isRequired\":false,\"isDisplay\":true,\"isSelect\":false,\"isGroupBy\":false,\"width\":3},{\"name\":\"title\",\"title\":\"Title\",\"defaultValue\":null,\"options\":[],\"priority\":0,\"dataType\":7,\"isUnique\":false,\"isRequired\":false,\"isDisplay\":true,\"isSelect\":false,\"isGroupBy\":false,\"width\":3},{\"name\":\"description\",\"title\":\"Description\",\"defaultValue\":null,\"options\":[],\"priority\":0,\"dataType\":9,\"isUnique\":false,\"isRequired\":false,\"isDisplay\":false,\"isSelect\":false,\"isGroupBy\":false,\"width\":3}]",
      "type": 1,
      "status": 2,
      "pageSize": 9,
      "lastModified": "2019-07-08T10:23:03.347",
      "createdDateTime": "2019-07-08T10:23:03.347",
      "createdBy": null,
      "modifiedBy": null,
      "data": {
        "items": [],
        "jsonItems": [],
        "pageIndex": 0,
        "page": 1,
        "pageSize": 0,
        "totalItems": 0,
        "totalPage": 1
      },
      "articleId": null,
      "categoryId": 0,
      "isClone": false,
      "cultures": null,
      "priority": 10,
      "specificulture": "en-us"
    },
    {
      "id": 6,
      "name": "socials",
      "image": null,
      "thumbnail": null,
      "template": "Modules/_Banners.cshtml",
      "formTemplate": "Forms/_Subscribe.cshtml",
      "edmTemplate": "Edms/_Default.cshtml",
      "title": "Socials",
      "description": null,
      "fields": "[{\"name\":\"url\",\"title\":\"Url\",\"defaultValue\":null,\"options\":[],\"priority\":0,\"dataType\":7,\"isUnique\":false,\"isRequired\":false,\"isDisplay\":true,\"isSelect\":false,\"isGroupBy\":false,\"width\":3},{\"name\":\"icon\",\"title\":\"Icon\",\"defaultValue\":null,\"options\":[\"fab fa-facebook\",\"fab fa-twitter\",\"fab fa-instagram\",\"fab fa-youtube\"],\"priority\":0,\"dataType\":19,\"isUnique\":false,\"isRequired\":false,\"isDisplay\":true,\"isSelect\":true,\"isGroupBy\":false,\"width\":3},{\"name\":\"title\",\"title\":\"Title\",\"defaultValue\":null,\"options\":[],\"priority\":0,\"dataType\":7,\"isUnique\":false,\"isRequired\":false,\"isDisplay\":true,\"isSelect\":false,\"isGroupBy\":false,\"width\":3},{\"name\":\"description\",\"title\":\"Description\",\"defaultValue\":null,\"options\":[],\"priority\":0,\"dataType\":7,\"isUnique\":false,\"isRequired\":false,\"isDisplay\":false,\"isSelect\":false,\"isGroupBy\":false,\"width\":3}]",
      "type": 1,
      "status": 2,
      "pageSize": null,
      "lastModified": "2018-11-25T13:08:46.607",
      "createdDateTime": "2019-07-08T10:35:27.537",
      "createdBy": null,
      "modifiedBy": null,
      "data": {
        "items": [],
        "jsonItems": [],
        "pageIndex": 0,
        "page": 1,
        "pageSize": 0,
        "totalItems": 0,
        "totalPage": 1
      },
      "articleId": null,
      "categoryId": 0,
      "isClone": false,
      "cultures": null,
      "priority": 2,
      "specificulture": "en-us"
    }
  ]
}
