{"createdBy":null,"specificulture":null,"themeName":null,"posts":[{"mixPostContents":null,"displayName":"aaaa","description":null,"mixTenantId":1,"mixTenant":null,"id":1,"createdDateTime":"2021-11-22T04:33:22.9552127","lastModified":null,"createdBy":null,"modifiedBy":null,"priority":0,"status":"Published"}],"pages":[{"mixPageContents":null,"displayName":"bbbb","description":null,"mixTenantId":1,"mixTenant":null,"id":1,"createdDateTime":"2021-11-22T04:33:29.2522486","lastModified":null,"createdBy":null,"modifiedBy":null,"priority":0,"status":"Published"},{"mixPageContents":null,"displayName":"aaaa","description":null,"mixTenantId":1,"mixTenant":null,"id":2,"createdDateTime":"2021-11-23T10:22:25.7432882","lastModified":null,"createdBy":null,"modifiedBy":null,"priority":0,"status":"Published"}],"modules":[{"type":"Content","mixModuleContents":null,"systemName":"aaaaasda","displayName":"aaaaasda","description":null,"mixTenantId":1,"mixTenant":null,"id":1,"createdDateTime":"2021-11-22T04:33:38.0204922","lastModified":null,"createdBy":null,"modifiedBy":null,"priority":0,"status":"Published"}],"mixDatabases":[{"type":"System","mixDatabaseColumns":[{"systemName":"avatar","displayName":"Avatar","mixDatabaseName":"sysUserData","dataType":"Upload","configurations":"{\"IsEncrypt\":false,\"Upload\":{\"ArrayAccepts\":[],\"Accepts\":\"\",\"IsCrop\":false}}","referenceId":null,"defaultValue":null,"mixDatabaseId":1,"id":1,"createdDateTime":"2021-11-22T04:34:03.088115","lastModified":null,"createdBy":null,"modifiedBy":null,"priority":1,"status":"Published"}],"systemName":"sysUserData","displayName":"User Data","description":null,"mixTenantId":1,"mixTenant":null,"id":1,"createdDateTime":"2021-11-22T04:34:03.0586419","lastModified":null,"createdBy":"admin","modifiedBy":null,"priority":0,"status":"Published"}],"templates":[],"configurations":[],"languages":[],"mixDatabaseColumns":[{"systemName":"avatar","displayName":"Avatar","mixDatabaseName":"sysUserData","dataType":"Upload","configurations":"{\"IsEncrypt\":false,\"Upload\":{\"ArrayAccepts\":[],\"Accepts\":\"\",\"IsCrop\":false}}","referenceId":null,"defaultValue":null,"mixDatabaseId":1,"mixDatabase":{"type":"System","mixDatabaseColumns":[],"systemName":"sysUserData","displayName":"User Data","description":null,"mixTenantId":1,"mixTenant":null,"id":1,"createdDateTime":"2021-11-22T04:34:03.0586419","lastModified":null,"createdBy":"admin","modifiedBy":null,"priority":0,"status":"Published"},"id":1,"createdDateTime":"2021-11-22T04:34:03.088115","lastModified":null,"createdBy":null,"modifiedBy":null,"priority":1,"status":"Published"}],"postContents":[],"pageContents":[{"className":null,"pageSize":null,"type":"Home","mixPage":null,"mixPostContents":null,"mixModuleContents":null,"mixDatabaseName":null,"mixDataContentId":null,"mixDataContent":null,"title":"bbbb","excerpt":null,"content":null,"layout":null,"template":null,"image":null,"source":null,"seoDescription":null,"seoKeywords":"bbbb","seoName":"bbbb","seoTitle":"bbbb","publishedDateTime":null,"specificulture":"en-us","parentId":1,"mixCultureId":1,"mixCulture":null,"id":1,"createdDateTime":"2021-11-22T04:33:29.250269","lastModified":null,"createdBy":"admin","modifiedBy":null,"priority":0,"status":"Published"},{"className":null,"pageSize":null,"type":"System","mixPage":null,"mixPostContents":null,"mixModuleContents":null,"mixDatabaseName":null,"mixDataContentId":null,"mixDataContent":null,"title":"aaaa","excerpt":null,"content":null,"layout":null,"template":null,"image":null,"source":null,"seoDescription":null,"seoKeywords":"aaaa","seoName":"aaaa","seoTitle":"aaaa","publishedDateTime":null,"specificulture":"en-us","parentId":2,"mixCultureId":1,"mixCulture":null,"id":2,"createdDateTime":"2021-11-23T10:22:25.728698","lastModified":null,"createdBy":null,"modifiedBy":null,"priority":0,"status":"Published"}],"moduleContents":[],"configurationContents":[],"languageContents":[],"datas":[{"mixDatabaseId":1,"mixDatabaseName":"","mixDatabase":{"type":"System","mixDatabaseColumns":[{"systemName":"avatar","displayName":"Avatar","mixDatabaseName":"sysUserData","dataType":"Upload","configurations":"{\"IsEncrypt\":false,\"Upload\":{\"ArrayAccepts\":[],\"Accepts\":\"\",\"IsCrop\":false}}","referenceId":null,"defaultValue":null,"mixDatabaseId":1,"id":1,"createdDateTime":"2021-11-22T04:34:03.088115","lastModified":null,"createdBy":null,"modifiedBy":null,"priority":1,"status":"Published"}],"systemName":"sysUserData","displayName":"User Data","description":null,"mixTenantId":1,"mixTenant":null,"id":1,"createdDateTime":"2021-11-22T04:34:03.0586419","lastModified":null,"createdBy":"admin","modifiedBy":null,"priority":0,"status":"Published"},"mixDataContents":null,"id":"f5182fcc-6e1c-4ad8-86a5-1698ee83b125","createdDateTime":"2021-11-22T12:15:07.5135395","lastModified":null,"createdBy":"admin","modifiedBy":null,"priority":0,"status":"Published"}],"dataContents":[{"mixDatabaseId":1,"mixDatabaseName":"sysUserData","mixData":null,"mixDataContentValues":[{"mixDatabaseColumnName":"avatar","mixDatabaseName":"sysUserData","dataType":"Upload","booleanValue":null,"dateTimeValue":null,"doubleValue":null,"integerValue":null,"stringValue":"https:/[CULTURE]/scontent.fsgn1-1.fna.fbcdn.net/v/t1.15752-9/260074966_279540830779295_6316727094091562110_n.png?_nc_cat=106&ccb=1-5&_nc_sid=ae9488&_nc_ohc=Ze5Cc45B3lMAX8EiT6d&_nc_ht=scontent.fsgn1-1.fna&oh=a88871b74b4173a6ae52c7143cf3b9b6&oe=61BF775F","encryptValue":null,"encryptKey":null,"encryptType":"AES","mixDataContentId":"c1c94cda-8727-441f-bcc8-0bd68f9e79eb","mixDatabaseColumnId":1,"mixDatabaseId":1,"mixDatabaseColumn":{"systemName":"avatar","displayName":"Avatar","mixDatabaseName":"sysUserData","dataType":"Upload","configurations":"{\"IsEncrypt\":false,\"Upload\":{\"ArrayAccepts\":[],\"Accepts\":\"\",\"IsCrop\":false}}","referenceId":null,"defaultValue":null,"mixDatabaseId":1,"mixDatabase":{"type":"System","mixDatabaseColumns":[],"systemName":"sysUserData","displayName":"User Data","description":null,"mixTenantId":1,"mixTenant":null,"id":1,"createdDateTime":"2021-11-22T04:34:03.0586419","lastModified":null,"createdBy":"admin","modifiedBy":null,"priority":0,"status":"Published"},"id":1,"createdDateTime":"2021-11-22T04:34:03.088115","lastModified":null,"createdBy":null,"modifiedBy":null,"priority":1,"status":"Published"},"specificulture":"en-us","parentId":"c1c94cda-8727-441f-bcc8-0bd68f9e79eb","mixCultureId":1,"mixCulture":null,"id":"36f81717-b667-481d-acbd-6d5f77e6482b","createdDateTime":"2021-11-22T13:27:09.5029119","lastModified":"2021-11-22T13:31:23.0004606","createdBy":"admin","modifiedBy":null,"priority":1,"status":"Published"}],"title":"c1c94cda-8727-441f-bcc8-0bd68f9e79eb","excerpt":null,"content":"{\"id\":\"c1c94cda-8727-441f-bcc8-0bd68f9e79eb\",\"avatar\":\"https:/[CULTURE]/scontent.fsgn1-1.fna.fbcdn.net/v/t1.15752-9/260074966_279540830779295_6316727094091562110_n.png?_nc_cat=106&ccb=1-5&_nc_sid=ae9488&_nc_ohc=Ze5Cc45B3lMAX8EiT6d&_nc_ht=scontent.fsgn1-1.fna&oh=a88871b74b4173a6ae52c7143cf3b9b6&oe=61BF775F\"}","layout":null,"template":null,"image":null,"source":null,"seoDescription":null,"seoKeywords":null,"seoName":null,"seoTitle":null,"publishedDateTime":null,"specificulture":"en-us","parentId":"4d702422-2b72-4778-b2e2-aff98dde650a","mixCultureId":1,"mixCulture":null,"id":"c1c94cda-8727-441f-bcc8-0bd68f9e79eb","createdDateTime":"2021-11-22T13:27:09.3831789","lastModified":null,"createdBy":"admin","modifiedBy":null,"priority":0,"status":"Published"}],"dataContentValues":[{"mixDatabaseColumnName":"avatar","mixDatabaseName":"sysUserData","dataType":"Upload","booleanValue":null,"dateTimeValue":null,"doubleValue":null,"integerValue":null,"stringValue":"https:/[CULTURE]/scontent.fsgn1-1.fna.fbcdn.net/v/t1.15752-9/260074966_279540830779295_6316727094091562110_n.png?_nc_cat=106&ccb=1-5&_nc_sid=ae9488&_nc_ohc=Ze5Cc45B3lMAX8EiT6d&_nc_ht=scontent.fsgn1-1.fna&oh=a88871b74b4173a6ae52c7143cf3b9b6&oe=61BF775F","encryptValue":null,"encryptKey":null,"encryptType":"AES","mixDataContentId":"8b9de60c-3ae2-4579-b5ba-e29963381dec","mixDatabaseColumnId":1,"mixDatabaseId":1,"mixDataContent":null,"mixDatabaseColumn":{"systemName":"avatar","displayName":"Avatar","mixDatabaseName":"sysUserData","dataType":"Upload","configurations":"{\"IsEncrypt\":false,\"Upload\":{\"ArrayAccepts\":[],\"Accepts\":\"\",\"IsCrop\":false}}","referenceId":null,"defaultValue":null,"mixDatabaseId":1,"mixDatabase":{"type":"System","mixDatabaseColumns":[],"systemName":"sysUserData","displayName":"User Data","description":null,"mixTenantId":1,"mixTenant":null,"id":1,"createdDateTime":"2021-11-22T04:34:03.0586419","lastModified":null,"createdBy":"admin","modifiedBy":null,"priority":0,"status":"Published"},"id":1,"createdDateTime":"2021-11-22T04:34:03.088115","lastModified":null,"createdBy":null,"modifiedBy":null,"priority":1,"status":"Published"},"specificulture":"en-us","parentId":"8b9de60c-3ae2-4579-b5ba-e29963381dec","mixCultureId":1,"mixCulture":null,"id":"f2e170b5-66cb-41e8-8971-756abc01da0d","createdDateTime":"2021-11-22T13:15:36.0652237","lastModified":"2021-11-22T13:15:35.9435477","createdBy":"admin","modifiedBy":null,"priority":1,"status":"Published"},{"mixDatabaseColumnName":"avatar","mixDatabaseName":"sysUserData","dataType":"Upload","booleanValue":null,"dateTimeValue":null,"doubleValue":null,"integerValue":null,"stringValue":"https:/[CULTURE]/scontent.fsgn1-1.fna.fbcdn.net/v/t1.15752-9/260074966_279540830779295_6316727094091562110_n.png?_nc_cat=106&ccb=1-5&_nc_sid=ae9488&_nc_ohc=Ze5Cc45B3lMAX8EiT6d&_nc_ht=scontent.fsgn1-1.fna&oh=a88871b74b4173a6ae52c7143cf3b9b6&oe=61BF775F","encryptValue":null,"encryptKey":null,"encryptType":"AES","mixDataContentId":"0cec5337-54c5-47cc-b19c-d18970a488af","mixDatabaseColumnId":1,"mixDatabaseId":1,"mixDataContent":null,"mixDatabaseColumn":{"systemName":"avatar","displayName":"Avatar","mixDatabaseName":"sysUserData","dataType":"Upload","configurations":"{\"IsEncrypt\":false,\"Upload\":{\"ArrayAccepts\":[],\"Accepts\":\"\",\"IsCrop\":false}}","referenceId":null,"defaultValue":null,"mixDatabaseId":1,"mixDatabase":{"type":"System","mixDatabaseColumns":[],"systemName":"sysUserData","displayName":"User Data","description":null,"mixTenantId":1,"mixTenant":null,"id":1,"createdDateTime":"2021-11-22T04:34:03.0586419","lastModified":null,"createdBy":"admin","modifiedBy":null,"priority":0,"status":"Published"},"id":1,"createdDateTime":"2021-11-22T04:34:03.088115","lastModified":null,"createdBy":null,"modifiedBy":null,"priority":1,"status":"Published"},"specificulture":"en-us","parentId":"0cec5337-54c5-47cc-b19c-d18970a488af","mixCultureId":1,"mixCulture":null,"id":"e25985bc-8779-46ad-9f5e-df4aed19029e","createdDateTime":"2021-11-22T13:22:54.607385","lastModified":"2021-11-22T13:22:54.6057016","createdBy":"admin","modifiedBy":null,"priority":1,"status":"Published"},{"mixDatabaseColumnName":"avatar","mixDatabaseName":"sysUserData","dataType":"Upload","booleanValue":null,"dateTimeValue":null,"doubleValue":null,"integerValue":null,"stringValue":"https:/[CULTURE]/scontent.fsgn1-1.fna.fbcdn.net/v/t1.15752-9/260074966_279540830779295_6316727094091562110_n.png?_nc_cat=106&ccb=1-5&_nc_sid=ae9488&_nc_ohc=Ze5Cc45B3lMAX8EiT6d&_nc_ht=scontent.fsgn1-1.fna&oh=a88871b74b4173a6ae52c7143cf3b9b6&oe=61BF775F","encryptValue":null,"encryptKey":null,"encryptType":"AES","mixDataContentId":"c1c94cda-8727-441f-bcc8-0bd68f9e79eb","mixDatabaseColumnId":1,"mixDatabaseId":1,"mixDataContent":{"mixDatabaseId":1,"mixDatabaseName":"sysUserData","mixData":null,"mixDataContentValues":[],"title":"c1c94cda-8727-441f-bcc8-0bd68f9e79eb","excerpt":null,"content":"{\"id\":\"c1c94cda-8727-441f-bcc8-0bd68f9e79eb\",\"avatar\":\"https:/[CULTURE]/scontent.fsgn1-1.fna.fbcdn.net/v/t1.15752-9/260074966_279540830779295_6316727094091562110_n.png?_nc_cat=106&ccb=1-5&_nc_sid=ae9488&_nc_ohc=Ze5Cc45B3lMAX8EiT6d&_nc_ht=scontent.fsgn1-1.fna&oh=a88871b74b4173a6ae52c7143cf3b9b6&oe=61BF775F\"}","layout":null,"template":null,"image":null,"source":null,"seoDescription":null,"seoKeywords":null,"seoName":null,"seoTitle":null,"publishedDateTime":null,"specificulture":"en-us","parentId":"4d702422-2b72-4778-b2e2-aff98dde650a","mixCultureId":1,"mixCulture":null,"id":"c1c94cda-8727-441f-bcc8-0bd68f9e79eb","createdDateTime":"2021-11-22T13:27:09.3831789","lastModified":null,"createdBy":"admin","modifiedBy":null,"priority":0,"status":"Published"},"mixDatabaseColumn":{"systemName":"avatar","displayName":"Avatar","mixDatabaseName":"sysUserData","dataType":"Upload","configurations":"{\"IsEncrypt\":false,\"Upload\":{\"ArrayAccepts\":[],\"Accepts\":\"\",\"IsCrop\":false}}","referenceId":null,"defaultValue":null,"mixDatabaseId":1,"mixDatabase":{"type":"System","mixDatabaseColumns":[],"systemName":"sysUserData","displayName":"User Data","description":null,"mixTenantId":1,"mixTenant":null,"id":1,"createdDateTime":"2021-11-22T04:34:03.0586419","lastModified":null,"createdBy":"admin","modifiedBy":null,"priority":0,"status":"Published"},"id":1,"createdDateTime":"2021-11-22T04:34:03.088115","lastModified":null,"createdBy":null,"modifiedBy":null,"priority":1,"status":"Published"},"specificulture":"en-us","parentId":"c1c94cda-8727-441f-bcc8-0bd68f9e79eb","mixCultureId":1,"mixCulture":null,"id":"36f81717-b667-481d-acbd-6d5f77e6482b","createdDateTime":"2021-11-22T13:27:09.5029119","lastModified":"2021-11-22T13:31:23.0004606","createdBy":"admin","modifiedBy":null,"priority":1,"status":"Published"}],"dataContentAssociations":[{"mixDatabaseId":1,"mixDatabaseName":"sysUserData","parentType":"User","dataContentId":"c1c94cda-8727-441f-bcc8-0bd68f9e79eb","guidParentId":"4d702422-2b72-4778-b2e2-aff98dde650a","intParentId":0,"specificulture":"en-us","parentId":"00000000-0000-0000-0000-000000000000","mixCultureId":1,"mixCulture":null,"id":"7cfdc894-7691-4161-9f90-1829a2d76fdd","createdDateTime":"2021-11-22T13:27:09.5865853","lastModified":null,"createdBy":null,"modifiedBy":null,"priority":0,"status":"Published"}],"moduleDatas":[],"pagePosts":[],"pageModules":[],"modulePosts":[],"mixUrlAliases":[]}
