{
  "pages": [
    {
      "id": 2,
      "template": "Pages/_Tag.cshtml",
      "thumbnail": null,
      "image": "assets/img/bgs/tag.jpg",
      "icon": null,
      "cssClass": null,
      "layout": "Masters/_Layout.cshtml",
      "title": "Tag",
      "excerpt": null,
      "content": null,
      "seoName": "tag",
      "seoTitle": "tag",
      "seoDescription": "tag",
      "seoKeywords": "tag",
      "source": null,
      "views": null,
      "type": 8,
      "status": 2,
      "createdDateTime": "2019-07-13T01:09:08.167",
      "updatedDateTime": null,
      "createdBy": "admin",
      "tags": null,
      "staticUrl": null,
      "level": 0,
      "lastModified": "2019-07-13T01:41:55.923",
      "modifiedBy": null,
      "pageSize": null,
      "moduleNavs": [],
      "urlAliases": [
        {
          "id": 2,
          "sourceId": "2",
          "type": 0,
          "description": null,
          "status": 2,
          "alias": "tag",
          "createdDateTime": "2019-07-14T06:12:01.727",
          "isClone": false,
          "priority": 0,
          "specificulture": "en-us"
        }
      ],
      "isClone": false,
      "priority": 0,
      "specificulture": "en-us"
    },
    {
      "id": 3,
      "template": "Pages/_Search.cshtml",
      "thumbnail": null,
      "image": "assets/img/bgs/search.jpg",
      "icon": null,
      "cssClass": null,
      "layout": "Masters/_Layout.cshtml",
      "title": "Search",
      "excerpt": null,
      "content": null,
      "seoName": "search",
      "seoTitle": "search",
      "seoDescription": "search",
      "seoKeywords": "search",
      "source": null,
      "views": null,
      "type": 8,
      "status": 2,
      "createdDateTime": "2019-07-13T01:09:08.173",
      "updatedDateTime": null,
      "createdBy": "admin",
      "tags": null,
      "staticUrl": null,
      "level": 0,
      "lastModified": "2019-07-13T01:41:41.72",
      "modifiedBy": null,
      "pageSize": null,
      "moduleNavs": [],
      "urlAliases": [
        {
          "id": 3,
          "sourceId": "3",
          "type": 0,
          "description": null,
          "status": 2,
          "alias": "search",
          "createdDateTime": "2019-07-14T06:12:01.727",
          "isClone": false,
          "priority": 0,
          "specificulture": "en-us"
        }
      ],
      "isClone": false,
      "priority": 0,
      "specificulture": "en-us"
    },
    {
      "id": 4,
      "template": "Pages/_Blank.cshtml",
      "thumbnail": null,
      "image": "assets/img/bgs/404.jpg",
      "icon": null,
      "cssClass": null,
      "layout": "Masters/_Blank.cshtml",
      "title": "404",
      "excerpt": null,
      "content": null,
      "seoName": "404",
      "seoTitle": "404",
      "seoDescription": "404",
      "seoKeywords": "404",
      "source": null,
      "views": null,
      "type": 8,
      "status": 2,
      "createdDateTime": "2019-07-13T01:09:08.177",
      "updatedDateTime": null,
      "createdBy": "admin",
      "tags": null,
      "staticUrl": null,
      "level": 0,
      "lastModified": "2019-07-13T01:43:50.107",
      "modifiedBy": null,
      "pageSize": null,
      "moduleNavs": [],
      "urlAliases": [
        {
          "id": 4,
          "sourceId": "4",
          "type": 0,
          "description": null,
          "status": 2,
          "alias": "404",
          "createdDateTime": "2019-07-14T06:12:01.727",
          "isClone": false,
          "priority": 0,
          "specificulture": "en-us"
        }
      ],
      "isClone": false,
      "priority": 0,
      "specificulture": "en-us"
    },
    {
      "id": 5,
      "template": "Pages/_Blank.cshtml",
      "thumbnail": null,
      "image": "assets/img/bgs/403.png",
      "icon": null,
      "cssClass": null,
      "layout": "Masters/_Blank.cshtml",
      "title": "403",
      "excerpt": null,
      "content": null,
      "seoName": "403",
      "seoTitle": "403",
      "seoDescription": "403",
      "seoKeywords": "403",
      "source": null,
      "views": null,
      "type": 8,
      "status": 2,
      "createdDateTime": "2019-07-13T01:09:08.177",
      "updatedDateTime": null,
      "createdBy": "admin",
      "tags": null,
      "staticUrl": null,
      "level": 0,
      "lastModified": "2019-07-13T01:44:08.35",
      "modifiedBy": null,
      "pageSize": null,
      "moduleNavs": [],
      "urlAliases": [
        {
          "id": 5,
          "sourceId": "5",
          "type": 0,
          "description": null,
          "status": 2,
          "alias": "403",
          "createdDateTime": "2019-07-14T06:12:01.727",
          "isClone": false,
          "priority": 0,
          "specificulture": "en-us"
        }
      ],
      "isClone": false,
      "priority": 0,
      "specificulture": "en-us"
    },
    {
      "id": 6,
      "template": "Pages/_Blank.cshtml",
      "thumbnail": null,
      "image": "assets/img/bgs/500.png",
      "icon": null,
      "cssClass": null,
      "layout": "Masters/_Blank.cshtml",
      "title": "500",
      "excerpt": null,
      "content": null,
      "seoName": "500",
      "seoTitle": "500",
      "seoDescription": "500",
      "seoKeywords": "500",
      "source": null,
      "views": null,
      "type": 8,
      "status": 2,
      "createdDateTime": "2019-07-13T01:09:08.177",
      "updatedDateTime": null,
      "createdBy": "admin",
      "tags": null,
      "staticUrl": null,
      "level": 0,
      "lastModified": "2019-07-13T01:46:15.697",
      "modifiedBy": null,
      "pageSize": null,
      "moduleNavs": [],
      "urlAliases": [
        {
          "id": 6,
          "sourceId": "6",
          "type": 0,
          "description": null,
          "status": 2,
          "alias": "500",
          "createdDateTime": "2019-07-14T06:12:01.727",
          "isClone": false,
          "priority": 0,
          "specificulture": "en-us"
        }
      ],
      "isClone": false,
      "priority": 0,
      "specificulture": "en-us"
    },
    {
      "id": 7,
      "template": "Pages/_Blank.cshtml",
      "thumbnail": null,
      "image": "assets/img/bgs/Maintenance.jpg",
      "icon": null,
      "cssClass": null,
      "layout": "Masters/_Blank.cshtml",
      "title": "Maintenance",
      "excerpt": null,
      "content": null,
      "seoName": "maintenance",
      "seoTitle": "maintenance",
      "seoDescription": "maintenance",
      "seoKeywords": "maintenance",
      "source": null,
      "views": null,
      "type": 8,
      "status": 2,
      "createdDateTime": "2019-07-13T01:09:08.18",
      "updatedDateTime": null,
      "createdBy": "admin",
      "tags": null,
      "staticUrl": null,
      "level": 0,
      "lastModified": "2019-07-13T01:43:34.65",
      "modifiedBy": null,
      "pageSize": null,
      "moduleNavs": [],
      "urlAliases": [
        {
          "id": 7,
          "sourceId": "7",
          "type": 0,
          "description": null,
          "status": 2,
          "alias": "maintenance",
          "createdDateTime": "2019-07-14T06:12:01.727",
          "isClone": false,
          "priority": 0,
          "specificulture": "en-us"
        }
      ],
      "isClone": false,
      "priority": 0,
      "specificulture": "en-us"
    },
    {
      "id": 1,
      "template": "Pages/_Blank.cshtml",
      "thumbnail": null,
      "image": "assets/img/bgs/home.jpeg",
      "icon": null,
      "cssClass": null,
      "layout": "Masters/_Layout.cshtml",
      "title": "Home",
      "excerpt": null,
      "content": null,
      "seoName": "home",
      "seoTitle": "home",
      "seoDescription": "home",
      "seoKeywords": "home",
      "source": null,
      "views": null,
      "type": 3,
      "status": 2,
      "createdDateTime": "2019-07-13T01:09:08.05",
      "updatedDateTime": null,
      "createdBy": "admin",
      "tags": null,
      "staticUrl": null,
      "level": 0,
      "lastModified": "2019-07-14T01:40:03.397",
      "modifiedBy": null,
      "pageSize": null,
      "moduleNavs": [],
      "urlAliases": [
        {
          "id": 1,
          "sourceId": "1",
          "type": 0,
          "description": null,
          "status": 2,
          "alias": "home",
          "createdDateTime": "2019-07-14T06:12:01.707",
          "isClone": false,
          "priority": 0,
          "specificulture": "en-us"
        }
      ],
      "isClone": false,
      "priority": 0,
      "specificulture": "en-us"
    }
  ],
  "modules": [],
  "attributeSets": [
    {
      "id": 1,
      "ReferenceId": null,
      "type": 0,
      "title": "Menu Item",
      "name": "sys_menu_item",
      "description": null,
      "formTemplate": "Forms/_Blank.cshtml",
      "edmTemplate": "Edms/_Blank.cshtml",
      "edmSubject": null,
      "edmFrom": null,
      "edmAutoSend": null,
      "createdDateTime": "2019-12-21T07:12:38.373",
      "status": 2,
      "fields": [
        {
          "id": 1,
          "attributeSetId": 1,
          "attributeSetName": "sys_menu_item",
          "referenceId": null,
          "regex": null,
          "title": "Title",
          "dataType": 7,
          "defaultValue": null,
          "options": null,
          "name": "title",
          "isRequire": true,
          "isEncrypt": false,
          "isSelect": false,
          "isUnique": false,
          "status": 2,
          "createdDateTime": "2019-11-02T04:54:35.07",
          "isClone": false,
          "cultures": null,
          "priority": 0,
          "specificulture": null
        },
        {
          "id": 2,
          "attributeSetId": 1,
          "attributeSetName": "sys_menu_item",
          "referenceId": null,
          "regex": null,
          "title": "Uri",
          "dataType": 7,
          "defaultValue": null,
          "options": null,
          "name": "uri",
          "isRequire": true,
          "isEncrypt": false,
          "isSelect": false,
          "isUnique": false,
          "status": 2,
          "createdDateTime": "2019-11-02T04:54:35.24",
          "isClone": false,
          "cultures": null,
          "priority": 1,
          "specificulture": null
        },
        {
          "id": 27,
          "attributeSetId": 1,
          "attributeSetName": "sys_menu_item",
          "referenceId": null,
          "regex": null,
          "title": "Icon",
          "dataType": 19,
          "defaultValue": null,
          "options": [],
          "name": "icon",
          "isRequire": false,
          "isEncrypt": false,
          "isSelect": false,
          "isUnique": false,
          "status": 2,
          "createdDateTime": "2019-12-21T08:18:12.13",
          "isClone": false,
          "cultures": null,
          "priority": 2,
          "specificulture": null
        },
        {
          "id": 13,
          "attributeSetId": 1,
          "attributeSetName": "sys_menu_item",
          "referenceId": null,
          "regex": null,
          "title": "Type",
          "dataType": 7,
          "defaultValue": "Uri",
          "options": [
            {
              "value": "Uri",
              "dataType": 7
            },
            {
              "value": "Page",
              "dataType": 7
            },
            {
              "value": "Post",
              "dataType": 7
            }
          ],
          "name": "type",
          "isRequire": false,
          "isEncrypt": false,
          "isSelect": true,
          "isUnique": false,
          "status": 2,
          "createdDateTime": "2019-11-09T05:56:45.447",
          "isClone": false,
          "cultures": null,
          "priority": 3,
          "specificulture": null
        },
        {
          "id": 10,
          "attributeSetId": 1,
          "attributeSetName": "sys_menu_item",
          "referenceId": null,
          "regex": null,
          "title": "Target",
          "dataType": 7,
          "defaultValue": "_top",
          "options": [
            {
              "value": "_blank",
              "dataType": 7
            },
            {
              "value": "_self",
              "dataType": 7
            },
            {
              "value": "_parent",
              "dataType": 7
            },
            {
              "value": "_top",
              "dataType": 7
            },
            {
              "value": "framename",
              "dataType": 7
            }
          ],
          "name": "target",
          "isRequire": false,
          "isEncrypt": false,
          "isSelect": true,
          "isUnique": false,
          "status": 2,
          "createdDateTime": "2019-11-09T04:59:07.743",
          "isClone": false,
          "cultures": null,
          "priority": 4,
          "specificulture": null
        },
        {
          "id": 11,
          "attributeSetId": 1,
          "attributeSetName": "sys_menu_item",
          "referenceId": null,
          "regex": null,
          "title": "Classes",
          "dataType": 7,
          "defaultValue": null,
          "options": null,
          "name": "classes",
          "isRequire": false,
          "isEncrypt": false,
          "isSelect": false,
          "isUnique": false,
          "status": 2,
          "createdDateTime": "2019-11-09T04:59:07.793",
          "isClone": false,
          "cultures": null,
          "priority": 5,
          "specificulture": null
        },
        {
          "id": 12,
          "attributeSetId": 1,
          "attributeSetName": "sys_menu_item",
          "referenceId": null,
          "regex": null,
          "title": "Description",
          "dataType": 9,
          "defaultValue": null,
          "options": null,
          "name": "description",
          "isRequire": false,
          "isEncrypt": false,
          "isSelect": false,
          "isUnique": false,
          "status": 2,
          "createdDateTime": "2019-11-09T04:59:07.83",
          "isClone": false,
          "cultures": null,
          "priority": 6,
          "specificulture": null
        },
        {
          "id": 24,
          "attributeSetId": 1,
          "attributeSetName": "sys_menu_item",
          "referenceId": 1,
          "regex": null,
          "title": "Menu Items",
          "dataType": 23,
          "defaultValue": null,
          "options": null,
          "name": "menu_items",
          "isRequire": false,
          "isEncrypt": false,
          "isSelect": false,
          "isUnique": false,
          "status": 2,
          "createdDateTime": "2019-12-17T13:29:02.05",
          "isClone": false,
          "cultures": null,
          "priority": 7,
          "specificulture": null
        },
        {
          "id": 37,
          "attributeSetId": 1,
          "attributeSetName": null,
          "referenceId": null,
          "regex": null,
          "title": "Alt",
          "dataType": 7,
          "defaultValue": null,
          "options": [],
          "name": "alt",
          "isRequire": false,
          "isEncrypt": false,
          "isSelect": false,
          "isUnique": false,
          "status": 2,
          "createdDateTime": "2020-01-02T11:47:33.04",
          "isClone": false,
          "cultures": null,
          "priority": 9,
          "specificulture": null
        },
        {
          "id": 38,
          "attributeSetId": 1,
          "attributeSetName": null,
          "referenceId": null,
          "regex": null,
          "title": "Hreflang",
          "dataType": 7,
          "defaultValue": null,
          "options": [],
          "name": "hreflang",
          "isRequire": false,
          "isEncrypt": false,
          "isSelect": false,
          "isUnique": false,
          "status": 2,
          "createdDateTime": "2020-01-02T11:47:33.09",
          "isClone": false,
          "cultures": null,
          "priority": 10,
          "specificulture": null
        },
        {
          "id": 41,
          "attributeSetId": 1,
          "attributeSetName": null,
          "referenceId": null,
          "regex": null,
          "title": "Rel",
          "dataType": 7,
          "defaultValue": null,
          "options": [
            {
              "value": "next",
              "dataType": 7
            },
            {
              "value": "nofollow",
              "dataType": 7
            },
            {
              "value": "noreferrer",
              "dataType": 7
            },
            {
              "value": "prev",
              "dataType": 7
            }
          ],
          "name": "rel",
          "isRequire": false,
          "isEncrypt": false,
          "isSelect": true,
          "isUnique": false,
          "status": 2,
          "createdDateTime": "2020-01-02T13:07:26.583",
          "isClone": false,
          "cultures": null,
          "priority": 10,
          "specificulture": null
        }
      ],
      "isExportData": true,
      "isClone": false,
      "cultures": null,
      "priority": 0,
      "specificulture": null
    },
    {
      "id": 2,
      "ReferenceId": null,
      "type": 0,
      "title": "Navigation",
      "name": "sys_navigation",
      "description": null,
      "formTemplate": "Forms/_Blank.cshtml",
      "edmTemplate": "Edms/_Blank.cshtml",
      "edmSubject": null,
      "edmFrom": null,
      "edmAutoSend": null,
      "createdDateTime": "2019-12-21T07:12:39.187",
      "status": 2,
      "fields": [
        {
          "id": 25,
          "attributeSetId": 2,
          "attributeSetName": "sys_navigation",
          "referenceId": null,
          "regex": null,
          "title": "Title",
          "dataType": 7,
          "defaultValue": null,
          "options": [],
          "name": "title",
          "isRequire": true,
          "isEncrypt": false,
          "isSelect": false,
          "isUnique": false,
          "status": 2,
          "createdDateTime": "2019-12-21T07:12:39.303",
          "isClone": false,
          "cultures": null,
          "priority": 0,
          "specificulture": null
        },
        {
          "id": 23,
          "attributeSetId": 2,
          "attributeSetName": "sys_navigation",
          "referenceId": null,
          "regex": null,
          "title": "Name",
          "dataType": 7,
          "defaultValue": null,
          "options": null,
          "name": "name",
          "isRequire": true,
          "isEncrypt": false,
          "isSelect": false,
          "isUnique": false,
          "status": 2,
          "createdDateTime": "2019-12-17T13:19:42.663",
          "isClone": false,
          "cultures": null,
          "priority": 1,
          "specificulture": null
        },
        {
          "id": 26,
          "attributeSetId": 2,
          "attributeSetName": "sys_navigation",
          "referenceId": 1,
          "regex": null,
          "title": "Menu Items",
          "dataType": 23,
          "defaultValue": null,
          "options": [],
          "name": "menu_items",
          "isRequire": false,
          "isEncrypt": false,
          "isSelect": false,
          "isUnique": false,
          "status": 2,
          "createdDateTime": "2019-12-21T07:12:39.407",
          "isClone": false,
          "cultures": null,
          "priority": 2,
          "specificulture": null
        }
      ],
      "isExportData": true,
      "isClone": false,
      "cultures": null,
      "priority": 0,
      "specificulture": null
    },
    {
      "id": 3,
      "ReferenceId": null,
      "type": 0,
      "title": "Page",
      "name": "sys_additional_field_page",
      "description": null,
      "formTemplate": "Forms/_Blank.cshtml",
      "edmTemplate": "Edms/_Blank.cshtml",
      "edmSubject": null,
      "edmFrom": null,
      "edmAutoSend": null,
      "createdDateTime": "2019-12-21T07:12:39.437",
      "status": 2,
      "fields": [],
      "isExportData": true,
      "isClone": false,
      "cultures": null,
      "priority": 0,
      "specificulture": null
    },
    {
      "id": 4,
      "ReferenceId": null,
      "type": 0,
      "title": "Module",
      "name": "sys_additional_field_module",
      "description": null,
      "formTemplate": "Forms/_Blank.cshtml",
      "edmTemplate": "Edms/_Blank.cshtml",
      "edmSubject": null,
      "edmFrom": null,
      "edmAutoSend": null,
      "createdDateTime": "2019-12-21T07:12:39.467",
      "status": 2,
      "fields": [],
      "isExportData": true,
      "isClone": false,
      "cultures": null,
      "priority": 0,
      "specificulture": null
    },
    {
      "id": 5,
      "ReferenceId": null,
      "type": 0,
      "title": "Post",
      "name": "sys_additional_field_post",
      "description": null,
      "formTemplate": "Forms/_Blank.cshtml",
      "edmTemplate": "Edms/_Blank.cshtml",
      "edmSubject": null,
      "edmFrom": null,
      "edmAutoSend": null,
      "createdDateTime": "2019-12-21T07:12:39.503",
      "status": 2,
      "fields": [],
      "isExportData": true,
      "isClone": false,
      "cultures": null,
      "priority": 0,
      "specificulture": null
    },
    {
      "id": 6,
      "ReferenceId": null,
      "type": 0,
      "title": "Additional Field",
      "name": "sys_additional_field",
      "description": null,
      "formTemplate": "Forms/_Blank.cshtml",
      "edmTemplate": "Edms/_Blank.cshtml",
      "edmSubject": null,
      "edmFrom": null,
      "edmAutoSend": null,
      "createdDateTime": "2019-12-22T02:27:18.56",
      "status": 2,
      "fields": [
        {
          "id": 28,
          "attributeSetId": 6,
          "attributeSetName": "addictional_field",
          "referenceId": null,
          "regex": null,
          "title": "Title",
          "dataType": 7,
          "defaultValue": null,
          "options": null,
          "name": "title",
          "isRequire": false,
          "isEncrypt": false,
          "isSelect": false,
          "isUnique": false,
          "status": 0,
          "createdDateTime": "2019-12-22T04:30:27.533",
          "isClone": false,
          "cultures": null,
          "priority": 1,
          "specificulture": null
        },
        {
          "id": 32,
          "attributeSetId": 6,
          "attributeSetName": "additional_field",
          "referenceId": null,
          "regex": null,
          "title": "Title",
          "dataType": 7,
          "defaultValue": null,
          "options": null,
          "name": "title",
          "isRequire": false,
          "isEncrypt": false,
          "isSelect": false,
          "isUnique": false,
          "status": 0,
          "createdDateTime": "2019-12-24T05:35:37.3",
          "isClone": false,
          "cultures": null,
          "priority": 1,
          "specificulture": null
        },
        {
          "id": 34,
          "attributeSetId": 6,
          "attributeSetName": "sys_additional_field",
          "referenceId": null,
          "regex": null,
          "title": "Title",
          "dataType": 7,
          "defaultValue": null,
          "options": null,
          "name": "title",
          "isRequire": false,
          "isEncrypt": false,
          "isSelect": false,
          "isUnique": false,
          "status": 0,
          "createdDateTime": "2019-12-25T11:18:35.473",
          "isClone": false,
          "cultures": null,
          "priority": 1,
          "specificulture": null
        },
        {
          "id": 29,
          "attributeSetId": 6,
          "attributeSetName": "addictional_field",
          "referenceId": null,
          "regex": null,
          "title": "Excerpt",
          "dataType": 9,
          "defaultValue": null,
          "options": null,
          "name": "excerpt",
          "isRequire": false,
          "isEncrypt": false,
          "isSelect": false,
          "isUnique": false,
          "status": 0,
          "createdDateTime": "2019-12-22T04:30:27.637",
          "isClone": false,
          "cultures": null,
          "priority": 2,
          "specificulture": null
        },
        {
          "id": 33,
          "attributeSetId": 6,
          "attributeSetName": "additional_field",
          "referenceId": null,
          "regex": null,
          "title": "Excerpt",
          "dataType": 9,
          "defaultValue": null,
          "options": null,
          "name": "excerpt",
          "isRequire": false,
          "isEncrypt": false,
          "isSelect": false,
          "isUnique": false,
          "status": 0,
          "createdDateTime": "2019-12-24T05:35:37.467",
          "isClone": false,
          "cultures": null,
          "priority": 2,
          "specificulture": null
        },
        {
          "id": 35,
          "attributeSetId": 6,
          "attributeSetName": "sys_additional_field",
          "referenceId": null,
          "regex": null,
          "title": "Excerpt",
          "dataType": 9,
          "defaultValue": null,
          "options": null,
          "name": "excerpt",
          "isRequire": false,
          "isEncrypt": false,
          "isSelect": false,
          "isUnique": false,
          "status": 0,
          "createdDateTime": "2019-12-25T11:18:35.697",
          "isClone": false,
          "cultures": null,
          "priority": 2,
          "specificulture": null
        },
        {
          "id": 30,
          "attributeSetId": 6,
          "attributeSetName": "addictional_field",
          "referenceId": null,
          "regex": null,
          "title": "Uri",
          "dataType": 7,
          "defaultValue": null,
          "options": null,
          "name": "uri",
          "isRequire": false,
          "isEncrypt": false,
          "isSelect": false,
          "isUnique": false,
          "status": 0,
          "createdDateTime": "2019-12-22T04:30:27.713",
          "isClone": false,
          "cultures": null,
          "priority": 3,
          "specificulture": null
        },
        {
          "id": 31,
          "attributeSetId": 6,
          "attributeSetName": "addictional_field",
          "referenceId": null,
          "regex": null,
          "title": null,
          "dataType": 7,
          "defaultValue": null,
          "options": null,
          "name": "uri",
          "isRequire": false,
          "isEncrypt": false,
          "isSelect": false,
          "isUnique": false,
          "status": 0,
          "createdDateTime": "2019-12-22T04:34:56.697",
          "isClone": false,
          "cultures": null,
          "priority": 3,
          "specificulture": null
        },
        {
          "id": 36,
          "attributeSetId": 6,
          "attributeSetName": "sys_additional_field",
          "referenceId": null,
          "regex": null,
          "title": "Uri",
          "dataType": 7,
          "defaultValue": null,
          "options": null,
          "name": "uri",
          "isRequire": false,
          "isEncrypt": false,
          "isSelect": false,
          "isUnique": false,
          "status": 0,
          "createdDateTime": "2019-12-25T11:18:35.84",
          "isClone": false,
          "cultures": null,
          "priority": 3,
          "specificulture": null
        }
      ],
      "isExportData": true,
      "isClone": false,
      "cultures": null,
      "priority": 1,
      "specificulture": null
    },
    {
      "id": 7,
      "ReferenceId": null,
      "type": 0,
      "title": "Category",
      "name": "sys_category",
      "description": null,
      "formTemplate": null,
      "edmTemplate": null,
      "edmSubject": null,
      "edmFrom": null,
      "edmAutoSend": null,
      "createdDateTime": "2020-01-09T08:45:16.957",
      "status": 2,
      "fields": [
        {
          "id": 42,
          "attributeSetId": 7,
          "attributeSetName": "sys_category",
          "referenceId": null,
          "regex": null,
          "title": "Title",
          "dataType": 7,
          "defaultValue": null,
          "options": [],
          "name": "title",
          "isRequire": true,
          "isEncrypt": false,
          "isSelect": false,
          "isUnique": true,
          "status": 2,
          "createdDateTime": "2020-01-09T08:45:17.01",
          "isClone": false,
          "cultures": null,
          "priority": 1,
          "specificulture": null
        },
        {
          "id": 43,
          "attributeSetId": 7,
          "attributeSetName": "sys_category",
          "referenceId": null,
          "regex": null,
          "title": "Slug",
          "dataType": 7,
          "defaultValue": null,
          "options": [],
          "name": "slug",
          "isRequire": true,
          "isEncrypt": false,
          "isSelect": false,
          "isUnique": true,
          "status": 2,
          "createdDateTime": "2020-01-09T08:45:47.2",
          "isClone": false,
          "cultures": null,
          "priority": 2,
          "specificulture": null
        },
        {
          "id": 44,
          "attributeSetId": 7,
          "attributeSetName": "sys_category",
          "referenceId": null,
          "regex": null,
          "title": "Type",
          "dataType": 7,
          "defaultValue": "Post",
          "options": [
            {
              "value": "Post",
              "dataType": 7
            },
            {
              "value": "Page",
              "dataType": 7
            },
            {
              "value": "Module",
              "dataType": 7
            }
          ],
          "name": "type",
          "isRequire": false,
          "isEncrypt": false,
          "isSelect": true,
          "isUnique": false,
          "status": 2,
          "createdDateTime": "2020-01-09T08:46:17.24",
          "isClone": false,
          "cultures": null,
          "priority": 3,
          "specificulture": null
        },
        {
          "id": 45,
          "attributeSetId": 7,
          "attributeSetName": "sys_category",
          "referenceId": null,
          "regex": null,
          "title": "Icon",
          "dataType": 19,
          "defaultValue": null,
          "options": [],
          "name": "icon",
          "isRequire": false,
          "isEncrypt": false,
          "isSelect": false,
          "isUnique": false,
          "status": 2,
          "createdDateTime": "2020-01-09T08:46:47.287",
          "isClone": false,
          "cultures": null,
          "priority": 4,
          "specificulture": null
        },
        {
          "id": 46,
          "attributeSetId": 7,
          "attributeSetName": "sys_category",
          "referenceId": null,
          "regex": null,
          "title": "Description",
          "dataType": 9,
          "defaultValue": null,
          "options": [],
          "name": "description",
          "isRequire": false,
          "isEncrypt": false,
          "isSelect": false,
          "isUnique": false,
          "status": 2,
          "createdDateTime": "2020-01-09T08:47:17.327",
          "isClone": false,
          "cultures": null,
          "priority": 5,
          "specificulture": null
        }
      ],
      "isExportData": true,
      "isClone": false,
      "cultures": null,
      "priority": 2,
      "specificulture": null
    },
    {
      "id": 8,
      "ReferenceId": null,
      "type": 0,
      "title": "Tag",
      "name": "sys_tag",
      "description": null,
      "formTemplate": "Forms/_Blank.cshtml",
      "edmTemplate": "Edms/_Blank.cshtml",
      "edmSubject": null,
      "edmFrom": null,
      "edmAutoSend": null,
      "createdDateTime": "2020-01-09T08:50:56.447",
      "status": 2,
      "fields": [
        {
          "id": 47,
          "attributeSetId": 8,
          "attributeSetName": "sys_tag",
          "referenceId": null,
          "regex": null,
          "title": "Title",
          "dataType": 7,
          "defaultValue": null,
          "options": [],
          "name": "title",
          "isRequire": true,
          "isEncrypt": false,
          "isSelect": false,
          "isUnique": true,
          "status": 2,
          "createdDateTime": "2020-01-09T08:50:56.503",
          "isClone": false,
          "cultures": null,
          "priority": 1,
          "specificulture": null
        },
        {
          "id": 48,
          "attributeSetId": 8,
          "attributeSetName": "sys_tag",
          "referenceId": null,
          "regex": null,
          "title": "Slug",
          "dataType": 7,
          "defaultValue": null,
          "options": [],
          "name": "slug",
          "isRequire": true,
          "isEncrypt": false,
          "isSelect": false,
          "isUnique": true,
          "status": 2,
          "createdDateTime": "2020-01-09T08:51:26.613",
          "isClone": false,
          "cultures": null,
          "priority": 2,
          "specificulture": null
        },
        {
          "id": 49,
          "attributeSetId": 8,
          "attributeSetName": "sys_tag",
          "referenceId": null,
          "regex": null,
          "title": "Type",
          "dataType": 7,
          "defaultValue": "Post",
          "options": [],
          "name": "type",
          "isRequire": false,
          "isEncrypt": false,
          "isSelect": false,
          "isUnique": false,
          "status": 2,
          "createdDateTime": "2020-01-09T08:51:56.643",
          "isClone": false,
          "cultures": null,
          "priority": 3,
          "specificulture": null
        }
      ],
      "isExportData": true,
      "isClone": false,
      "cultures": null,
      "priority": 3,
      "specificulture": null
    }
  ],
  "themeName": "hanasaki"
}