{"CreatedBy":null,"Specificulture":null,"ThemeName":null,"Posts":[{"MixPostContents":null,"DisplayName":"aaaa","Description":null,"MixTenantId":1,"MixTenant":null,"Id":1,"CreatedDateTime":"2021-11-22T04:33:22.9552127","LastModified":null,"CreatedBy":null,"ModifiedBy":null,"Priority":0,"Status":2}],"Pages":[{"MixPageContents":null,"DisplayName":"bbbb","Description":null,"MixTenantId":1,"MixTenant":null,"Id":1,"CreatedDateTime":"2021-11-22T04:33:29.2522486","LastModified":null,"CreatedBy":null,"ModifiedBy":null,"Priority":0,"Status":2},{"MixPageContents":null,"DisplayName":"aaaa","Description":null,"MixTenantId":1,"MixTenant":null,"Id":2,"CreatedDateTime":"2021-11-23T10:22:25.7432882","LastModified":null,"CreatedBy":null,"ModifiedBy":null,"Priority":0,"Status":2}],"Modules":[{"Type":0,"MixModuleContents":null,"SystemName":"aaaaasda","DisplayName":"aaaaasda","Description":null,"MixTenantId":1,"MixTenant":null,"Id":1,"CreatedDateTime":"2021-11-22T04:33:38.0204922","LastModified":null,"CreatedBy":null,"ModifiedBy":null,"Priority":0,"Status":2}],"MixDatabases":[{"Type":0,"MixDatabaseColumns":[{"SystemName":"avatar","DisplayName":"Avatar","MixDatabaseName":"sysUserData","DataType":16,"Configurations":"{\"IsEncrypt\":false,\"Upload\":{\"ArrayAccepts\":[],\"Accepts\":\"\",\"IsCrop\":false}}","ReferenceId":null,"DefaultValue":null,"MixDatabaseId":1,"Id":1,"CreatedDateTime":"2021-11-22T04:34:03.088115","LastModified":null,"CreatedBy":null,"ModifiedBy":null,"Priority":1,"Status":2}],"SystemName":"sysUserData","DisplayName":"User Data","Description":null,"MixTenantId":1,"MixTenant":null,"Id":1,"CreatedDateTime":"2021-11-22T04:34:03.0586419","LastModified":null,"CreatedBy":"admin","ModifiedBy":null,"Priority":0,"Status":2}],"Templates":[],"Configurations":[],"Languages":[],"MixDatabaseColumns":[{"SystemName":"avatar","DisplayName":"Avatar","MixDatabaseName":"sysUserData","DataType":16,"Configurations":"{\"IsEncrypt\":false,\"Upload\":{\"ArrayAccepts\":[],\"Accepts\":\"\",\"IsCrop\":false}}","ReferenceId":null,"DefaultValue":null,"MixDatabaseId":1,"MixDatabase":{"Type":0,"MixDatabaseColumns":[],"SystemName":"sysUserData","DisplayName":"User Data","Description":null,"MixTenantId":1,"MixTenant":null,"Id":1,"CreatedDateTime":"2021-11-22T04:34:03.0586419","LastModified":null,"CreatedBy":"admin","ModifiedBy":null,"Priority":0,"Status":2},"Id":1,"CreatedDateTime":"2021-11-22T04:34:03.088115","LastModified":null,"CreatedBy":null,"ModifiedBy":null,"Priority":1,"Status":2}],"PostContents":[],"PageContents":[{"ClassName":null,"PageSize":null,"Type":1,"MixPage":null,"MixPostContents":null,"MixModuleContents":null,"MixDatabaseName":null,"MixDataContentId":null,"MixDataContent":null,"Title":"bbbb","Excerpt":null,"Content":null,"Layout":null,"Template":null,"Image":null,"Source":null,"SeoDescription":null,"SeoKeywords":"bbbb","SeoName":"bbbb","SeoTitle":"bbbb","PublishedDateTime":null,"Specificulture":"en-us","ParentId":1,"MixCultureId":1,"MixCulture":null,"Id":1,"CreatedDateTime":"2021-11-22T04:33:29.250269","LastModified":null,"CreatedBy":"admin","ModifiedBy":null,"Priority":0,"Status":2},{"ClassName":null,"PageSize":null,"Type":0,"MixPage":null,"MixPostContents":null,"MixModuleContents":null,"MixDatabaseName":null,"MixDataContentId":null,"MixDataContent":null,"Title":"aaaa","Excerpt":null,"Content":null,"Layout":null,"Template":null,"Image":null,"Source":null,"SeoDescription":null,"SeoKeywords":"aaaa","SeoName":"aaaa","SeoTitle":"aaaa","PublishedDateTime":null,"Specificulture":"en-us","ParentId":2,"MixCultureId":1,"MixCulture":null,"Id":2,"CreatedDateTime":"2021-11-23T10:22:25.728698","LastModified":null,"CreatedBy":null,"ModifiedBy":null,"Priority":0,"Status":2}],"ModuleContents":[],"ConfigurationContents":[],"LanguageContents":[],"Datas":[{"MixDatabaseId":1,"MixDatabaseName":"","MixDatabase":{"Type":0,"MixDatabaseColumns":[{"SystemName":"avatar","DisplayName":"Avatar","MixDatabaseName":"sysUserData","DataType":16,"Configurations":"{\"IsEncrypt\":false,\"Upload\":{\"ArrayAccepts\":[],\"Accepts\":\"\",\"IsCrop\":false}}","ReferenceId":null,"DefaultValue":null,"MixDatabaseId":1,"Id":1,"CreatedDateTime":"2021-11-22T04:34:03.088115","LastModified":null,"CreatedBy":null,"ModifiedBy":null,"Priority":1,"Status":2}],"SystemName":"sysUserData","DisplayName":"User Data","Description":null,"MixTenantId":1,"MixTenant":null,"Id":1,"CreatedDateTime":"2021-11-22T04:34:03.0586419","LastModified":null,"CreatedBy":"admin","ModifiedBy":null,"Priority":0,"Status":2},"MixDataContents":null,"Id":"f5182fcc-6e1c-4ad8-86a5-1698ee83b125","CreatedDateTime":"2021-11-22T12:15:07.5135395","LastModified":null,"CreatedBy":"admin","ModifiedBy":null,"Priority":0,"Status":2}],"DataContents":[{"MixDatabaseId":1,"MixDatabaseName":"sysUserData","MixData":null,"MixDataContentValues":[{"MixDatabaseColumnName":"avatar","MixDatabaseName":"sysUserData","DataType":16,"BooleanValue":null,"DateTimeValue":null,"DoubleValue":null,"IntegerValue":null,"StringValue":"https:/[CULTURE]/scontent.fsgn1-1.fna.fbcdn.net/v/t1.15752-9/260074966_279540830779295_6316727094091562110_n.png?_nc_cat=106&ccb=1-5&_nc_sid=ae9488&_nc_ohc=Ze5Cc45B3lMAX8EiT6d&_nc_ht=scontent.fsgn1-1.fna&oh=a88871b74b4173a6ae52c7143cf3b9b6&oe=61BF775F","EncryptValue":null,"EncryptKey":null,"EncryptType":0,"MixDataContentId":"c1c94cda-8727-441f-bcc8-0bd68f9e79eb","MixDatabaseColumnId":1,"MixDatabaseId":1,"MixDatabaseColumn":{"SystemName":"avatar","DisplayName":"Avatar","MixDatabaseName":"sysUserData","DataType":16,"Configurations":"{\"IsEncrypt\":false,\"Upload\":{\"ArrayAccepts\":[],\"Accepts\":\"\",\"IsCrop\":false}}","ReferenceId":null,"DefaultValue":null,"MixDatabaseId":1,"MixDatabase":{"Type":0,"MixDatabaseColumns":[],"SystemName":"sysUserData","DisplayName":"User Data","Description":null,"MixTenantId":1,"MixTenant":null,"Id":1,"CreatedDateTime":"2021-11-22T04:34:03.0586419","LastModified":null,"CreatedBy":"admin","ModifiedBy":null,"Priority":0,"Status":2},"Id":1,"CreatedDateTime":"2021-11-22T04:34:03.088115","LastModified":null,"CreatedBy":null,"ModifiedBy":null,"Priority":1,"Status":2},"Specificulture":"en-us","ParentId":"c1c94cda-8727-441f-bcc8-0bd68f9e79eb","MixCultureId":1,"MixCulture":null,"Id":"36f81717-b667-481d-acbd-6d5f77e6482b","CreatedDateTime":"2021-11-22T13:27:09.5029119","LastModified":"2021-11-22T13:31:23.0004606","CreatedBy":"admin","ModifiedBy":null,"Priority":1,"Status":2}],"Title":"c1c94cda-8727-441f-bcc8-0bd68f9e79eb","Excerpt":null,"Content":"{\"id\":\"c1c94cda-8727-441f-bcc8-0bd68f9e79eb\",\"avatar\":\"https:/[CULTURE]/scontent.fsgn1-1.fna.fbcdn.net/v/t1.15752-9/260074966_279540830779295_6316727094091562110_n.png?_nc_cat=106&ccb=1-5&_nc_sid=ae9488&_nc_ohc=Ze5Cc45B3lMAX8EiT6d&_nc_ht=scontent.fsgn1-1.fna&oh=a88871b74b4173a6ae52c7143cf3b9b6&oe=61BF775F\"}","Layout":null,"Template":null,"Image":null,"Source":null,"SeoDescription":null,"SeoKeywords":null,"SeoName":null,"SeoTitle":null,"PublishedDateTime":null,"Specificulture":"en-us","ParentId":"4d702422-2b72-4778-b2e2-aff98dde650a","MixCultureId":1,"MixCulture":null,"Id":"c1c94cda-8727-441f-bcc8-0bd68f9e79eb","CreatedDateTime":"2021-11-22T13:27:09.3831789","LastModified":null,"CreatedBy":"admin","ModifiedBy":null,"Priority":0,"Status":2}],"DataContentValues":[{"MixDatabaseColumnName":"avatar","MixDatabaseName":"sysUserData","DataType":16,"BooleanValue":null,"DateTimeValue":null,"DoubleValue":null,"IntegerValue":null,"StringValue":"https:/[CULTURE]/scontent.fsgn1-1.fna.fbcdn.net/v/t1.15752-9/260074966_279540830779295_6316727094091562110_n.png?_nc_cat=106&ccb=1-5&_nc_sid=ae9488&_nc_ohc=Ze5Cc45B3lMAX8EiT6d&_nc_ht=scontent.fsgn1-1.fna&oh=a88871b74b4173a6ae52c7143cf3b9b6&oe=61BF775F","EncryptValue":null,"EncryptKey":null,"EncryptType":0,"MixDataContentId":"8b9de60c-3ae2-4579-b5ba-e29963381dec","MixDatabaseColumnId":1,"MixDatabaseId":1,"MixDataContent":null,"MixDatabaseColumn":{"SystemName":"avatar","DisplayName":"Avatar","MixDatabaseName":"sysUserData","DataType":16,"Configurations":"{\"IsEncrypt\":false,\"Upload\":{\"ArrayAccepts\":[],\"Accepts\":\"\",\"IsCrop\":false}}","ReferenceId":null,"DefaultValue":null,"MixDatabaseId":1,"MixDatabase":{"Type":0,"MixDatabaseColumns":[],"SystemName":"sysUserData","DisplayName":"User Data","Description":null,"MixTenantId":1,"MixTenant":null,"Id":1,"CreatedDateTime":"2021-11-22T04:34:03.0586419","LastModified":null,"CreatedBy":"admin","ModifiedBy":null,"Priority":0,"Status":2},"Id":1,"CreatedDateTime":"2021-11-22T04:34:03.088115","LastModified":null,"CreatedBy":null,"ModifiedBy":null,"Priority":1,"Status":2},"Specificulture":"en-us","ParentId":"8b9de60c-3ae2-4579-b5ba-e29963381dec","MixCultureId":1,"MixCulture":null,"Id":"f2e170b5-66cb-41e8-8971-756abc01da0d","CreatedDateTime":"2021-11-22T13:15:36.0652237","LastModified":"2021-11-22T13:15:35.9435477","CreatedBy":"admin","ModifiedBy":null,"Priority":1,"Status":2},{"MixDatabaseColumnName":"avatar","MixDatabaseName":"sysUserData","DataType":16,"BooleanValue":null,"DateTimeValue":null,"DoubleValue":null,"IntegerValue":null,"StringValue":"https:/[CULTURE]/scontent.fsgn1-1.fna.fbcdn.net/v/t1.15752-9/260074966_279540830779295_6316727094091562110_n.png?_nc_cat=106&ccb=1-5&_nc_sid=ae9488&_nc_ohc=Ze5Cc45B3lMAX8EiT6d&_nc_ht=scontent.fsgn1-1.fna&oh=a88871b74b4173a6ae52c7143cf3b9b6&oe=61BF775F","EncryptValue":null,"EncryptKey":null,"EncryptType":0,"MixDataContentId":"0cec5337-54c5-47cc-b19c-d18970a488af","MixDatabaseColumnId":1,"MixDatabaseId":1,"MixDataContent":null,"MixDatabaseColumn":{"SystemName":"avatar","DisplayName":"Avatar","MixDatabaseName":"sysUserData","DataType":16,"Configurations":"{\"IsEncrypt\":false,\"Upload\":{\"ArrayAccepts\":[],\"Accepts\":\"\",\"IsCrop\":false}}","ReferenceId":null,"DefaultValue":null,"MixDatabaseId":1,"MixDatabase":{"Type":0,"MixDatabaseColumns":[],"SystemName":"sysUserData","DisplayName":"User Data","Description":null,"MixTenantId":1,"MixTenant":null,"Id":1,"CreatedDateTime":"2021-11-22T04:34:03.0586419","LastModified":null,"CreatedBy":"admin","ModifiedBy":null,"Priority":0,"Status":2},"Id":1,"CreatedDateTime":"2021-11-22T04:34:03.088115","LastModified":null,"CreatedBy":null,"ModifiedBy":null,"Priority":1,"Status":2},"Specificulture":"en-us","ParentId":"0cec5337-54c5-47cc-b19c-d18970a488af","MixCultureId":1,"MixCulture":null,"Id":"e25985bc-8779-46ad-9f5e-df4aed19029e","CreatedDateTime":"2021-11-22T13:22:54.607385","LastModified":"2021-11-22T13:22:54.6057016","CreatedBy":"admin","ModifiedBy":null,"Priority":1,"Status":2},{"MixDatabaseColumnName":"avatar","MixDatabaseName":"sysUserData","DataType":16,"BooleanValue":null,"DateTimeValue":null,"DoubleValue":null,"IntegerValue":null,"StringValue":"https:/[CULTURE]/scontent.fsgn1-1.fna.fbcdn.net/v/t1.15752-9/260074966_279540830779295_6316727094091562110_n.png?_nc_cat=106&ccb=1-5&_nc_sid=ae9488&_nc_ohc=Ze5Cc45B3lMAX8EiT6d&_nc_ht=scontent.fsgn1-1.fna&oh=a88871b74b4173a6ae52c7143cf3b9b6&oe=61BF775F","EncryptValue":null,"EncryptKey":null,"EncryptType":0,"MixDataContentId":"c1c94cda-8727-441f-bcc8-0bd68f9e79eb","MixDatabaseColumnId":1,"MixDatabaseId":1,"MixDataContent":{"MixDatabaseId":1,"MixDatabaseName":"sysUserData","MixData":null,"MixDataContentValues":[],"Title":"c1c94cda-8727-441f-bcc8-0bd68f9e79eb","Excerpt":null,"Content":"{\"id\":\"c1c94cda-8727-441f-bcc8-0bd68f9e79eb\",\"avatar\":\"https:/[CULTURE]/scontent.fsgn1-1.fna.fbcdn.net/v/t1.15752-9/260074966_279540830779295_6316727094091562110_n.png?_nc_cat=106&ccb=1-5&_nc_sid=ae9488&_nc_ohc=Ze5Cc45B3lMAX8EiT6d&_nc_ht=scontent.fsgn1-1.fna&oh=a88871b74b4173a6ae52c7143cf3b9b6&oe=61BF775F\"}","Layout":null,"Template":null,"Image":null,"Source":null,"SeoDescription":null,"SeoKeywords":null,"SeoName":null,"SeoTitle":null,"PublishedDateTime":null,"Specificulture":"en-us","ParentId":"4d702422-2b72-4778-b2e2-aff98dde650a","MixCultureId":1,"MixCulture":null,"Id":"c1c94cda-8727-441f-bcc8-0bd68f9e79eb","CreatedDateTime":"2021-11-22T13:27:09.3831789","LastModified":null,"CreatedBy":"admin","ModifiedBy":null,"Priority":0,"Status":2},"MixDatabaseColumn":{"SystemName":"avatar","DisplayName":"Avatar","MixDatabaseName":"sysUserData","DataType":16,"Configurations":"{\"IsEncrypt\":false,\"Upload\":{\"ArrayAccepts\":[],\"Accepts\":\"\",\"IsCrop\":false}}","ReferenceId":null,"DefaultValue":null,"MixDatabaseId":1,"MixDatabase":{"Type":0,"MixDatabaseColumns":[],"SystemName":"sysUserData","DisplayName":"User Data","Description":null,"MixTenantId":1,"MixTenant":null,"Id":1,"CreatedDateTime":"2021-11-22T04:34:03.0586419","LastModified":null,"CreatedBy":"admin","ModifiedBy":null,"Priority":0,"Status":2},"Id":1,"CreatedDateTime":"2021-11-22T04:34:03.088115","LastModified":null,"CreatedBy":null,"ModifiedBy":null,"Priority":1,"Status":2},"Specificulture":"en-us","ParentId":"c1c94cda-8727-441f-bcc8-0bd68f9e79eb","MixCultureId":1,"MixCulture":null,"Id":"36f81717-b667-481d-acbd-6d5f77e6482b","CreatedDateTime":"2021-11-22T13:27:09.5029119","LastModified":"2021-11-22T13:31:23.0004606","CreatedBy":"admin","ModifiedBy":null,"Priority":1,"Status":2}],"DataContentAssociations":[{"MixDatabaseId":1,"MixDatabaseName":"sysUserData","ParentType":4,"DataContentId":"c1c94cda-8727-441f-bcc8-0bd68f9e79eb","GuidParentId":"4d702422-2b72-4778-b2e2-aff98dde650a","IntParentId":0,"Specificulture":"en-us","ParentId":"00000000-0000-0000-0000-000000000000","MixCultureId":1,"MixCulture":null,"Id":"7cfdc894-7691-4161-9f90-1829a2d76fdd","CreatedDateTime":"2021-11-22T13:27:09.5865853","LastModified":null,"CreatedBy":null,"ModifiedBy":null,"Priority":0,"Status":2}],"ModuleDatas":[],"PagePosts":[],"PageModules":[],"ModulePosts":[],"MixUrlAliases":[]}
