{"createdBy":null,"specificulture":null,"themeName":null,"posts":[{"mixPostContents":null,"displayName":"asdas","description":null,"mixTenantId":1,"mixTenant":null,"id":1,"createdDateTime":"2021-11-28T07:14:37.4107389","lastModified":null,"createdBy":null,"modifiedBy":null,"priority":0,"status":"Published"},{"mixPostContents":null,"displayName":"post 2","description":null,"mixTenantId":1,"mixTenant":null,"id":2,"createdDateTime":"2021-11-28T07:15:06.9124685","lastModified":null,"createdBy":null,"modifiedBy":null,"priority":0,"status":"Published"}],"pages":[{"mixPageContents":null,"displayName":"Page 1","description":null,"mixTenantId":1,"mixTenant":null,"id":1,"createdDateTime":"2021-11-28T07:06:31.3959538","lastModified":null,"createdBy":null,"modifiedBy":null,"priority":0,"status":"Published"},{"mixPageContents":null,"displayName":"Page 2","description":null,"mixTenantId":1,"mixTenant":null,"id":2,"createdDateTime":"2021-11-28T07:06:38.2900506","lastModified":null,"createdBy":null,"modifiedBy":null,"priority":0,"status":"Published"}],"modules":[{"type":"Content","mixModuleContents":null,"systemName":"afasdfa","displayName":"afasdfa","description":null,"mixTenantId":1,"mixTenant":null,"id":1,"createdDateTime":"2021-11-28T06:46:24.3397869","lastModified":null,"createdBy":null,"modifiedBy":null,"priority":0,"status":"Published"}],"mixDatabases":[{"type":"System","mixDatabaseColumns":null,"systemName":"sysUserData","displayName":"User Data","description":null,"mixTenantId":1,"mixTenant":null,"id":1,"createdDateTime":"2021-11-28T07:06:23.8618015","lastModified":null,"createdBy":null,"modifiedBy":null,"priority":0,"status":"Published"}],"templates":[],"configurations":[],"languages":[],"mixDatabaseColumns":[{"systemName":"avatar","displayName":"Avatar","mixDatabaseName":"sysUserData","dataType":"Upload","configurations":"{\"IsEncrypt\":false,\"Upload\":{\"ArrayAccepts\":[],\"Accepts\":\"\",\"IsCrop\":false}}","referenceId":null,"defaultValue":null,"mixDatabaseId":1,"mixDatabase":null,"id":1,"createdDateTime":"2021-11-28T07:06:24.1563282","lastModified":null,"createdBy":null,"modifiedBy":null,"priority":1,"status":"Published"}],"postContents":[{"className":null,"mixPost":null,"mixPages":null,"mixPostContents":null,"mixDatabaseName":null,"mixDataContentId":null,"mixDataContent":null,"title":"asdas","excerpt":null,"content":null,"layout":null,"template":null,"image":null,"source":null,"seoDescription":null,"seoKeywords":null,"seoName":null,"seoTitle":null,"publishedDateTime":null,"specificulture":"en-us","parentId":1,"mixCultureId":1,"mixCulture":null,"id":1,"createdDateTime":"2021-11-28T07:14:37.4043756","lastModified":null,"createdBy":"admin","modifiedBy":null,"priority":0,"status":"Published"},{"className":null,"mixPost":null,"mixPages":null,"mixPostContents":null,"mixDatabaseName":null,"mixDataContentId":null,"mixDataContent":null,"title":"post 2","excerpt":null,"content":null,"layout":null,"template":null,"image":null,"source":null,"seoDescription":null,"seoKeywords":null,"seoName":null,"seoTitle":null,"publishedDateTime":null,"specificulture":"en-us","parentId":2,"mixCultureId":1,"mixCulture":null,"id":2,"createdDateTime":"2021-11-28T07:15:06.9122405","lastModified":null,"createdBy":"admin","modifiedBy":null,"priority":0,"status":"Published"}],"pageContents":[{"className":null,"pageSize":null,"type":"System","mixPage":null,"mixPostContents":null,"mixModuleContents":null,"mixDatabaseName":null,"mixDataContentId":null,"mixDataContent":null,"title":"Page 1","excerpt":null,"content":null,"layout":null,"template":null,"image":null,"source":null,"seoDescription":null,"seoKeywords":null,"seoName":null,"seoTitle":null,"publishedDateTime":null,"specificulture":"en-us","parentId":1,"mixCultureId":1,"mixCulture":null,"id":1,"createdDateTime":"2021-11-28T07:06:31.3881414","lastModified":null,"createdBy":null,"modifiedBy":null,"priority":0,"status":"Published"},{"className":null,"pageSize":null,"type":"System","mixPage":null,"mixPostContents":null,"mixModuleContents":null,"mixDatabaseName":null,"mixDataContentId":null,"mixDataContent":null,"title":"Page 2","excerpt":null,"content":null,"layout":null,"template":null,"image":null,"source":null,"seoDescription":null,"seoKeywords":null,"seoName":null,"seoTitle":null,"publishedDateTime":null,"specificulture":"en-us","parentId":2,"mixCultureId":1,"mixCulture":null,"id":2,"createdDateTime":"2021-11-28T07:06:38.289811","lastModified":null,"createdBy":null,"modifiedBy":null,"priority":0,"status":"Published"}],"moduleContents":[{"systemName":"afasdfa","className":null,"pageSize":null,"type":"Content","mixModule":null,"mixPostContents":null,"mixDatabaseName":null,"mixDataContentId":null,"mixDataContent":null,"title":"afasdfa","excerpt":null,"content":null,"layout":null,"template":null,"image":"/mix-app/assets/img/image_placeholder.jpg","source":null,"seoDescription":null,"seoKeywords":null,"seoName":null,"seoTitle":null,"publishedDateTime":null,"specificulture":"en-us","parentId":1,"mixCultureId":1,"mixCulture":null,"id":1,"createdDateTime":"2021-11-28T06:46:24.3317124","lastModified":null,"createdBy":"admin","modifiedBy":null,"priority":0,"status":"Published"}],"configurationContents":[],"languageContents":[],"datas":[],"dataContents":[],"dataContentValues":[],"dataContentAssociations":[],"moduleDatas":[],"pagePosts":[],"pageModules":[],"modulePosts":[],"mixUrlAliases":[]}
